Reading,Load [17.6 N],Time [sec.]
1,0,0
2,0,0.099
3,0,0.2
4,0,0.299
5,0,0.4
6,0,0.5
7,0,0.599
8,0,0.699
9,0,0.799
10,0,0.9
11,0,0.999
12,0,1.1
13,0,1.201
14,0,1.3
15,0,1.4
16,0,1.501
17,0,1.599
18,0,1.699
19,0,1.802
20,0,1.899
21,0,1.999
22,0,2.1
23,0,2.2
24,0,2.299
25,0,2.399
26,0,2.499
27,0,2.6
28,0,2.699
29,0,2.8
30,0,2.899
31,0,2.999
32,0,3.099
33,0,3.199
34,0,3.3
35,0,3.399
36,0,3.5
37,0,3.599
38,0,3.699
39,0,3.798
40,0,3.9
41,0,3.999
42,0,4.1
43,0,4.199
44,0,4.302
45,0,4.399
46,0,4.499
47,0,4.6
48,0,4.7
49,0,4.8
50,0,4.899
51,0,5
52,0,5.099
53,0,5.2
54,0,5.3
55,0,5.399
56,0,5.499
57,0,5.599
58,0,5.699
59,0,5.799
60,0,5.899
61,0,6
62,0,6.099
63,0,6.199
64,0,6.301
65,0,6.399
66,0,6.499
67,0,6.599
68,0,6.699
69,0,6.799
70,0,6.899
71,0,6.999
72,0,7.099
73,0,7.199
74,0,7.299
75,0,7.399
76,0,7.5
77,0,7.599
78,0,7.699
79,0,7.798
80,0,7.899
81,0,7.999
82,0,8.099
83,0,8.199
84,0,8.299
85,0,8.4
86,0,8.5
87,0,8.6
88,0,8.7
89,0,8.8
90,0,8.899
91,0,8.999
92,0,9.099
93,0,9.199
94,0,9.299
95,0,9.399
96,0,9.499
97,0,9.599
98,0,9.699
99,0,9.799
100,0,9.898
101,0,9.999
102,0,10.099
103,0,10.199
104,0,10.299
105,0,10.399
106,0,10.499
107,0,10.6
108,0,10.698
109,0,10.801
110,0,10.899
111,0,10.998
112,0,11.098
113,0,11.199
114,0,11.299
115,0,11.401
116,0,11.5
117,0,11.599
118,0,11.699
119,0,11.799
120,0,11.899
121,0,12
122,0,12.1
123,0,12.2
124,0,12.302
125,0,12.399
126,0,12.5
127,0,12.6
128,0,12.699
129,0,12.801
130,0,12.899
131,0,13
132,0,13.1
133,0,13.199
134,0,13.3
135,0,13.402
136,0,13.5
137,0,13.6
138,0,13.7
139,0,13.798
140,0,13.9
141,0,14
142,0,14.1
143,0,14.2
144,0,14.3
145,0,14.4
146,0,14.5
147,0,14.599
148,0,14.7
149,0,14.8
150,0,14.9
151,0,15
152,0,15.1
153,0,15.198
154,0,15.3
155,0,15.4
156,0,15.5
157,0,15.601
158,0,15.7
159,0,15.8
160,0,15.899
161,0,16
162,0,16.098
163,0,16.207
164,0,16.304
165,0,16.4
166,0,16.499
167,0,16.601
168,0,16.7
169,0,16.798
170,0,16.899
171,0,17.001
172,0,17.1
173,0,17.198
174,0,17.3
175,0,17.399
176,0,17.499
177,0,17.599
178,0,17.698
179,0,17.8
180,0,17.9
181,0,18
182,0,18.099
183,0,18.199
184,0,18.299
185,0,18.399
186,0,18.499
187,0,18.599
188,0,18.699
189,0,18.799
190,0,18.899
191,0,18.999
192,0,19.1
193,0,19.199
194,0,19.299
195,0,19.4
196,0,19.499
197,0,19.599
198,0,19.699
199,0,19.799
200,0,19.899
201,0,19.999
202,0,20.1
203,0,20.2
204,0,20.299
205,0,20.4
206,0,20.499
207,0,20.599
208,0,20.699
209,0,20.799
210,0,20.899
211,0,20.998
212,0,21.099
213,0,21.199
214,0,21.299
215,0,21.399
216,0,21.498
217,0,21.599
218,0,21.699
219,0,21.799
220,0,21.899
221,0,21.999
222,0,22.099
223,0,22.199
224,0,22.299
225,0,22.4
226,0,22.499
227,0,22.599
228,0,22.699
229,0,22.801
230,0,22.899
231,0,22.998
232,0,23.098
233,0,23.198
234,0,23.299
235,0,23.398
236,0,23.5
237,0,23.598
238,0,23.698
239,0,23.8
240,0,23.899
241,0,23.998
242,0,24.099
243,0,24.198
244,0,24.3
245,0,24.398
246,0,24.498
247,0,24.599
248,0,24.703
249,0,24.8
250,0,24.899
251,0,25
252,0,25.099
253,0,25.199
254,0,25.299
255,0,25.399
256,0,25.499
257,0,25.6
258,0,25.702
259,0,25.8
260,0,25.899
261,0,25.999
262,0,26.099
263,0,26.199
264,0,26.299
265,0,26.4
266,0,26.499
267,0,26.599
268,0,26.699
269,0,26.799
270,0,26.899
271,0,27
272,0,27.099
273,0,27.198
274,0,27.3
275,0,27.399
276,0,27.5
277,0,27.599
278,0,27.7
279,0,27.803
280,0,27.9
281,0,28.007
282,0,28.1
283,0,28.201
284,0,28.299
285,0,28.4
286,0,28.499
287,0,28.599
288,0,28.699
289,0,28.799
290,0,28.899
291,0,28.999
292,0,29.099
293,0,29.199
294,0,29.3
295,0,29.401
296,0,29.498
297,0,29.599
298,0,29.699
299,0,29.799
300,0,29.899
301,0,29.999
302,0,30.098
303,0,30.198
304,0,30.299
305,0,30.398
306,0,30.498
307,0,30.598
308,0,30.698
309,0,30.799
310,0,30.899
311,0,30.999
312,0,31.1
313,0,31.199
314,0,31.299
315,0,31.399
316,0,31.499
317,0,31.599
318,0,31.701
319,0,31.799
320,0,31.898
321,0,31.999
322,0,32.1
323,0,32.199
324,0,32.299
325,0,32.399
326,0,32.499
327,0,32.599
328,0,32.699
329,0,32.799
330,0,32.899
331,0,32.999
332,0,33.099
333,0,33.199
334,0,33.299
335,0,33.399
336,0,33.499
337,0,33.599
338,0,33.699
339,0,33.799
340,0,33.899
341,0,33.999
342,0,34.099
343,0,34.199
344,0,34.299
345,0,34.399
346,0,34.499
347,0,34.599
348,0,34.699
349,0,34.799
350,0,34.899
351,0,34.999
352,0,35.099
353,0,35.199
354,0,35.299
355,0,35.4
356,0,35.499
357,0,35.599
358,0,35.699
359,0,35.799
360,0,35.899
361,0,36
362,0,36.099
363,0,36.199
364,0,36.299
365,0,36.4
366,0,36.499
367,0,36.6
368,0,36.699
369,0,36.8
370,0,36.899
371,0,36.999
372,0,37.099
373,0,37.199
374,0,37.299
375,0,37.399
376,0,37.5
377,0,37.601
378,0,37.699
379,0,37.799
380,0,37.898
381,0,38
382,0,38.098
383,0,38.199
384,0,38.299
385,0,38.399
386,0,38.499
387,0,38.6
388,0,38.699
389,0,38.799
390,0,38.899
391,0,38.999
392,0,39.098
393,0,39.199
394,0,39.299
395,0,39.399
396,0,39.498
397,0,39.599
398,0,39.699
399,0,39.798
400,0,39.899
401,0,39.999
402,0,40.099
403,0,40.199
404,0,40.3
405,0,40.399
406,0,40.499
407,0,40.599
408,0,40.698
409,0,40.8
410,0,40.899
411,0,40.999
412,0,41.099
413,0,41.2
414,0,41.302
415,0,41.398
416,0,41.499
417,0,41.602
418,0,41.699
419,0,41.799
420,0,41.899
421,0,41.999
422,0,42.099
423,0,42.199
424,0,42.299
425,0,42.399
426,0,42.499
427,0,42.599
428,0,42.699
429,0,42.8
430,0,42.899
431,0,42.999
432,0,43.099
433,0,43.199
434,0,43.298
435,0,43.399
436,0,43.5
437,0,43.599
438,0,43.698
439,0,43.799
440,0,43.898
441,0,43.998
442,0,44.099
443,0,44.199
444,0,44.299
445,0,44.399
446,0,44.5
447,0,44.599
448,0,44.699
449,0,44.799
450,0,44.899
451,0,44.999
452,0,45.099
453,0,45.199
454,0,45.299
455,0,45.399
456,0,45.499
457,0,45.599
458,0,45.699
459,0,45.799
460,0,45.899
461,0,45.998
462,0,46.099
463,0,46.198
464,0,46.3
465,0,46.4
466,0,46.499
467,0,46.599
468,0,46.7
469,0,46.799
470,0,46.899
471,0,46.999
472,0,47.099
473,0,47.199
474,0,47.299
475,0,47.399
476,0,47.5
477,0,47.598
478,0,47.699
479,0,47.799
480,0,47.899
481,0,47.999
482,0,48.099
483,0,48.199
484,0,48.299
485,0,48.399
486,0,48.499
487,0,48.599
488,0,48.699
489,0,48.798
490,0,48.899
491,0,48.999
492,0,49.099
493,0,49.199
494,0,49.299
495,0,49.399
496,0,49.499
497,0,49.599
498,0,49.699
499,0,49.798
500,0,49.899
501,0,49.999
502,0,50.099
503,0,50.2
504,0,50.299
505,0,50.4
506,0,50.5
507,0,50.623
508,0,50.706
509,0,50.805
510,0,50.902
511,0,51
512,0,51.101
513,0,51.209
514,0,51.3
515,0,51.399
516,0,51.499
517,0,51.598
518,0,51.699
519,0,51.799
520,0,51.899
521,0,51.998
522,0,52.099
523,0,52.198
524,0,52.3
525,0,52.399
526,0,52.499
527,0,52.599
528,0,52.699
529,0,52.798
530,0,52.898
531,0,52.999
532,0,53.099
533,0,53.199
534,0,53.299
535,0,53.399
536,0,53.499
537,0,53.599
538,0,53.699
539,0,53.799
540,0,53.9
541,0,53.999
542,-2.8,54.099
543,-9.6,54.201
544,-16.8,54.298
545,-22.2,54.4
546,-22.2,54.499
547,-28.6,54.599
548,-35.6,54.698
549,-42.6,54.8
550,-48.8,54.899
551,-52.4,54.999
552,-52.4,55.099
553,-54.2,55.198
554,-54.2,55.3
555,-53.8,55.399
556,-53.2,55.499
557,-52.8,55.599
558,-52.8,55.699
559,-52.2,55.799
560,-51.8,55.899
561,-51.4,55.999
562,-51.2,56.098
563,-50.8,56.199
564,-50.8,56.299
565,-50.6,56.399
566,-50.4,56.499
567,-50.2,56.599
568,-50,56.7
569,-50,56.799
570,-50,56.899
571,-49.8,56.999
572,-49.6,57.1
573,-49.4,57.199
574,-49.4,57.3
575,-49.4,57.4
576,-49.2,57.5
577,-49.2,57.6
578,-49,57.7
579,-49,57.8
580,-48.8,57.9
581,-48.8,57.999
582,-48.8,58.099
583,-48.6,58.201
584,-48.6,58.299
585,-48.6,58.399
586,-48.4,58.499
587,-48.4,58.6
588,-48.4,58.699
589,-48.4,58.799
590,-48.2,58.899
591,-48.2,59
592,-48.2,59.099
593,-48.2,59.199
594,-48,59.3
595,-48,59.4
596,-48,59.5
597,-48,59.599
598,-48,59.7
599,-47.8,59.8
600,-47.8,59.9
601,-47.8,60
602,-47.8,60.1
603,-47.6,60.2
604,-47.6,60.3
605,-47.6,60.401
606,-47.6,60.5
607,-47.6,60.599
608,-47.6,60.7
609,-47.4,60.801
610,-47.4,60.899
611,-47.4,61
612,-47.4,61.1
613,-47.4,61.199
614,-47.4,61.3
615,-47.2,61.4
616,-47.2,61.5
617,-47.2,61.6
618,-47.2,61.7
619,-47.2,61.799
620,-47.2,61.9
621,-47.2,62
622,-47,62.099
623,-47,62.2
624,-47,62.3
625,-47,62.402
626,-47,62.5
627,-47,62.599
628,-47,62.699
629,-47,62.799
630,-47,62.899
631,-46.8,62.999
632,-46.8,63.099
633,-46.8,63.199
634,-46.8,63.299
635,-46.8,63.399
636,-46.8,63.499
637,-46.6,63.599
638,-46.6,63.698
639,-46.6,63.8
640,-46.6,63.899
641,-46.6,63.999
642,-46.6,64.098
643,-46.6,64.198
644,-46.6,64.299
645,-46.6,64.4
646,-46.6,64.499
647,-46.6,64.599
648,-46.4,64.698
649,-46.4,64.8
650,-46.4,64.899
651,-46.4,64.999
652,-46.4,65.099
653,-46.4,65.199
654,-46.4,65.299
655,-46.4,65.399
656,-46.4,65.5
657,-46.4,65.599
658,-46.4,65.699
659,-46.2,65.799
660,-46.2,65.899
661,-46.2,65.999
662,-46.2,66.098
663,-46.2,66.205
664,-46.2,66.301
665,-46.2,66.4
666,-46.2,66.5
667,-46.2,66.599
668,-46.2,66.7
669,-46.2,66.8
670,-46.2,66.9
671,-46.2,67
672,-46,67.1
673,-46,67.2
674,-46,67.3
675,-46,67.426
676,-46,67.5
677,-46,67.599
678,-46,67.701
679,-46,67.799
680,-46,67.899
681,-46,67.999
682,-46,68.099
683,-46,68.199
684,-45.8,68.299
685,-45.8,68.399
686,-45.8,68.499
687,-45.8,68.599
688,-45.8,68.699
689,-45.8,68.799
690,-45.8,68.899
691,-45.8,68.999
692,-45.8,69.099
693,-45.8,69.199
694,-45.8,69.299
695,-45.8,69.399
696,-45.8,69.499
697,-45.8,69.599
698,-45.8,69.699
699,-45.8,69.799
700,-45.6,69.901
701,-45.6,69.999
702,-45.6,70.099
703,-45.6,70.199
704,-45.6,70.299
705,-45.6,70.399
706,-45.6,70.5
707,-45.6,70.599
708,-45.6,70.7
709,-45.6,70.8
710,-45.6,70.9
711,-45.6,71
712,-45.6,71.1
713,-45.6,71.199
714,-45.6,71.3
715,-45.6,71.399
716,-45.6,71.501
717,-45.4,71.6
718,-45.4,71.698
719,-45.4,71.801
720,-45.4,71.901
721,-45.4,72
722,-45.4,72.1
723,-45.4,72.2
724,-45.4,72.3
725,-45.4,72.401
726,-45.4,72.5
727,-45.4,72.599
728,-45.4,72.7
729,-45.4,72.8
730,-45.4,72.9
731,-45.4,72.999
732,-45.4,73.1
733,-45.4,73.2
734,-45.4,73.299
735,-45.4,73.399
736,-45.4,73.499
737,-45.4,73.599
738,-45.2,73.699
739,-45.2,73.8
740,-45.2,73.904
741,-45.2,74
742,-45.2,74.099
743,-45.2,74.2
744,-45.2,74.299
745,-45.2,74.402
746,-45.2,74.499
747,-45.2,74.599
748,-45.2,74.7
749,-45.2,74.801
750,-45.2,74.9
751,-45.2,74.999
752,-45.2,75.099
753,-45.2,75.199
754,-45.2,75.299
755,-45.2,75.399
756,-45.2,75.5
757,-45.2,75.599
758,-45.2,75.699
759,-45.2,75.799
760,-45.2,75.899
761,-45,75.999
762,-45,76.099
763,-45,76.199
764,-45,76.299
765,-45,76.399
766,-45,76.5
767,-45,76.599
768,-45,76.7
769,-45,76.799
770,-45,76.899
771,-45,77
772,-45,77.099
773,-45,77.2
774,-45,77.299
775,-45,77.399
776,-45,77.499
777,-45,77.6
778,-45,77.7
779,-45,77.799
780,-45,77.9
781,-45,78
782,-45,78.099
783,-45,78.199
784,-44.8,78.3
785,-44.8,78.4
786,-44.8,78.499
787,-44.8,78.599
788,-44.8,78.699
789,-44.8,78.8
790,-44.8,78.9
791,-44.8,78.999
792,-44.8,79.099
793,-44.8,79.199
794,-44.8,79.299
795,-44.8,79.4
796,-44.8,79.5
797,-44.8,79.599
798,-44.8,79.7
799,-44.8,79.799
800,-44.8,79.899
801,-44.8,80
802,-44.8,80.1
803,-44.8,80.201
804,-44.8,80.3
805,-44.8,80.399
806,-44.8,80.5
807,-44.8,80.599
808,-44.8,80.7
809,-44.8,80.8
810,-44.8,80.902
811,-44.8,81
812,-44.8,81.1
813,-44.6,81.201
814,-44.6,81.299
815,-44.6,81.4
816,-44.6,81.499
817,-44.6,81.599
818,-44.6,81.699
819,-44.6,81.799
820,-44.6,81.9
821,-44.6,81.999
822,-44.6,82.099
823,-44.6,82.199
824,-44.6,82.3
825,-44.6,82.4
826,-44.6,82.499
827,-44.6,82.599
828,-44.6,82.699
829,-44.6,82.799
830,-44.6,82.9
831,-44.6,83
832,-44.6,83.1
833,-44.6,83.2
834,-44.6,83.301
835,-44.6,83.399
836,-44.6,83.5
837,-44.6,83.6
838,-44.6,83.699
839,-44.6,83.8
840,-44.6,83.9
841,-44.6,83.999
842,-44.6,84.1
843,-44.6,84.2
844,-44.4,84.3
845,-44.6,84.399
846,-44.6,84.499
847,-44.4,84.6
848,-44.4,84.7
849,-44.4,84.8
850,-44.4,84.9
851,-44.4,85
852,-44.4,85.101
853,-44.4,85.2
854,-44.4,85.299
855,-44.4,85.4
856,-44.4,85.5
857,-44.4,85.6
858,-44.4,85.7
859,-44.4,85.8
860,-44.4,85.9
861,-44.4,86
862,-44.4,86.099
863,-44.4,86.2
864,-44.4,86.3
865,-44.4,86.4
866,-44.4,86.5
867,-44.4,86.599
868,-44.4,86.7
869,-44.4,86.798
870,-44.4,86.9
871,-44.4,86.999
872,-44.4,87.1
873,-44.4,87.199
874,-44.4,87.3
875,-44.4,87.399
876,-44.4,87.499
877,-44.4,87.599
878,-44.4,87.7
879,-44.4,87.801
880,-44.4,87.9
881,-44.4,87.999
882,-44.4,88.099
883,-44.4,88.199
884,-44.4,88.299
885,-44.2,88.399
886,-44.2,88.499
887,-44.2,88.599
888,-44.2,88.699
889,-44.2,88.8
890,-44.2,88.899
891,-44.2,89.001
892,-44.2,89.1
893,-44.2,89.199
894,-44.2,89.299
895,-44.2,89.399
896,-44.2,89.5
897,-44.2,89.599
898,-44.2,89.698
899,-44.2,89.8
900,-44.2,89.908
901,-44.2,90.012
902,-44.2,90.101
903,-44.2,90.204
904,-44.2,90.302
905,-44.2,90.401
906,-44.2,90.498
907,-44.2,90.599
908,-44.2,90.699
909,-44.2,90.799
910,-44.2,90.899
911,-44.2,90.999
912,-44.2,91.1
913,-44.2,91.205
914,-44.2,91.302
915,-44.2,91.399
916,-44.2,91.498
917,-44.2,91.625
918,-44.2,91.701
919,-44.2,91.8
920,-44.2,91.899
921,-44.2,92
922,-44.2,92.099
923,-44.2,92.199
924,-44.2,92.3
925,-44,92.399
926,-44,92.499
927,-44,92.599
928,-44,92.699
929,-44,92.801
930,-44,92.899
931,-44,93
932,-44,93.098
933,-44,93.199
934,-44,93.299
935,-44,93.399
936,-44,93.498
937,-44,93.611
938,-44,93.701
939,-44,93.799
940,-44,93.898
941,-44,93.999
942,-44,94.099
943,-44,94.198
944,-44,94.3
945,-44,94.399
946,-44,94.499
947,-44,94.598
948,-44,94.7
949,-44,94.8
950,-44,94.9
951,-44,95
952,-44,95.099
953,-44,95.199
954,-44,95.299
955,-44,95.399
956,-44,95.511
957,-44,95.6
958,-44,95.698
959,-44,95.8
960,-44,95.898
961,-44,95.999
962,-44,96.098
963,-44,96.204
964,-44,96.3
965,-44,96.404
966,-44,96.5
967,-44,96.6
968,-44,96.7
969,-44,96.799
970,-44,96.904
971,-44,97
972,-44,97.099
973,-44,97.199
974,-44,97.302
975,-43.8,97.405
976,-43.8,97.5
977,-43.8,97.602
978,-43.8,97.702
979,-43.8,97.8
980,-43.8,97.899
981,-43.8,97.999
982,-43.8,98.099
983,-43.8,98.2
984,-43.8,98.301
985,-43.8,98.403
986,-43.8,98.501
987,-43.8,98.6
988,-43.8,98.703
989,-43.8,98.8
990,-43.8,98.899
991,-43.8,99
992,-43.8,99.098
993,-43.8,99.199
994,-43.8,99.298
995,-43.8,99.4
996,-43.8,99.499
997,-43.8,99.599
998,-43.8,99.7
999,-43.8,99.799
1000,-43.8,99.899
1001,-43.8,99.999
1002,-43.8,100.099
1003,-43.8,100.198
1004,-43.8,100.299
1005,-43.8,100.401
1006,-43.8,100.5
1007,-43.8,100.608
1008,-43.8,100.703
1009,-43.8,100.802
1010,-43.8,100.901
1011,-43.8,101.001
1012,-43.8,101.1
1013,-43.8,101.202
1014,-43.8,101.301
1015,-43.8,101.4
1016,-43.8,101.5
1017,-43.8,101.602
1018,-43.8,101.7
1019,-43.8,101.802
1020,-43.8,101.901
1021,-43.8,102
1022,-43.8,102.099
1023,-43.8,102.2
1024,-43.8,102.299
1025,-43.8,102.401
1026,-43.8,102.501
1027,-43.8,102.601
1028,-43.8,102.7
1029,-43.6,102.8
1030,-43.6,102.9
1031,-43.6,102.999
1032,-43.6,103.099
1033,-43.6,103.2
1034,-43.6,103.299
1035,-43.6,103.398
1036,-43.6,103.498
1037,-43.6,103.599
1038,-43.6,103.699
1039,-43.6,103.799
1040,-43.6,103.899
1041,-43.6,103.999
1042,-43.6,104.099
1043,-43.6,104.199
1044,-43.6,104.298
1045,-43.6,104.399
1046,-43.6,104.499
1047,-43.6,104.6
1048,-43.6,104.699
1049,-43.6,104.799
1050,-43.6,104.899
1051,-43.6,104.999
1052,-43.6,105.1
1053,-43.6,105.199
1054,-43.6,105.299
1055,-43.6,105.399
1056,-43.6,105.499
1057,-43.6,105.599
1058,-43.6,105.699
1059,-43.6,105.8
1060,-43.6,105.901
1061,-43.6,105.999
1062,-43.6,106.099
1063,-43.6,106.199
1064,-43.6,106.299
1065,-43.6,106.4
1066,-43.6,106.5
1067,-43.6,106.599
1068,-43.6,106.699
1069,-43.6,106.799
1070,-43.6,106.899
1071,-43.6,106.999
1072,-43.6,107.098
1073,-43.6,107.199
1074,-43.6,107.3
1075,-43.6,107.401
1076,-43.6,107.5
1077,-43.6,107.601
1078,-43.6,107.701
1079,-43.6,107.8
1080,-43.6,107.9
1081,-43.6,108
1082,-43.6,108.101
1083,-43.6,108.201
1084,-43.6,108.301
1085,-43.6,108.4
1086,-43.6,108.499
1087,-43.6,108.601
1088,-43.6,108.7
1089,-43.6,108.799
1090,-43.6,108.899
1091,-43.6,109
1092,-43.4,109.1
1093,-43.4,109.201
1094,-43.4,109.3
1095,-43.4,109.399
1096,-43.4,109.5
1097,-43.4,109.599
1098,-43.4,109.701
1099,-43.4,109.801
1100,-43.4,109.901
1101,-43.4,110.002
1102,-43.4,110.1
1103,-43.4,110.199
1104,-43.4,110.299
1105,-43.6,110.398
1106,-43.8,110.499
1107,-47.4,110.599
1108,-47.4,110.699
1109,-56.4,110.812
1110,-67.8,110.9
1111,-78.6,110.999
1112,-88.4,111.099
1113,-96.8,111.2
1114,-96.8,111.299
1115,-99.2,111.399
1116,-105.4,111.5
1117,-106.4,111.601
1118,-105.2,111.699
1119,-105.2,111.8
1120,-103.8,111.9
1121,-102.6,111.999
1122,-101.4,112.099
1123,-100.6,112.199
1124,-99.8,112.299
1125,-99.8,112.399
1126,-99,112.499
1127,-98.6,112.599
1128,-98,112.702
1129,-97.6,112.802
1130,-97.2,112.899
1131,-97.2,112.999
1132,-96.8,113.099
1133,-96.4,113.199
1134,-96.2,113.298
1135,-95.8,113.399
1136,-95.6,113.499
1137,-95.6,113.599
1138,-95.4,113.7
1139,-95,113.798
1140,-94.8,113.899
1141,-94.6,113.999
1142,-94.4,114.099
1143,-94.4,114.199
1144,-94.2,114.299
1145,-94,114.399
1146,-93.8,114.5
1147,-93.8,114.6
1148,-93.8,114.7
1149,-93.6,114.799
1150,-93.4,114.899
1151,-93.2,114.999
1152,-93.2,115.1
1153,-93,115.199
1154,-93,115.299
1155,-92.8,115.399
1156,-92.8,115.499
1157,-92.6,115.599
1158,-92.4,115.699
1159,-92.4,115.798
1160,-92.4,115.899
1161,-92.2,115.999
1162,-92.2,116.099
1163,-92,116.199
1164,-92,116.299
1165,-91.8,116.399
1166,-91.8,116.499
1167,-91.8,116.599
1168,-91.6,116.698
1169,-91.6,116.8
1170,-91.4,116.899
1171,-91.4,116.999
1172,-91.4,117.098
1173,-91.2,117.199
1174,-91.2,117.3
1175,-91,117.398
1176,-91,117.499
1177,-91,117.598
1178,-91,117.699
1179,-90.8,117.799
1180,-90.8,117.901
1181,-90.6,117.998
1182,-90.6,118.102
1183,-90.6,118.202
1184,-90.6,118.301
1185,-90.4,118.401
1186,-90.4,118.5
1187,-90.4,118.599
1188,-90.2,118.698
1189,-90.2,118.801
1190,-90.2,118.899
1191,-90.2,118.998
1192,-90,119.101
1193,-90,119.201
1194,-90,119.301
1195,-90,119.401
1196,-89.8,119.5
1197,-89.8,119.6
1198,-89.8,119.7
1199,-89.8,119.801
1200,-89.8,119.9
1201,-89.6,119.999
1202,-89.6,120.101
1203,-89.6,120.201
1204,-89.4,120.3
1205,-89.4,120.4
1206,-89.4,120.5
1207,-89.4,120.599
1208,-89.4,120.699
1209,-89.2,120.799
1210,-89.2,120.9
1211,-89.2,120.999
1212,-89.2,121.1
1213,-89.2,121.201
1214,-89,121.299
1215,-89,121.399
1216,-89,121.5
1217,-89,121.6
1218,-89,121.7
1219,-88.8,121.799
1220,-88.8,121.899
1221,-88.8,121.999
1222,-88.8,122.099
1223,-88.8,122.2
1224,-88.8,122.299
1225,-88.6,122.399
1226,-88.6,122.499
1227,-88.6,122.6
1228,-88.6,122.7
1229,-88.6,122.799
1230,-88.4,122.9
1231,-88.4,122.999
1232,-88.4,123.099
1233,-88.4,123.199
1234,-88.4,123.299
1235,-88.4,123.399
1236,-88.4,123.5
1237,-88.2,123.599
1238,-88.2,123.699
1239,-88.2,123.801
1240,-88.2,123.9
1241,-88.2,123.999
1242,-88,124.099
1243,-88,124.2
1244,-88,124.299
1245,-88,124.399
1246,-88,124.5
1247,-88,124.6
1248,-88,124.699
1249,-87.8,124.8
1250,-87.8,124.9
1251,-87.8,125
1252,-87.8,125.099
1253,-87.8,125.201
1254,-87.8,125.299
1255,-87.8,125.4
1256,-87.6,125.5
1257,-87.6,125.6
1258,-87.6,125.699
1259,-87.6,125.799
1260,-87.6,125.899
1261,-87.6,125.999
1262,-87.6,126.099
1263,-87.4,126.199
1264,-87.4,126.3
1265,-87.4,126.4
1266,-87.4,126.5
1267,-87.4,126.6
1268,-87.4,126.7
1269,-87.4,126.8
1270,-87.4,126.899
1271,-87.4,126.999
1272,-87.2,127.1
1273,-87.2,127.199
1274,-87.2,127.299
1275,-87.2,127.399
1276,-87.2,127.5
1277,-87.2,127.599
1278,-87.2,127.7
1279,-87,127.799
1280,-87,127.899
1281,-87,128
1282,-87,128.099
1283,-87,128.199
1284,-87,128.299
1285,-87,128.399
1286,-87,128.499
1287,-87,128.599
1288,-87,128.699
1289,-86.8,128.799
1290,-86.8,128.899
1291,-86.8,128.999
1292,-86.8,129.099
1293,-86.8,129.199
1294,-86.8,129.299
1295,-86.8,129.399
1296,-86.8,129.499
1297,-86.8,129.598
1298,-86.8,129.7
1299,-86.6,129.8
1300,-86.6,129.899
1301,-86.6,129.999
1302,-86.6,130.099
1303,-86.6,130.2
1304,-86.6,130.3
1305,-86.6,130.399
1306,-86.6,130.5
1307,-86.6,130.6
1308,-86.4,130.701
1309,-86.4,130.8
1310,-86.4,130.901
1311,-86.4,131.001
1312,-86.4,131.104
1313,-86.4,131.201
1314,-86.4,131.305
1315,-86.4,131.4
1316,-86.4,131.5
1317,-86.4,131.6
1318,-86.4,131.699
1319,-86.2,131.799
1320,-86.2,131.902
1321,-86.2,132.002
1322,-86.2,132.099
1323,-86.2,132.202
1324,-86.2,132.303
1325,-86.2,132.403
1326,-86.2,132.501
1327,-86.2,132.6
1328,-86.2,132.699
1329,-86,132.799
1330,-86,132.899
1331,-86,132.998
1332,-86,133.098
1333,-86,133.202
1334,-86,133.302
1335,-86,133.401
1336,-86,133.499
1337,-86,133.599
1338,-86,133.7
1339,-86,133.8
1340,-86,133.9
1341,-86,134
1342,-85.8,134.099
1343,-85.8,134.199
1344,-85.8,134.299
1345,-85.8,134.4
1346,-85.8,134.499
1347,-85.8,134.6
1348,-85.8,134.7
1349,-85.8,134.806
1350,-85.8,134.9
1351,-85.8,134.999
1352,-85.8,135.101
1353,-85.8,135.2
1354,-85.6,135.3
1355,-85.6,135.4
1356,-85.6,135.5
1357,-85.6,135.599
1358,-85.6,135.699
1359,-85.6,135.801
1360,-85.6,135.904
1361,-85.6,136
1362,-85.6,136.099
1363,-85.6,136.2
1364,-85.6,136.299
1365,-85.6,136.399
1366,-85.6,136.499
1367,-85.6,136.6
1368,-85.4,136.7
1369,-85.4,136.8
1370,-85.4,136.9
1371,-85.4,137
1372,-85.4,137.099
1373,-85.4,137.199
1374,-85.4,137.301
1375,-85.4,137.399
1376,-85.4,137.5
1377,-85.4,137.599
1378,-85.4,137.7
1379,-85.4,137.8
1380,-85.4,137.902
1381,-85.4,138
1382,-85.2,138.1
1383,-85.2,138.199
1384,-85.2,138.299
1385,-85.2,138.398
1386,-85.2,138.502
1387,-85.2,138.6
1388,-85.2,138.7
1389,-85.2,138.799
1390,-85.2,138.899
1391,-85.2,139
1392,-85.2,139.099
1393,-85.2,139.2
1394,-85.2,139.3
1395,-85,139.4
1396,-85,139.499
1397,-85,139.6
1398,-85,139.699
1399,-85,139.801
1400,-85,139.899
1401,-85,140
1402,-85,140.1
1403,-85,140.201
1404,-85,140.3
1405,-85,140.399
1406,-85,140.499
1407,-85,140.599
1408,-85,140.699
1409,-85,140.799
1410,-85,140.9
1411,-84.8,141
1412,-84.8,141.1
1413,-84.8,141.2
1414,-84.8,141.299
1415,-84.8,141.399
1416,-84.8,141.499
1417,-84.8,141.6
1418,-84.8,141.7
1419,-84.8,141.801
1420,-84.8,141.9
1421,-84.8,141.999
1422,-84.8,142.099
1423,-84.8,142.201
1424,-84.8,142.302
1425,-84.8,142.4
1426,-84.8,142.5
1427,-84.8,142.599
1428,-84.8,142.699
1429,-84.8,142.799
1430,-84.6,142.9
1431,-84.6,143
1432,-84.6,143.102
1433,-84.6,143.199
1434,-84.6,143.299
1435,-84.6,143.399
1436,-84.6,143.499
1437,-84.6,143.601
1438,-84.6,143.7
1439,-84.6,143.799
1440,-84.6,143.899
1441,-84.6,143.999
1442,-84.6,144.1
1443,-84.6,144.199
1444,-84.6,144.302
1445,-84.6,144.4
1446,-84.6,144.5
1447,-84.4,144.599
1448,-84.4,144.699
1449,-84.4,144.8
1450,-84.4,144.9
1451,-84.4,145
1452,-84.4,145.099
1453,-84.4,145.199
1454,-84.4,145.299
1455,-84.4,145.399
1456,-84.4,145.5
1457,-84.4,145.6
1458,-84.4,145.701
1459,-84.4,145.8
1460,-84.4,145.899
1461,-84.4,145.999
1462,-84.4,146.099
1463,-84.4,146.2
1464,-84.4,146.299
1465,-84.4,146.399
1466,-84.4,146.5
1467,-84.2,146.6
1468,-84.2,146.699
1469,-84.2,146.799
1470,-84.2,146.9
1471,-84.2,147
1472,-84.2,147.1
1473,-84.2,147.201
1474,-84.2,147.3
1475,-84.2,147.399
1476,-84.2,147.5
1477,-84.2,147.599
1478,-84.2,147.698
1479,-84.2,147.802
1480,-84.2,147.905
1481,-84.2,148
1482,-84.2,148.099
1483,-84.2,148.199
1484,-84.2,148.299
1485,-84.2,148.399
1486,-84.2,148.498
1487,-84.2,148.599
1488,-84,148.699
1489,-84,148.801
1490,-84,148.899
1491,-84,148.999
1492,-84,149.099
1493,-84,149.199
1494,-84,149.299
1495,-84,149.399
1496,-84,149.499
1497,-84,149.599
1498,-84,149.699
1499,-84,149.798
1500,-84,149.899
1501,-84,149.999
1502,-84,150.099
1503,-84,150.199
1504,-84,150.299
1505,-84,150.399
1506,-84,150.499
1507,-84,150.598
1508,-84,150.699
1509,-83.8,150.799
1510,-83.8,150.9
1511,-83.8,150.999
1512,-83.8,151.099
1513,-83.8,151.199
1514,-83.8,151.299
1515,-83.8,151.399
1516,-83.8,151.499
1517,-83.8,151.599
1518,-83.8,151.698
1519,-83.8,151.8
1520,-83.8,151.898
1521,-83.8,151.999
1522,-83.8,152.099
1523,-83.8,152.199
1524,-83.8,152.3
1525,-83.8,152.399
1526,-83.8,152.498
1527,-83.8,152.599
1528,-83.8,152.7
1529,-83.8,152.799
1530,-83.8,152.898
1531,-83.8,152.999
1532,-83.8,153.099
1533,-83.6,153.199
1534,-83.6,153.299
1535,-83.6,153.399
1536,-83.6,153.499
1537,-83.6,153.599
1538,-83.6,153.699
1539,-83.6,153.799
1540,-83.6,153.899
1541,-83.6,153.999
1542,-83.6,154.1
1543,-83.6,154.202
1544,-83.6,154.3
1545,-83.6,154.399
1546,-83.6,154.499
1547,-83.6,154.599
1548,-83.6,154.699
1549,-83.6,154.799
1550,-83.6,154.898
1551,-83.6,154.999
1552,-83.6,155.099
1553,-83.6,155.199
1554,-83.6,155.299
1555,-83.4,155.399
1556,-83.4,155.499
1557,-83.4,155.599
1558,-83.4,155.699
1559,-83.4,155.799
1560,-83.4,155.899
1561,-83.4,155.999
1562,-83.4,156.099
1563,-83.4,156.199
1564,-83.4,156.299
1565,-83.4,156.398
1566,-83.4,156.498
1567,-83.4,156.6
1568,-83.4,156.699
1569,-83.4,156.799
1570,-83.4,156.898
1571,-83.4,156.999
1572,-83.4,157.1
1573,-83.4,157.199
1574,-83.4,157.299
1575,-83.4,157.399
1576,-83.4,157.499
1577,-83.4,157.599
1578,-83.4,157.699
1579,-83.4,157.799
1580,-83.4,157.899
1581,-83.4,157.999
1582,-83.2,158.099
1583,-83.2,158.199
1584,-83.2,158.299
1585,-83.2,158.398
1586,-83.2,158.498
1587,-83.2,158.599
1588,-83.2,158.699
1589,-83.2,158.799
1590,-83.2,158.899
1591,-83.2,159
1592,-83.2,159.099
1593,-83.2,159.199
1594,-83.2,159.298
1595,-83.2,159.399
1596,-83.2,159.499
1597,-83.2,159.599
1598,-83.2,159.7
1599,-83.2,159.799
1600,-83.2,159.899
1601,-83.2,159.999
1602,-83.2,160.099
1603,-83.2,160.199
1604,-83.2,160.299
1605,-83.2,160.399
1606,-83,160.499
1607,-83,160.599
1608,-83,160.699
1609,-83,160.799
1610,-83,160.899
1611,-83,161
1612,-83,161.099
1613,-83,161.199
1614,-83,161.3
1615,-83,161.399
1616,-83,161.499
1617,-83,161.601
1618,-83,161.699
1619,-83,161.799
1620,-83,161.899
1621,-83,162
1622,-83,162.099
1623,-83,162.199
1624,-83,162.299
1625,-83,162.401
1626,-83,162.499
1627,-83,162.599
1628,-83,162.699
1629,-83,162.799
1630,-83,162.899
1631,-83,162.999
1632,-83,163.1
1633,-83,163.199
1634,-83,163.3
1635,-83,163.399
1636,-82.8,163.499
1637,-82.8,163.6
1638,-82.8,163.7
1639,-82.8,163.799
1640,-82.8,163.899
1641,-82.8,163.999
1642,-82.8,164.099
1643,-82.8,164.199
1644,-82.8,164.299
1645,-82.8,164.399
1646,-82.8,164.499
1647,-82.8,164.599
1648,-82.8,164.699
1649,-82.8,164.799
1650,-82.8,164.898
1651,-82.8,164.999
1652,-82.8,165.099
1653,-82.8,165.198
1654,-82.8,165.3
1655,-82.8,165.399
1656,-82.8,165.499
1657,-83,165.599
1658,-83.2,165.699
1659,-83.8,165.799
1660,-90.2,165.899
1661,-95.4,165.998
1662,-95.4,166.098
1663,-100.4,166.199
1664,-108.4,166.299
1665,-114.4,166.399
1666,-117.4,166.499
1667,-118,166.599
1668,-118,166.699
1669,-117,166.799
1670,-116.2,166.898
1671,-118.6,166.999
1672,-120.8,167.099
1673,-121.4,167.199
1674,-121.4,167.299
1675,-120.8,167.398
1676,-120,167.498
1677,-119.8,167.599
1678,-120,167.698
1679,-119.8,167.801
1680,-119.8,167.899
1681,-119.2,167.999
1682,-118.4,168.1
1683,-117.6,168.199
1684,-117,168.302
1685,-116.6,168.402
1686,-116.6,168.499
1687,-116,168.599
1688,-115.6,168.699
1689,-115.2,168.799
1690,-115,168.899
1691,-115,168.999
1692,-114.6,169.099
1693,-114.2,169.199
1694,-114,169.299
1695,-113.6,169.398
1696,-113.4,169.499
1697,-113.4,169.599
1698,-113.2,169.698
1699,-113,169.799
1700,-112.8,169.899
1701,-112.6,169.999
1702,-112.2,170.099
1703,-112.2,170.198
1704,-112,170.299
1705,-111.8,170.399
1706,-111.8,170.499
1707,-111.6,170.599
1708,-111.6,170.698
1709,-111.4,170.8
1710,-111.2,170.899
1711,-111,170.999
1712,-110.8,171.099
1713,-110.8,171.199
1714,-110.8,171.3
1715,-110.6,171.399
1716,-110.6,171.498
1717,-110.4,171.602
1718,-110.2,171.701
1719,-110.2,171.8
1720,-110.2,171.9
1721,-110,172
1722,-109.8,172.099
1723,-109.8,172.199
1724,-109.6,172.299
1725,-109.6,172.4
1726,-109.6,172.499
1727,-109.4,172.599
1728,-109.4,172.699
1729,-109.2,172.799
1730,-109,172.899
1731,-109,172.999
1732,-109,173.103
1733,-108.8,173.2
1734,-108.8,173.3
1735,-108.8,173.399
1736,-108.6,173.499
1737,-108.6,173.599
1738,-108.6,173.699
1739,-108.4,173.801
1740,-108.4,173.899
1741,-108.2,173.999
1742,-108.2,174.101
1743,-108.2,174.199
1744,-108,174.299
1745,-108,174.399
1746,-108,174.498
1747,-107.8,174.602
1748,-107.8,174.699
1749,-107.8,174.799
1750,-107.6,174.899
1751,-107.6,174.999
1752,-107.6,175.099
1753,-107.4,175.198
1754,-107.4,175.299
1755,-107.4,175.399
1756,-107.2,175.499
1757,-107.2,175.599
1758,-107.2,175.699
1759,-107,175.799
1760,-107,175.901
1761,-107,175.999
1762,-107,176.099
1763,-106.8,176.199
1764,-106.8,176.298
1765,-106.8,176.399
1766,-106.8,176.499
1767,-106.8,176.601
1768,-106.6,176.703
1769,-106.6,176.801
1770,-106.6,176.901
1771,-106.4,177
1772,-106.4,177.101
1773,-106.4,177.199
1774,-106.4,177.299
1775,-106.2,177.4
1776,-106.2,177.499
1777,-106.2,177.599
1778,-106.2,177.7
1779,-106,177.799
1780,-106,177.899
1781,-106,177.999
1782,-106,178.101
1783,-106,178.2
1784,-105.8,178.299
1785,-105.8,178.399
1786,-105.8,178.5
1787,-105.8,178.6
1788,-105.6,178.7
1789,-105.6,178.799
1790,-105.6,178.899
1791,-105.6,178.999
1792,-105.6,179.099
1793,-105.4,179.199
1794,-105.4,179.3
1795,-105.4,179.399
1796,-105.4,179.499
1797,-105.4,179.601
1798,-105.2,179.7
1799,-105.2,179.8
1800,-105.2,179.9
1801,-105.2,180
1802,-105.2,180.1
1803,-105,180.2
1804,-105,180.299
1805,-105,180.4
1806,-105,180.498
1807,-105,180.599
1808,-104.8,180.7
1809,-104.8,180.799
1810,-104.8,180.899
1811,-104.8,180.999
1812,-104.8,181.099
1813,-104.8,181.198
1814,-104.6,181.3
1815,-104.6,181.399
1816,-104.6,181.498
1817,-104.6,181.604
1818,-104.6,181.7
1819,-104.6,181.8
1820,-104.6,181.9
1821,-104.4,181.999
1822,-104.4,182.099
1823,-104.4,182.199
1824,-104.4,182.299
1825,-104.4,182.399
1826,-104.2,182.5
1827,-104.2,182.6
1828,-104.2,182.699
1829,-104.2,182.799
1830,-104.2,182.899
1831,-104.2,182.999
1832,-104.2,183.1
1833,-104,183.2
1834,-104,183.3
1835,-104,183.4
1836,-104,183.499
1837,-104,183.599
1838,-104,183.699
1839,-103.8,183.799
1840,-103.8,183.899
1841,-103.8,184
1842,-103.8,184.099
1843,-103.8,184.199
1844,-103.8,184.3
1845,-103.6,184.398
1846,-103.6,184.5
1847,-103.6,184.6
1848,-103.6,184.699
1849,-103.6,184.798
1850,-103.6,184.901
1851,-103.6,184.999
1852,-103.6,185.099
1853,-103.6,185.199
1854,-103.4,185.299
1855,-103.4,185.4
1856,-103.4,185.499
1857,-103.4,185.6
1858,-103.4,185.699
1859,-103.4,185.799
1860,-103.4,185.9
1861,-103.2,186
1862,-103.2,186.099
1863,-103.2,186.2
1864,-103.2,186.299
1865,-103.2,186.399
1866,-103.2,186.499
1867,-103.2,186.599
1868,-103.2,186.7
1869,-103,186.799
1870,-103,186.9
1871,-103,186.999
1872,-103,187.1
1873,-103,187.199
1874,-103,187.3
1875,-103,187.399
1876,-103,187.5
1877,-102.8,187.6
1878,-102.8,187.699
1879,-102.8,187.8
1880,-102.8,187.899
1881,-102.8,187.999
1882,-102.8,188.099
1883,-102.8,188.199
1884,-102.8,188.299
1885,-102.6,188.4
1886,-102.6,188.5
1887,-102.6,188.599
1888,-102.6,188.7
1889,-102.6,188.8
1890,-102.6,188.9
1891,-102.6,188.999
1892,-102.6,189.099
1893,-102.6,189.2
1894,-102.6,189.299
1895,-102.6,189.4
1896,-102.4,189.5
1897,-102.4,189.6
1898,-102.4,189.7
1899,-102.4,189.8
1900,-102.4,189.9
1901,-102.4,189.999
1902,-102.4,190.099
1903,-102.4,190.2
1904,-102.4,190.3
1905,-102.2,190.4
1906,-102.2,190.5
1907,-102.2,190.599
1908,-102.2,190.7
1909,-102.2,190.8
1910,-102.2,190.899
1911,-102.2,190.999
1912,-102.2,191.1
1913,-102,191.2
1914,-102,191.3
1915,-102,191.399
1916,-102,191.5
1917,-102,191.6
1918,-102,191.699
1919,-102,191.799
1920,-102,191.9
1921,-102,192
1922,-102,192.099
1923,-102,192.199
1924,-102,192.299
1925,-101.8,192.399
1926,-101.8,192.499
1927,-101.8,192.599
1928,-101.8,192.699
1929,-101.8,192.799
1930,-101.8,192.9
1931,-101.8,192.999
1932,-101.8,193.099
1933,-101.8,193.2
1934,-101.8,193.3
1935,-101.6,193.399
1936,-101.6,193.499
1937,-101.6,193.599
1938,-101.6,193.699
1939,-101.6,193.8
1940,-101.6,193.899
1941,-101.6,193.999
1942,-101.6,194.099
1943,-101.6,194.199
1944,-101.6,194.3
1945,-101.6,194.399
1946,-101.6,194.5
1947,-101.4,194.6
1948,-101.4,194.7
1949,-101.4,194.799
1950,-101.4,194.9
1951,-101.4,195
1952,-101.4,195.099
1953,-101.4,195.2
1954,-101.4,195.299
1955,-101.4,195.4
1956,-101.4,195.499
1957,-101.4,195.599
1958,-101.4,195.7
1959,-101.2,195.8
1960,-101.2,195.9
1961,-101.2,195.999
1962,-101.2,196.1
1963,-101.2,196.199
1964,-101.2,196.299
1965,-101.2,196.4
1966,-101.2,196.5
1967,-101.2,196.6
1968,-101.2,196.699
1969,-101,196.799
1970,-101,196.9
1971,-101,196.999
1972,-101,197.099
1973,-101,197.199
1974,-101,197.299
1975,-101,197.404
1976,-101,197.5
1977,-101,197.601
1978,-101,197.701
1979,-101,197.801
1980,-101,197.9
1981,-101,197.999
1982,-100.8,198.099
1983,-100.8,198.2
1984,-100.8,198.3
1985,-100.8,198.399
1986,-100.8,198.499
1987,-100.8,198.599
1988,-100.8,198.7
1989,-100.8,198.799
1990,-100.8,198.9
1991,-100.8,199
1992,-100.8,199.1
1993,-100.8,199.199
1994,-100.6,199.3
1995,-100.6,199.4
1996,-100.6,199.5
1997,-100.6,199.599
1998,-100.6,199.699
1999,-100.6,199.799
2000,-100.6,199.899
2001,-100.6,199.999
2002,-100.6,200.1
2003,-100.6,200.199
2004,-100.6,200.299
2005,-100.6,200.399
2006,-100.6,200.499
2007,-100.6,200.6
2008,-100.6,200.699
2009,-100.6,200.799
2010,-100.4,200.9
2011,-100.4,201
2012,-100.4,201.099
2013,-100.4,201.199
2014,-100.4,201.3
2015,-100.4,201.4
2016,-100.4,201.5
2017,-100.4,201.599
2018,-100.4,201.699
2019,-100.4,201.799
2020,-100.4,201.9
2021,-100.4,201.999
2022,-100.4,202.1
2023,-100.4,202.199
2024,-100.2,202.3
2025,-100.2,202.4
2026,-100.2,202.498
2027,-100.2,202.599
2028,-100.2,202.7
2029,-100.2,202.8
2030,-100.2,202.9
2031,-100.2,202.999
2032,-100.2,203.1
2033,-100.2,203.2
2034,-100.2,203.299
2035,-100.2,203.399
2036,-100.2,203.501
2037,-100,203.6
2038,-100,203.7
2039,-100,203.8
2040,-100,203.9
2041,-100,204.007
2042,-100,204.102
2043,-100,204.203
2044,-100,204.302
2045,-100,204.404
2046,-100,204.5
2047,-100,204.603
2048,-100,204.701
2049,-100,204.799
2050,-100,204.899
2051,-100,204.999
2052,-99.8,205.099
2053,-99.8,205.199
2054,-99.8,205.299
2055,-99.8,205.399
2056,-99.8,205.499
2057,-99.8,205.605
2058,-99.8,205.7
2059,-99.8,205.799
2060,-99.8,205.899
2061,-99.8,205.999
2062,-99.8,206.099
2063,-99.8,206.204
2064,-99.8,206.301
2065,-99.8,206.402
2066,-99.8,206.5
2067,-99.8,206.623
2068,-99.8,206.699
2069,-99.8,206.799
2070,-99.6,206.901
2071,-99.6,206.999
2072,-99.6,207.099
2073,-99.6,207.2
2074,-99.6,207.302
2075,-99.6,207.4
2076,-99.6,207.5
2077,-99.6,207.6
2078,-99.6,207.7
2079,-99.6,207.803
2080,-99.6,207.9
2081,-99.6,208.002
2082,-99.6,208.099
2083,-99.6,208.199
2084,-99.6,208.3
2085,-99.6,208.399
2086,-99.6,208.502
2087,-99.4,208.6
2088,-99.4,208.699
2089,-99.4,208.799
2090,-99.4,208.899
2091,-99.4,208.999
2092,-99.4,209.099
2093,-99.4,209.199
2094,-99.4,209.301
2095,-99.4,209.399
2096,-99.4,209.499
2097,-99.4,209.599
2098,-99.4,209.699
2099,-99.4,209.799
2100,-99.4,209.899
2101,-99.4,209.999
2102,-99.4,210.099
2103,-99.4,210.199
2104,-99.4,210.299
2105,-99.4,210.399
2106,-99.4,210.5
2107,-99.2,210.599
2108,-99.2,210.699
2109,-99.2,210.799
2110,-99.2,210.9
2111,-99.2,210.999
2112,-99.2,211.099
2113,-99.2,211.199
2114,-99.2,211.299
2115,-99.2,211.399
2116,-99.2,211.499
2117,-99.2,211.599
2118,-99.2,211.699
2119,-99.2,211.799
2120,-99.2,211.899
2121,-99.2,211.998
2122,-99.2,212.099
2123,-99,212.199
2124,-99,212.299
2125,-99,212.399
2126,-99,212.499
2127,-99,212.603
2128,-99,212.7
2129,-99,212.798
2130,-99,212.899
2131,-99,212.999
2132,-99,213.101
2133,-99,213.199
2134,-99,213.299
2135,-99,213.399
2136,-99,213.501
2137,-99,213.61
2138,-99,213.701
2139,-99,213.799
2140,-99,213.899
2141,-99,213.998
2142,-98.8,214.099
2143,-98.8,214.199
2144,-98.8,214.299
2145,-98.8,214.399
2146,-98.8,214.499
2147,-98.8,214.599
2148,-98.8,214.699
2149,-98.8,214.799
2150,-98.8,214.899
2151,-98.8,214.999
2152,-98.8,215.098
2153,-98.8,215.198
2154,-98.8,215.3
2155,-98.8,215.399
2156,-98.8,215.499
2157,-98.8,215.599
2158,-98.8,215.699
2159,-98.8,215.8
2160,-98.8,215.899
2161,-98.8,215.999
2162,-98.8,216.099
2163,-98.6,216.199
2164,-98.6,216.299
2165,-98.6,216.398
2166,-98.6,216.499
2167,-98.6,216.598
2168,-98.6,216.699
2169,-98.6,216.798
2170,-98.6,216.899
2171,-98.6,216.999
2172,-98.6,217.101
2173,-98.6,217.199
2174,-98.6,217.299
2175,-98.6,217.399
2176,-98.6,217.499
2177,-98.6,217.599
2178,-98.6,217.699
2179,-98.6,217.798
2180,-98.6,217.899
2181,-98.6,217.999
2182,-98.6,218.098
2183,-98.6,218.2
2184,-98.4,218.299
2185,-98.4,218.399
2186,-98.4,218.499
2187,-98.4,218.599
2188,-98.4,218.699
2189,-98.4,218.799
2190,-98.4,218.899
2191,-98.4,218.999
2192,-98.4,219.099
2193,-98.4,219.199
2194,-98.4,219.299
2195,-98.4,219.399
2196,-98.4,219.499
2197,-98.4,219.599
2198,-98.4,219.698
2199,-98.4,219.8
2200,-98.4,219.899
2201,-98.4,220.003
2202,-98.4,220.1
2203,-98.4,220.198
2204,-98.4,220.3
2205,-98.4,220.401
2206,-98.4,220.5
2207,-98.4,220.599
2208,-98.4,220.699
2209,-98.2,220.8
2210,-98.4,220.898
2211,-98.2,221
2212,-98.2,221.099
2213,-98.2,221.199
2214,-98.2,221.3
2215,-98.2,221.399
2216,-98.2,221.499
2217,-98.2,221.598
2218,-98.2,221.698
2219,-98.2,221.801
2220,-98.2,221.901
2221,-98.2,221.999
2222,-98.2,222.101
2223,-98.2,222.202
2224,-98.2,222.302
2225,-98.2,222.4
2226,-98.2,222.5
2227,-98.2,222.602
2228,-98.2,222.699
2229,-98,222.799
2230,-98,222.899
2231,-98,223
2232,-98,223.099
2233,-98,223.199
2234,-98,223.3
2235,-98,223.399
2236,-98,223.5
2237,-98,223.6
2238,-98,223.7
2239,-98,223.8
2240,-98,223.9
2241,-98,224
2242,-98,224.1
2243,-98,224.2
2244,-98,224.299
2245,-98,224.399
2246,-98,224.5
2247,-98,224.599
2248,-98,224.699
2249,-98,224.8
2250,-98,224.899
2251,-98,225
2252,-97.8,225.1
2253,-97.8,225.199
2254,-97.8,225.3
2255,-97.8,225.402
2256,-97.8,225.499
2257,-97.8,225.6
2258,-97.8,225.7
2259,-97.8,225.801
2260,-97.8,225.899
2261,-97.8,225.999
2262,-97.8,226.1
2263,-97.8,226.2
2264,-97.8,226.299
2265,-97.8,226.401
2266,-97.8,226.5
2267,-97.8,226.599
2268,-97.8,226.7
2269,-97.8,226.8
2270,-97.8,226.901
2271,-97.8,227
2272,-97.8,227.099
2273,-97.8,227.199
2274,-97.8,227.3
2275,-97.8,227.4
2276,-97.8,227.5
2277,-97.8,227.599
2278,-97.6,227.699
2279,-97.6,227.801
2280,-97.6,227.902
2281,-97.6,227.999
2282,-97.6,228.099
2283,-97.6,228.201
2284,-97.6,228.299
2285,-97.6,228.399
2286,-97.6,228.499
2287,-97.6,228.6
2288,-97.6,228.699
2289,-97.6,228.801
2290,-97.6,228.899
2291,-97.6,229.008
2292,-97.6,229.1
2293,-97.6,229.199
2294,-97.6,229.299
2295,-97.6,229.399
2296,-97.6,229.5
2297,-97.6,229.599
2298,-97.6,229.7
2299,-97.6,229.799
2300,-97.6,229.899
2301,-97.6,230
2302,-97.6,230.098
2303,-97.6,230.201
2304,-97.6,230.299
2305,-97.6,230.4
2306,-97.6,230.499
2307,-97.4,230.599
2308,-97.4,230.699
2309,-97.4,230.799
2310,-97.4,230.899
2311,-97.4,231
2312,-97.4,231.101
2313,-97.4,231.2
2314,-97.4,231.301
2315,-97.4,231.399
2316,-97.4,231.5
2317,-97.4,231.599
2318,-97.4,231.699
2319,-97.4,231.8
2320,-97.4,231.9
2321,-97.4,231.999
2322,-97.4,232.099
2323,-97.4,232.199
2324,-97.4,232.3
2325,-97.4,232.399
2326,-97.4,232.499
2327,-97.4,232.599
2328,-97.4,232.701
2329,-97.4,232.802
2330,-97.4,232.9
2331,-97.4,232.999
2332,-97.4,233.099
2333,-97.4,233.203
2334,-97.4,233.302
2335,-97.4,233.4
2336,-97.4,233.499
2337,-97.4,233.6
2338,-97.2,233.699
2339,-97.2,233.799
2340,-97.2,233.899
2341,-97.2,233.999
2342,-97.2,234.1
2343,-97.2,234.199
2344,-97.2,234.299
2345,-97.2,234.401
2346,-97.2,234.536
2347,-97.2,234.6
2348,-97.2,234.701
2349,-97.2,234.801
2350,-97.2,234.901
2351,-97.2,234.999
2352,-97.2,235.1
2353,-97.2,235.2
2354,-97.2,235.299
2355,-97.2,235.4
2356,-97.2,235.499
2357,-97.2,235.602
2358,-97.2,235.699
2359,-97.2,235.799
2360,-97.2,235.899
2361,-97.2,235.999
2362,-97,236.099
2363,-97,236.199
2364,-97,236.299
2365,-97,236.398
2366,-97,236.499
2367,-97,236.599
2368,-97,236.7
2369,-97,236.798
2370,-97,236.899
2371,-97,236.999
2372,-97,237.099
2373,-97,237.199
2374,-97,237.299
2375,-97,237.399
2376,-97,237.499
2377,-97,237.599
2378,-97,237.699
2379,-97,237.799
2380,-97,237.899
2381,-97,237.999
2382,-97,238.099
2383,-97,238.2
2384,-97,238.301
2385,-97,238.4
2386,-97,238.5
2387,-97,238.601
2388,-97,238.701
2389,-97,238.803
2390,-97,238.904
2391,-97,239
2392,-97,239.102
2393,-97,239.2
2394,-96.8,239.3
2395,-96.8,239.399
2396,-96.8,239.5
2397,-96.8,239.6
2398,-96.8,239.702
2399,-96.8,239.8
2400,-96.8,239.9
2401,-96.8,240
2402,-96.8,240.099
2403,-96.8,240.202
2404,-96.8,240.301
2405,-96.8,240.4
2406,-96.8,240.5
2407,-96.8,240.6
2408,-96.8,240.699
2409,-96.8,240.799
2410,-96.8,240.899
2411,-96.8,240.999
2412,-96.8,241.099
2413,-96.8,241.198
2414,-96.8,241.301
2415,-96.8,241.401
2416,-96.8,241.5
2417,-96.8,241.6
2418,-96.8,241.701
2419,-96.8,241.801
2420,-96.8,241.9
2421,-96.8,242
2422,-96.8,242.099
2423,-96.8,242.199
2424,-96.8,242.302
2425,-96.8,242.406
2426,-96.8,242.505
2427,-96.8,242.604
2428,-96.8,242.7
2429,-97,242.799
2430,-97,242.899
2431,-97.4,242.999
2432,-99,243.099
2433,-99,243.199
2434,-103,243.301
2435,-109.6,243.399
2436,-115,243.498
2437,-121.8,243.603
2438,-126.2,243.705
2439,-126.2,243.806
2440,-126.8,243.903
2441,-126.2,244
2442,-125.4,244.099
2443,-124.8,244.199
2444,-124.8,244.299
2445,-125.2,244.399
2446,-127.4,244.499
2447,-131.8,244.617
2448,-136.2,244.704
2449,-138.2,244.801
2450,-138.2,244.9
2451,-141.2,245
2452,-142.2,245.101
2453,-141.4,245.201
2454,-139.8,245.3
2455,-138.4,245.399
2456,-138.4,245.5
2457,-137,245.601
2458,-135.8,245.702
2459,-135,245.8
2460,-134.2,245.899
2461,-133.6,246
2462,-133.6,246.099
2463,-133.2,246.2
2464,-134.2,246.299
2465,-136.8,246.399
2466,-139,246.5
2467,-139,246.599
2468,-139.4,246.701
2469,-138.6,246.801
2470,-137.6,246.904
2471,-136.8,247
2472,-136,247.101
2473,-136,247.206
2474,-135.2,247.303
2475,-134.6,247.404
2476,-134,247.502
2477,-133.4,247.604
2478,-133,247.703
2479,-133,247.804
2480,-132.6,247.901
2481,-132.2,248.004
2482,-131.8,248.102
2483,-131.4,248.202
2484,-131,248.302
2485,-131,248.402
2486,-130.8,248.501
2487,-130.4,248.603
2488,-130.2,248.703
2489,-129.8,248.8
2490,-129.6,248.899
2491,-129.6,248.999
2492,-129.4,249.099
2493,-129,249.2
2494,-128.8,249.299
2495,-128.6,249.4
2496,-128.6,249.499
2497,-128.4,249.6
2498,-128.2,249.7
2499,-128,249.802
2500,-127.8,249.899
2501,-127.6,250
2502,-127.6,250.099
2503,-127.4,250.202
2504,-127.2,250.301
2505,-127,250.399
2506,-126.8,250.499
2507,-126.8,250.599
2508,-126.8,250.699
2509,-130.4,250.799
2510,-138.2,250.899
2511,-147,250.999
2512,-152.2,251.099
2513,-155,251.201
2514,-155,251.299
2515,-155.2,251.399
2516,-153.2,251.499
2517,-150.8,251.601
2518,-148.8,251.699
2519,-148.8,251.801
2520,-147.2,251.902
2521,-145.8,251.999
2522,-144.8,252.099
2523,-143.8,252.2
2524,-142.8,252.299
2525,-142.8,252.4
2526,-142,252.5
2527,-141.2,252.6
2528,-140.4,252.699
2529,-139.8,252.803
2530,-139.2,252.901
2531,-139.2,253
2532,-138.6,253.099
2533,-138.2,253.199
2534,-137.6,253.3
2535,-137.2,253.4
2536,-136.8,253.5
2537,-136.8,253.6
2538,-136.4,253.699
2539,-136,253.799
2540,-135.6,253.899
2541,-135.2,254
2542,-134.8,254.099
2543,-134.8,254.2
2544,-134.6,254.299
2545,-134.2,254.399
2546,-134,254.5
2547,-133.6,254.6
2548,-133.6,254.699
2549,-133.4,254.802
2550,-133.2,254.9
2551,-133,254.999
2552,-132.8,255.099
2553,-132.4,255.202
2554,-132.4,255.303
2555,-132.2,255.401
2556,-132,255.5
2557,-131.8,255.601
2558,-131.6,255.699
2559,-131.4,255.8
2560,-131.4,255.899
2561,-131.2,256
2562,-131.2,256.1
2563,-131,256.2
2564,-130.8,256.299
2565,-130.6,256.399
2566,-130.6,256.499
2567,-130.4,256.599
2568,-130.4,256.7
2569,-130.2,256.799
2570,-130,256.899
2571,-130,256.999
2572,-129.8,257.099
2573,-129.8,257.2
2574,-129.6,257.299
2575,-129.4,257.399
2576,-129.4,257.499
2577,-129.4,257.601
2578,-129.2,257.7
2579,-129,257.8
2580,-129,257.899
2581,-128.8,257.999
2582,-128.6,258.101
2583,-128.6,258.199
2584,-128.6,258.299
2585,-128.4,258.4
2586,-128.4,258.499
2587,-128.2,258.6
2588,-128.2,258.699
2589,-128.2,258.8
2590,-128,258.901
2591,-128,259
2592,-127.8,259.1
2593,-127.6,259.199
2594,-127.6,259.299
2595,-127.6,259.401
2596,-127.6,259.5
2597,-127.4,259.599
2598,-127.4,259.7
2599,-127.2,259.813
2600,-127.2,259.9
2601,-127.2,259.999
2602,-127,260.099
2603,-127,260.201
2604,-126.8,260.299
2605,-126.8,260.399
2606,-126.8,260.5
2607,-126.6,260.599
2608,-126.6,260.7
2609,-126.4,260.799
2610,-126.4,260.899
2611,-126.2,260.999
2612,-126.2,261.099
2613,-126.2,261.199
2614,-126.2,261.299
2615,-126,261.399
2616,-126,261.5
2617,-126,261.599
2618,-126,261.699
2619,-125.8,261.799
2620,-125.8,261.9
2621,-125.6,261.999
2622,-125.6,262.099
2623,-125.6,262.198
2624,-125.6,262.299
2625,-125.4,262.399
2626,-125.4,262.5
2627,-125.4,262.599
2628,-125.2,262.699
2629,-125.2,262.799
2630,-125.2,262.902
2631,-125.2,263.001
2632,-125,263.102
2633,-125,263.2
2634,-125,263.299
2635,-125,263.399
2636,-124.8,263.499
2637,-124.8,263.599
2638,-124.8,263.699
2639,-124.8,263.798
2640,-124.6,263.899
2641,-124.6,263.999
2642,-124.6,264.105
2643,-124.6,264.2
2644,-124.4,264.299
2645,-124.4,264.399
2646,-124.4,264.5
2647,-124.4,264.601
2648,-124.2,264.7
2649,-124.2,264.802
2650,-124.2,264.901
2651,-124,265
2652,-124,265.101
2653,-124,265.201
2654,-124,265.301
2655,-124,265.4
2656,-123.8,265.5
2657,-123.8,265.599
2658,-123.8,265.699
2659,-123.8,265.81
2660,-123.8,265.9
2661,-123.6,265.999
2662,-123.6,266.099
2663,-123.6,266.201
2664,-123.6,266.301
2665,-123.4,266.403
2666,-123.4,266.501
2667,-123.4,266.6
2668,-123.4,266.701
2669,-123.2,266.799
2670,-123.2,266.9
2671,-123.2,267
2672,-123.2,267.099
2673,-123.2,267.201
2674,-123,267.301
2675,-123,267.401
2676,-123,267.521
2677,-123,267.6
2678,-123,267.699
2679,-123,267.799
2680,-122.8,267.9
2681,-122.8,267.999
2682,-122.8,268.102
2683,-122.8,268.2
2684,-122.8,268.299
2685,-122.6,268.398
2686,-122.6,268.498
2687,-122.6,268.6
2688,-122.6,268.7
2689,-122.6,268.798
2690,-122.6,268.899
2691,-122.4,269
2692,-122.4,269.1
2693,-122.4,269.199
2694,-122.4,269.299
2695,-122.2,269.399
2696,-122.2,269.5
2697,-122.2,269.599
2698,-122.2,269.699
2699,-122.2,269.8
2700,-122.2,269.899
2701,-122.2,270
2702,-122,270.1
2703,-122,270.199
2704,-122,270.299
2705,-122,270.4
2706,-122,270.499
2707,-121.8,270.599
2708,-121.8,270.7
2709,-121.8,270.798
2710,-121.8,270.899
2711,-121.8,270.998
2712,-121.8,271.102
2713,-121.8,271.199
2714,-121.6,271.3
2715,-121.6,271.4
2716,-121.6,271.501
2717,-121.6,271.599
2718,-121.6,271.702
2719,-121.6,271.8
2720,-121.4,271.902
2721,-121.4,271.999
2722,-121.4,272.1
2723,-121.4,272.2
2724,-121.4,272.3
2725,-121.2,272.4
2726,-121.2,272.499
2727,-121.2,272.6
2728,-121.2,272.701
2729,-121.2,272.8
2730,-121.2,272.899
2731,-121.2,272.999
2732,-121.2,273.1
2733,-121,273.201
2734,-121,273.3
2735,-121,273.402
2736,-121,273.5
2737,-121,273.599
2738,-121,273.699
2739,-121,273.799
2740,-121,273.899
2741,-120.8,273.999
2742,-120.8,274.099
2743,-120.8,274.199
2744,-120.8,274.299
2745,-120.8,274.399
2746,-120.8,274.5
2747,-120.8,274.599
2748,-120.6,274.699
2749,-120.6,274.799
2750,-120.6,274.899
2751,-120.6,274.999
2752,-120.6,275.099
2753,-120.6,275.199
2754,-120.6,275.299
2755,-120.4,275.399
2756,-120.4,275.5
2757,-120.4,275.599
2758,-120.4,275.699
2759,-120.4,275.8
2760,-120.4,275.901
2761,-120.2,275.999
2762,-120.2,276.099
2763,-120.2,276.199
2764,-120.2,276.304
2765,-120.2,276.401
2766,-120.2,276.5
2767,-120.2,276.601
2768,-120.2,276.699
2769,-120.2,276.799
2770,-120.2,276.9
2771,-120,277
2772,-120,277.099
2773,-120,277.2
2774,-120,277.299
2775,-120,277.406
2776,-120,277.5
2777,-120,277.599
2778,-120,277.699
2779,-119.8,277.8
2780,-119.8,277.899
2781,-119.8,277.999
2782,-119.8,278.099
2783,-119.8,278.208
2784,-119.8,278.3
2785,-119.8,278.399
2786,-119.8,278.499
2787,-119.8,278.599
2788,-119.6,278.699
2789,-119.6,278.799
2790,-119.6,278.899
2791,-119.6,279.002
2792,-119.6,279.099
2793,-119.6,279.2
2794,-119.6,279.298
2795,-119.6,279.399
2796,-119.4,279.499
2797,-119.4,279.599
2798,-119.4,279.7
2799,-119.4,279.799
2800,-119.4,279.899
2801,-119.4,279.999
2802,-119.4,280.099
2803,-119.4,280.2
2804,-119.4,280.298
2805,-119.2,280.401
2806,-119.2,280.499
2807,-119.2,280.599
2808,-119.2,280.713
2809,-119.2,280.802
2810,-119.2,280.901
2811,-119.2,280.999
2812,-119.2,281.1
2813,-119,281.201
2814,-119,281.3
2815,-119,281.4
2816,-119,281.5
2817,-119,281.6
2818,-119,281.7
2819,-119,281.8
2820,-119,281.9
2821,-119,281.999
2822,-119,282.1
2823,-119,282.199
2824,-119,282.299
2825,-118.8,282.4
2826,-118.8,282.499
2827,-118.8,282.6
2828,-118.8,282.722
2829,-118.8,282.8
2830,-118.8,282.9
2831,-118.8,282.999
2832,-118.8,283.099
2833,-118.8,283.201
2834,-118.8,283.3
2835,-118.6,283.399
2836,-118.6,283.5
2837,-118.6,283.598
2838,-118.6,283.699
2839,-118.6,283.799
2840,-118.6,283.901
2841,-118.6,284
2842,-118.6,284.102
2843,-118.6,284.2
2844,-118.6,284.3
2845,-118.6,284.399
2846,-118.4,284.5
2847,-118.4,284.599
2848,-118.4,284.699
2849,-118.4,284.8
2850,-118.4,284.899
2851,-118.4,285
2852,-118.4,285.1
2853,-118.4,285.2
2854,-118.2,285.299
2855,-118.2,285.401
2856,-118.2,285.5
2857,-118.2,285.6
2858,-118.2,285.7
2859,-118.2,285.799
2860,-118.2,285.9
2861,-118.2,285.999
2862,-118.2,286.099
2863,-118.2,286.199
2864,-118.2,286.299
2865,-118.2,286.399
2866,-118,286.5
2867,-118,286.601
2868,-118,286.699
2869,-118,286.799
2870,-118,286.9
2871,-118,287
2872,-118,287.099
2873,-118,287.199
2874,-118,287.299
2875,-118,287.399
2876,-118,287.499
2877,-118,287.599
2878,-117.8,287.7
2879,-117.8,287.799
2880,-117.8,287.899
2881,-117.8,287.999
2882,-117.8,288.099
2883,-117.8,288.2
2884,-117.8,288.299
2885,-117.8,288.399
2886,-117.8,288.499
2887,-117.8,288.599
2888,-117.8,288.7
2889,-117.8,288.8
2890,-117.6,288.899
2891,-117.6,288.999
2892,-117.6,289.1
2893,-117.6,289.201
2894,-117.6,289.299
2895,-117.6,289.4
2896,-117.6,289.5
2897,-117.6,289.601
2898,-117.6,289.699
2899,-117.6,289.8
2900,-117.6,289.901
2901,-117.6,289.999
2902,-117.4,290.1
2903,-117.4,290.199
2904,-117.4,290.301
2905,-117.4,290.4
2906,-117.4,290.5
2907,-117.4,290.605
2908,-117.4,290.7
2909,-117.4,290.799
2910,-117.4,290.899
2911,-117.4,290.998
2912,-117.4,291.099
2913,-117.2,291.199
2914,-117.2,291.299
2915,-117.2,291.398
2916,-117.2,291.499
2917,-117.2,291.6
2918,-117.2,291.7
2919,-117.2,291.799
2920,-117.2,291.899
2921,-117.2,292
2922,-117.2,292.1
2923,-117.2,292.2
2924,-117,292.3
2925,-117,292.402
2926,-117,292.499
2927,-117,292.599
2928,-117,292.699
2929,-117,292.801
2930,-117,292.9
2931,-117,292.999
2932,-117,293.099
2933,-117,293.205
2934,-117,293.3
2935,-117,293.399
2936,-117,293.499
2937,-117,293.604
2938,-117,293.7
2939,-117,293.8
2940,-116.8,293.899
2941,-116.8,293.999
2942,-116.8,294.099
2943,-116.8,294.199
2944,-116.8,294.299
2945,-116.8,294.398
2946,-116.8,294.499
2947,-116.8,294.599
2948,-116.8,294.699
2949,-116.8,294.8
2950,-116.8,294.9
2951,-116.8,295.005
2952,-116.8,295.101
2953,-116.6,295.202
2954,-116.6,295.3
2955,-116.6,295.401
2956,-116.6,295.5
2957,-116.6,295.6
2958,-116.6,295.701
2959,-116.6,295.799
2960,-116.6,295.9
2961,-116.6,296
2962,-116.6,296.099
2963,-116.6,296.2
2964,-116.6,296.299
2965,-116.6,296.4
2966,-116.6,296.5
2967,-116.4,296.599
2968,-116.4,296.7
2969,-116.4,296.8
2970,-116.4,296.899
2971,-116.4,297
2972,-116.4,297.099
2973,-116.4,297.202
2974,-116.4,297.302
2975,-116.4,297.4
2976,-116.4,297.5
2977,-116.4,297.599
2978,-116.4,297.706
2979,-116.2,297.801
2980,-116.2,297.898
2981,-116.2,297.999
2982,-116.2,298.099
2983,-116.2,298.198
2984,-116.2,298.3
2985,-116.2,298.399
2986,-116.2,298.498
2987,-116.2,298.598
2988,-116.2,298.698
2989,-116.2,298.8
2990,-116.2,298.899
2991,-116.2,298.998
2992,-116.2,299.099
2993,-116,299.198
2994,-116,299.299
2995,-116,299.398
2996,-116,299.498
2997,-116,299.598
2998,-116,299.699
2999,-116,299.799
3000,-116,299.905
3001,-116,300
3002,-116,300.098
3003,-116,300.199
3004,-116,300.301
3005,-116,300.399
3006,-116,300.499
3007,-116,300.599
3008,-116,300.698
3009,-116,300.8
3010,-116,300.899
3011,-115.8,300.999
3012,-115.8,301.099
3013,-115.8,301.201
3014,-115.8,301.299
3015,-115.8,301.399
3016,-115.8,301.499
3017,-115.8,301.599
3018,-115.8,301.699
3019,-115.8,301.799
3020,-115.8,301.899
3021,-115.8,301.999
3022,-115.8,302.099
3023,-115.8,302.199
3024,-115.8,302.299
3025,-115.8,302.399
3026,-115.8,302.499
3027,-115.6,302.599
3028,-115.6,302.7
3029,-115.6,302.799
3030,-115.6,302.899
3031,-115.6,303
3032,-115.6,303.099
3033,-115.6,303.199
3034,-115.6,303.301
3035,-115.6,303.399
3036,-115.6,303.499
3037,-115.6,303.598
3038,-115.6,303.7
3039,-115.6,303.799
3040,-115.6,303.898
3041,-115.6,303.999
3042,-115.6,304.099
3043,-115.4,304.199
3044,-115.4,304.299
3045,-115.4,304.399
3046,-115.4,304.498
3047,-115.4,304.599
3048,-115.4,304.699
3049,-115.4,304.798
3050,-115.4,304.901
3051,-115.4,304.999
3052,-115.4,305.099
3053,-115.4,305.199
3054,-115.4,305.304
3055,-115.4,305.4
3056,-115.4,305.499
3057,-115.2,305.6
3058,-115.2,305.7
3059,-115.2,305.799
3060,-115.2,305.899
3061,-115.2,305.999
3062,-115.2,306.099
3063,-115.2,306.199
3064,-115.2,306.3
3065,-115.2,306.399
3066,-115.2,306.499
3067,-115.2,306.6
3068,-115.2,306.702
3069,-115.2,306.8
3070,-115.2,306.899
3071,-115.2,307.001
3072,-115.2,307.099
3073,-115,307.2
3074,-115,307.299
3075,-115,307.399
3076,-115,307.498
3077,-115,307.602
3078,-115,307.699
3079,-115,307.799
3080,-115,307.9
3081,-115,307.999
3082,-115,308.099
3083,-115,308.199
3084,-115,308.299
3085,-115,308.4
3086,-115,308.501
3087,-115,308.599
3088,-115,308.7
3089,-115,308.799
3090,-115,308.898
3091,-115,308.999
3092,-115,309.099
3093,-114.8,309.199
3094,-114.8,309.299
3095,-114.8,309.399
3096,-114.8,309.499
3097,-114.8,309.599
3098,-114.8,309.698
3099,-114.8,309.8
3100,-114.8,309.899
3101,-114.8,309.999
3102,-114.8,310.099
3103,-114.8,310.199
3104,-114.8,310.299
3105,-114.8,310.399
3106,-114.8,310.498
3107,-114.8,310.599
3108,-114.8,310.699
3109,-114.8,310.801
3110,-114.8,310.899
3111,-114.8,310.999
3112,-114.6,311.099
3113,-114.6,311.198
3114,-114.6,311.301
3115,-114.6,311.399
3116,-114.6,311.499
3117,-114.6,311.599
3118,-114.6,311.699
3119,-114.6,311.799
3120,-114.6,311.899
3121,-114.6,312
3122,-114.6,312.099
3123,-114.6,312.199
3124,-114.6,312.301
3125,-114.6,312.399
3126,-114.6,312.501
3127,-114.6,312.601
3128,-114.6,312.7
3129,-114.6,312.8
3130,-114.6,312.905
3131,-114.6,313.004
3132,-114.4,313.1
3133,-114.4,313.199
3134,-114.4,313.3
3135,-114.4,313.399
3136,-114.4,313.499
3137,-114.4,313.599
3138,-114.4,313.699
3139,-114.4,313.799
3140,-114.4,313.904
3141,-114.4,314.001
3142,-114.4,314.101
3143,-114.4,314.203
3144,-114.4,314.301
3145,-114.4,314.401
3146,-114.4,314.499
3147,-114.2,314.6
3148,-114.2,314.7
3149,-114.2,314.799
3150,-114.2,314.899
3151,-114.2,315
3152,-114.2,315.1
3153,-114.2,315.199
3154,-114.2,315.3
3155,-114.2,315.399
3156,-114.2,315.5
3157,-114.2,315.6
3158,-114.2,315.701
3159,-114.2,315.8
3160,-114.2,315.899
3161,-114.2,315.999
3162,-114.2,316.099
3163,-114.2,316.2
3164,-114.2,316.3
3165,-114.2,316.399
3166,-114,316.499
3167,-114,316.6
3168,-114,316.699
3169,-114,316.802
3170,-114,316.9
3171,-114,317
3172,-114,317.099
3173,-114,317.2
3174,-114,317.3
3175,-114,317.399
3176,-114,317.5
3177,-114,317.599
3178,-114,317.699
3179,-114,317.8
3180,-114,317.9
3181,-114,318
3182,-114,318.1
3183,-114,318.2
3184,-114,318.3
3185,-114,318.399
3186,-114,318.5
3187,-114,318.599
3188,-114,318.702
3189,-113.8,318.799
3190,-113.8,318.899
3191,-113.8,319
3192,-113.8,319.099
3193,-113.8,319.201
3194,-113.8,319.299
3195,-113.8,319.399
3196,-113.8,319.499
3197,-113.8,319.6
3198,-113.8,319.699
3199,-113.8,319.799
3200,-113.8,319.903
3201,-113.8,320.001
3202,-113.8,320.102
3203,-113.8,320.202
3204,-113.8,320.303
3205,-113.8,320.401
3206,-113.8,320.5
3207,-113.8,320.601
3208,-113.8,320.701
3209,-113.8,320.802
3210,-113.8,320.904
3211,-113.6,321.002
3212,-113.6,321.103
3213,-113.6,321.202
3214,-113.6,321.301
3215,-113.6,321.401
3216,-113.6,321.5
3217,-113.6,321.603
3218,-113.6,321.701
3219,-113.6,321.802
3220,-113.6,321.901
3221,-113.6,322
3222,-113.6,322.1
3223,-113.6,322.199
3224,-113.6,322.3
3225,-113.6,322.4
3226,-113.6,322.5
3227,-113.6,322.6
3228,-113.6,322.699
3229,-113.6,322.802
3230,-113.6,322.903
3231,-113.4,323
3232,-113.6,323.1
3233,-113.6,323.2
3234,-113.4,323.301
3235,-113.4,323.4
3236,-113.4,323.5
3237,-113.4,323.603
3238,-113.4,323.702
3239,-113.4,323.801
3240,-113.4,323.901
3241,-113.4,324
3242,-113.4,324.1
3243,-113.4,324.2
3244,-113.4,324.301
3245,-113.4,324.402
3246,-113.4,324.5
3247,-113.4,324.601
3248,-113.4,324.699
3249,-113.4,324.802
3250,-113.4,324.902
3251,-113.2,324.999
3252,-113.2,325.1
3253,-113.2,325.199
3254,-113.2,325.299
3255,-113.2,325.399
3256,-113.2,325.499
3257,-113.2,325.599
3258,-113.2,325.699
3259,-113.2,325.799
3260,-113.2,325.899
3261,-113.2,325.999
3262,-113.2,326.099
3263,-113.2,326.201
3264,-113.2,326.299
3265,-113.2,326.399
3266,-113.2,326.499
3267,-113.2,326.599
3268,-113.2,326.699
3269,-113.2,326.799
3270,-113.2,326.91
3271,-113.2,327
3272,-113,327.1
3273,-113,327.199
3274,-113,327.299
3275,-113,327.398
3276,-113,327.499
3277,-113,327.599
3278,-113,327.699
3279,-113,327.799
3280,-113,327.899
3281,-113,327.999
3282,-113,328.099
3283,-113,328.199
3284,-113,328.299
3285,-113,328.399
3286,-113,328.499
3287,-113,328.599
3288,-113,328.699
3289,-113,328.799
3290,-113,328.899
3291,-113,328.999
3292,-113,329.099
3293,-113,329.199
3294,-113,329.299
3295,-113,329.399
3296,-113,329.499
3297,-112.8,329.601
3298,-112.8,329.702
3299,-112.8,329.801
3300,-112.8,329.902
3301,-112.8,330
3302,-112.8,330.101
3303,-112.8,330.199
3304,-112.8,330.3
3305,-112.8,330.401
3306,-112.8,330.5
3307,-112.8,330.601
3308,-112.8,330.701
3309,-112.8,330.8
3310,-112.8,330.901
3311,-112.8,331.015
3312,-112.8,331.102
3313,-112.8,331.199
3314,-112.8,331.3
3315,-112.8,331.399
3316,-112.8,331.5
3317,-112.8,331.6
3318,-112.8,331.699
3319,-112.8,331.8
3320,-112.8,331.9
3321,-112.8,331.999
3322,-111.8,332.1
3323,-109.6,332.199
3324,-106.6,332.3
3325,-102.6,332.399
3326,-102.6,332.499
3327,-98.4,332.599
3328,-92.8,332.699
3329,-87.8,332.799
3330,-82.4,332.899
3331,-78.4,332.999
3332,-78.4,333.099
3333,-75.2,333.198
3334,-72.8,333.3
3335,-71.8,333.399
3336,-71.8,333.499
3337,-71.8,333.599
3338,-72.2,333.702
3339,-72.6,333.8
3340,-73,333.901
3341,-73.4,333.999
3342,-73.6,334.1
3343,-73.6,334.199
3344,-73.8,334.299
3345,-74.2,334.401
3346,-74.4,334.5
3347,-74.6,334.601
3348,-74.8,334.7
3349,-74.8,334.801
3350,-74.8,334.899
3351,-75,335
3352,-75.2,335.1
3353,-75.4,335.2
3354,-75.4,335.299
3355,-75.4,335.399
3356,-75.6,335.499
3357,-75.6,335.601
3358,-75.8,335.704
3359,-75.8,335.801
3360,-76,335.9
3361,-76,335.999
3362,-76,336.1
3363,-76.2,336.201
3364,-76.2,336.3
3365,-76.4,336.4
3366,-76.4,336.499
3367,-76.4,336.601
3368,-76.4,336.699
3369,-76.4,336.8
3370,-76.6,336.903
3371,-76.6,336.999
3372,-76.6,337.099
3373,-76.6,337.199
3374,-76.8,337.3
3375,-76.8,337.399
3376,-76.8,337.499
3377,-76.8,337.599
3378,-76.8,337.699
3379,-77,337.799
3380,-77,337.899
3381,-77,337.999
3382,-77.2,338.098
3383,-77.2,338.199
3384,-77.2,338.301
3385,-77.2,338.399
3386,-77.2,338.5
3387,-77.4,338.599
3388,-77.4,338.699
3389,-77.4,338.802
3390,-77.4,338.901
3391,-77.4,338.999
3392,-77.6,339.099
3393,-77.6,339.199
3394,-77.6,339.3
3395,-77.6,339.399
3396,-77.6,339.5
3397,-77.6,339.599
3398,-77.8,339.699
3399,-77.8,339.799
3400,-77.8,339.899
3401,-77.8,340
3402,-77.8,340.1
3403,-77.8,340.199
3404,-77.8,340.299
3405,-77.8,340.4
3406,-78,340.499
3407,-78,340.598
3408,-78,340.699
3409,-78,340.799
3410,-78,340.899
3411,-78,340.999
3412,-78.2,341.1
3413,-78.2,341.2
3414,-78.2,341.3
3415,-78.2,341.4
3416,-78.2,341.499
3417,-78.2,341.599
3418,-78.2,341.699
3419,-78.2,341.799
3420,-78.2,341.901
3421,-78.2,342
3422,-78.4,342.102
3423,-78.4,342.198
3424,-78.4,342.3
3425,-78.4,342.399
3426,-78.4,342.499
3427,-78.4,342.599
3428,-78.4,342.699
3429,-78.4,342.799
3430,-78.4,342.899
3431,-78.4,342.999
3432,-78.6,343.099
3433,-78.6,343.199
3434,-78.6,343.298
3435,-78.6,343.399
3436,-78.6,343.499
3437,-78.6,343.599
3438,-78.6,343.699
3439,-78.6,343.799
3440,-78.6,343.9
3441,-78.6,343.999
3442,-78.6,344.098
3443,-78.8,344.199
3444,-78.8,344.299
3445,-78.8,344.398
3446,-78.8,344.499
3447,-78.8,344.599
3448,-78.8,344.699
3449,-78.8,344.823
3450,-78.8,344.901
3451,-78.8,344.999
3452,-78.8,345.099
3453,-78.8,345.199
3454,-78.8,345.299
3455,-78.8,345.399
3456,-78.8,345.499
3457,-78.8,345.599
3458,-79,345.699
3459,-79,345.8
3460,-79,345.899
3461,-79,345.999
3462,-79,346.099
3463,-79,346.199
3464,-79,346.299
3465,-79,346.399
3466,-79,346.5
3467,-79,346.604
3468,-79,346.701
3469,-79.2,346.799
3470,-79.2,346.899
3471,-79.2,347
3472,-79.2,347.099
3473,-79.2,347.199
3474,-79.2,347.299
3475,-79.2,347.418
3476,-79.2,347.499
3477,-79.2,347.602
3478,-79.2,347.701
3479,-79.2,347.803
3480,-79.2,347.904
3481,-79.2,348.001
3482,-79.2,348.1
3483,-79.2,348.199
3484,-79.4,348.299
3485,-79.4,348.399
3486,-79.4,348.499
3487,-79.4,348.599
3488,-79.4,348.698
3489,-79.4,348.8
3490,-79.4,348.907
3491,-79.4,349
3492,-79.4,349.1
3493,-79.4,349.202
3494,-79.4,349.303
3495,-79.4,349.401
3496,-79.4,349.502
3497,-79.4,349.6
3498,-79.4,349.7
3499,-79.4,349.8
3500,-79.4,349.901
3501,-79.4,349.999
3502,-79.4,350.099
3503,-79.4,350.199
3504,-79.6,350.299
3505,-79.6,350.399
3506,-79.6,350.5
3507,-79.6,350.599
3508,-79.6,350.699
3509,-79.6,350.799
3510,-79.6,350.899
3511,-79.6,350.999
3512,-79.6,351.1
3513,-79.6,351.204
3514,-79.6,351.303
3515,-79.6,351.401
3516,-79.6,351.501
3517,-79.6,351.6
3518,-79.6,351.702
3519,-79.6,351.801
3520,-79.6,351.899
3521,-79.6,352
3522,-79.6,352.102
3523,-79.6,352.202
3524,-79.6,352.307
3525,-79.6,352.404
3526,-79.8,352.502
3527,-79.8,352.602
3528,-79.8,352.703
3529,-79.8,352.803
3530,-79.8,352.904
3531,-79.8,353.015
3532,-79.8,353.1
3533,-79.8,353.2
3534,-79.8,353.3
3535,-79.8,353.401
3536,-79.8,353.5
3537,-79.8,353.603
3538,-79.8,353.701
3539,-79.8,353.799
3540,-79.8,353.899
3541,-79.8,353.999
3542,-79.8,354.1
3543,-79.8,354.2
3544,-79.8,354.299
3545,-79.8,354.4
3546,-79.8,354.5
3547,-79.8,354.6
3548,-79.8,354.7
3549,-79.8,354.8
3550,-79.8,354.899
3551,-79.8,355
3552,-79.8,355.099
3553,-79.8,355.199
3554,-79.8,355.3
3555,-79.8,355.4
3556,-79.8,355.499
3557,-80,355.601
3558,-79.8,355.705
3559,-79.8,355.8
3560,-80,355.899
3561,-80,356
3562,-80,356.099
3563,-80,356.199
3564,-80,356.301
3565,-80,356.399
3566,-80,356.499
3567,-80,356.599
3568,-80,356.701
3569,-80,356.8
3570,-80,356.901
3571,-80,356.999
3572,-80,357.099
3573,-80,357.199
3574,-80,357.299
3575,-80,357.399
3576,-80,357.499
3577,-80,357.599
3578,-80,357.699
3579,-80,357.799
3580,-80,357.899
3581,-80,357.999
3582,-80,358.099
3583,-80,358.199
3584,-80,358.299
3585,-80,358.399
3586,-80,358.499
3587,-80,358.599
3588,-80.2,358.699
3589,-80.2,358.799
3590,-80.2,358.899
3591,-80.2,358.999
3592,-80.2,359.099
3593,-80.2,359.199
3594,-80.2,359.301
3595,-80.2,359.399
3596,-80.2,359.499
3597,-80.2,359.599
3598,-80.2,359.699
3599,-80.2,359.799
3600,-80.2,359.899
3601,-80.2,360.001
3602,-80.2,360.1
3603,-80.2,360.199
3604,-80.2,360.299
3605,-80.2,360.399
3606,-80.2,360.499
3607,-80.2,360.599
3608,-80.2,360.7
3609,-80.2,360.801
3610,-80.2,360.899
3611,-80.2,360.999
3612,-80.2,361.099
3613,-80.2,361.199
3614,-80.2,361.299
3615,-80.2,361.399
3616,-80.2,361.499
3617,-80.2,361.599
3618,-80.2,361.699
3619,-80.2,361.802
3620,-80.2,361.9
3621,-80.2,361.999
3622,-80.2,362.099
3623,-80.4,362.199
3624,-80.4,362.299
3625,-80.4,362.401
3626,-80.4,362.499
3627,-80.4,362.6
3628,-80.4,362.699
3629,-80.4,362.799
3630,-80.4,362.898
3631,-80.4,362.999
3632,-80.4,363.099
3633,-80.4,363.199
3634,-80.4,363.302
3635,-80.4,363.399
3636,-80.4,363.5
3637,-80.4,363.599
3638,-80.4,363.699
3639,-80.4,363.801
3640,-80.4,363.904
3641,-80.4,364
3642,-80.4,364.099
3643,-80.4,364.199
3644,-80.4,364.298
3645,-80.4,364.4
3646,-80.4,364.5
3647,-80.4,364.599
3648,-80.4,364.699
3649,-80.4,364.799
3650,-80.4,364.899
3651,-80.4,365
3652,-80.4,365.102
3653,-80.4,365.199
3654,-80.4,365.3
3655,-80.4,365.399
3656,-80.4,365.499
3657,-80.4,365.6
3658,-80.4,365.701
3659,-80.4,365.801
3660,-80.4,365.903
3661,-80.4,366.003
3662,-80.4,366.103
3663,-80.4,366.201
3664,-80.4,366.302
3665,-80.4,366.419
3666,-80.4,366.5
3667,-80.4,366.599
3668,-80.6,366.7
3669,-80.6,366.799
3670,-80.6,366.899
3671,-80.6,367
3672,-80.6,367.1
3673,-80.6,367.2
3674,-80.6,367.299
3675,-80.6,367.4
3676,-80.6,367.499
3677,-80.6,367.598
3678,-80.6,367.698
3679,-80.6,367.8
3680,-80.6,367.899
3681,-80.6,367.999
3682,-80.6,368.099
3683,-80.6,368.199
3684,-80.6,368.299
3685,-80.6,368.399
3686,-80.6,368.5
3687,-80.6,368.598
3688,-80.6,368.706
3689,-80.6,368.803
3690,-80.6,368.903
3691,-80.6,369
3692,-80.6,369.114
3693,-80.6,369.202
3694,-80.6,369.301
3695,-80.6,369.399
3696,-80.6,369.499
3697,-80.6,369.6
3698,-80.6,369.699
3699,-80.6,369.799
3700,-80.6,369.899
3701,-80.6,369.999
3702,-80.6,370.099
3703,-80.6,370.199
3704,-80.6,370.299
3705,-80.6,370.399
3706,-80.6,370.499
3707,-80.6,370.599
3708,-80.6,370.699
3709,-80.6,370.801
3710,-80.6,370.901
3711,-80.6,370.999
3712,-80.6,371.099
3713,-80.6,371.199
3714,-80.6,371.3
3715,-80.6,371.399
3716,-80.6,371.498
3717,-80.6,371.599
3718,-80.6,371.708
3719,-80.6,371.8
3720,-80.6,371.901
3721,-80.6,371.999
3722,-80.6,372.099
3723,-80.6,372.199
3724,-80.6,372.3
3725,-80.6,372.399
3726,-80.6,372.499
3727,-80.6,372.599
3728,-80.6,372.7
3729,-80.6,372.8
3730,-80.6,372.9
3731,-80.6,372.999
3732,-80.6,373.1
3733,-80.6,373.2
3734,-80.8,373.299
3735,-80.6,373.399
3736,-80.8,373.499
3737,-80.8,373.6
3738,-80.8,373.7
3739,-80.8,373.8
3740,-80.8,373.9
3741,-80.8,373.999
3742,-80.8,374.099
3743,-80.8,374.199
3744,-80.8,374.299
3745,-80.8,374.4
3746,-80.8,374.5
3747,-80.8,374.599
3748,-80.8,374.701
3749,-80.8,374.799
3750,-80.8,374.902
3751,-80.8,375
3752,-80.8,375.103
3753,-80.8,375.204
3754,-80.8,375.302
3755,-80.8,375.401
3756,-80.8,375.501
3757,-80.8,375.602
3758,-80.8,375.703
3759,-80.8,375.804
3760,-80.8,375.903
3761,-80.8,376.002
3762,-80.8,376.102
3763,-80.8,376.202
3764,-80.8,376.302
3765,-80.8,376.402
3766,-80.8,376.501
3767,-80.8,376.605
3768,-80.8,376.701
3769,-80.8,376.807
3770,-80.8,376.901
3771,-80.8,377.001
3772,-80.8,377.101
3773,-80.8,377.2
3774,-80.8,377.299
3775,-80.8,377.399
3776,-80.8,377.499
3777,-80.8,377.602
3778,-80.8,377.7
3779,-80.8,377.799
3780,-80.8,377.899
3781,-80.8,377.999
3782,-80.8,378.099
3783,-80.8,378.199
3784,-80.8,378.299
3785,-80.8,378.399
3786,-80.8,378.499
3787,-80.8,378.599
3788,-80.8,378.7
3789,-80.8,378.799
3790,-80.8,378.903
3791,-80.8,379.001
3792,-80.8,379.099
3793,-80.8,379.198
3794,-80.8,379.299
3795,-80.8,379.398
3796,-80.8,379.5
3797,-80.8,379.598
3798,-80.8,379.698
3799,-80.8,379.799
3800,-80.8,379.899
3801,-80.8,379.998
3802,-80.8,380.118
3803,-80.8,380.2
3804,-80.8,380.299
3805,-80.8,380.398
3806,-80.8,380.499
3807,-80.8,380.6
3808,-80.8,380.699
3809,-80.8,380.799
3810,-80.8,380.899
3811,-80.8,380.999
3812,-81,381.098
3813,-81,381.198
3814,-81,381.3
3815,-81,381.401
3816,-81,381.498
3817,-81,381.599
3818,-81,381.7
3819,-81,381.799
3820,-81,381.899
3821,-81,381.999
3822,-81,382.101
3823,-81,382.2
3824,-81,382.3
3825,-81,382.41
3826,-81,382.501
3827,-81,382.599
3828,-81,382.699
3829,-81,382.801
3830,-81,382.899
3831,-81,382.999
3832,-81,383.1
3833,-81,383.199
3834,-81,383.299
3835,-81,383.399
3836,-81,383.499
3837,-81,383.599
3838,-81,383.699
3839,-81,383.802
3840,-81,383.899
3841,-80.8,384.003
3842,-77.8,384.101
3843,-71.8,384.199
3844,-71.8,384.299
3845,-65,384.399
3846,-59,384.499
3847,-54.6,384.599
3848,-52,384.705
3849,-51,384.801
3850,-51,384.9
3851,-48.2,385.001
3852,-46.6,385.099
3853,-46.4,385.199
3854,-46.8,385.305
3855,-47.2,385.4
3856,-47.2,385.5
3857,-47.6,385.601
3858,-48,385.7
3859,-48.2,385.8
3860,-48.6,385.901
3861,-48.8,386
3862,-48.8,386.103
3863,-49,386.201
3864,-49.2,386.3
3865,-49.4,386.399
3866,-49.6,386.499
3867,-49.6,386.605
3868,-49.6,386.7
3869,-49.8,386.8
3870,-50,386.9
3871,-50,386.999
3872,-50.2,387.098
3873,-50.2,387.199
3874,-50.4,387.299
3875,-50.4,387.4
3876,-50.6,387.499
3877,-50.6,387.6
3878,-50.6,387.698
3879,-50.6,387.8
3880,-50.8,387.901
3881,-50.8,387.999
3882,-51,388.099
3883,-51,388.199
3884,-51,388.302
3885,-51,388.403
3886,-51.2,388.5
3887,-51.2,388.599
3888,-51.4,388.699
3889,-51.4,388.801
3890,-51.4,388.902
3891,-51.4,389
3892,-51.4,389.101
3893,-51.6,389.207
3894,-51.6,389.302
3895,-51.6,389.41
3896,-51.8,389.5
3897,-51.8,389.601
3898,-51.8,389.699
3899,-51.8,389.8
3900,-51.8,389.899
3901,-52,389.999
3902,-52,390.099
3903,-52,390.199
3904,-52,390.303
3905,-52,390.405
3906,-52.2,390.5
3907,-52.2,390.599
3908,-52.2,390.7
3909,-52.2,390.799
3910,-52.2,390.899
3911,-52.4,390.999
3912,-52.4,391.099
3913,-52.4,391.199
3914,-52.4,391.3
3915,-52.4,391.401
3916,-52.4,391.499
3917,-52.6,391.599
3918,-52.6,391.699
3919,-52.6,391.819
3920,-52.6,391.903
3921,-52.6,392
3922,-52.6,392.1
3923,-52.6,392.211
3924,-52.8,392.301
3925,-52.8,392.399
3926,-52.8,392.499
3927,-52.8,392.599
3928,-52.8,392.699
3929,-52.8,392.799
3930,-52.8,392.899
3931,-53,392.999
3932,-53,393.101
3933,-53,393.2
3934,-53,393.299
3935,-53,393.399
3936,-53,393.5
3937,-53,393.599
3938,-53,393.699
3939,-53,393.799
3940,-53.2,393.902
3941,-53.2,393.999
3942,-53.2,394.099
3943,-53.2,394.199
3944,-53.2,394.301
3945,-53.2,394.399
3946,-53.2,394.499
3947,-53.2,394.598
3948,-53.4,394.701
3949,-53.4,394.799
3950,-53.4,394.901
3951,-53.4,395
3952,-53.4,395.099
3953,-53.4,395.199
3954,-53.4,395.301
3955,-53.4,395.402
3956,-53.4,395.5
3957,-53.4,395.601
3958,-53.6,395.699
3959,-53.6,395.799
3960,-53.6,395.899
3961,-53.6,396
3962,-53.6,396.101
3963,-53.6,396.199
3964,-53.6,396.299
3965,-53.6,396.4
3966,-53.6,396.5
3967,-53.6,396.606
3968,-53.6,396.703
3969,-53.8,396.804
3970,-53.8,396.902
3971,-53.8,397
3972,-53.8,397.1
3973,-53.8,397.199
3974,-53.8,397.299
3975,-53.8,397.399
3976,-53.8,397.5
3977,-53.8,397.599
3978,-53.8,397.7
3979,-53.8,397.8
3980,-53.8,397.9
3981,-54,397.999
3982,-54,398.099
3983,-54,398.199
3984,-54,398.299
3985,-54,398.4
3986,-54,398.499
3987,-54,398.601
3988,-54,398.707
3989,-54,398.801
3990,-54,398.899
3991,-54,398.999
3992,-54.2,399.099
3993,-54.2,399.199
3994,-54.2,399.299
3995,-54.2,399.399
3996,-54.2,399.5
3997,-54.2,399.599
3998,-54.2,399.699
3999,-54.2,399.799
4000,-54.2,399.899
4001,-54.2,399.999
4002,-54.2,400.099
4003,-54.2,400.199
4004,-54.2,400.299
4005,-54.2,400.399
4006,-54.2,400.499
4007,-54.2,400.599
4008,-54.2,400.704
4009,-54.2,400.805
4010,-54.4,400.902
4011,-54.4,401
4012,-54.4,401.104
4013,-54.4,401.204
4014,-54.4,401.303
4015,-54.4,401.405
4016,-54.4,401.501
4017,-54.4,401.601
4018,-54.4,401.7
4019,-54.4,401.807
4020,-54.4,401.901
4021,-54.4,402
4022,-54.4,402.103
4023,-54.4,402.2
4024,-54.4,402.299
4025,-54.4,402.399
4026,-54.4,402.499
4027,-54.6,402.598
4028,-54.6,402.699
4029,-54.6,402.798
4030,-54.6,402.899
4031,-54.6,403
4032,-54.6,403.099
4033,-54.6,403.199
4034,-54.6,403.299
4035,-54.6,403.399
4036,-54.6,403.5
4037,-54.6,403.603
4038,-54.6,403.7
4039,-54.6,403.799
4040,-54.6,403.899
4041,-54.6,403.999
4042,-54.6,404.102
4043,-54.6,404.199
4044,-54.6,404.299
4045,-54.6,404.399
4046,-54.8,404.499
4047,-54.8,404.601
4048,-54.8,404.699
4049,-54.8,404.801
4050,-54.8,404.899
4051,-54.8,405
4052,-54.8,405.101
4053,-54.8,405.199
4054,-54.8,405.3
4055,-54.8,405.399
4056,-54.8,405.499
4057,-54.8,405.599
4058,-54.8,405.7
4059,-54.8,405.822
4060,-54.8,405.903
4061,-54.8,406
4062,-54.8,406.1
4063,-54.8,406.199
4064,-54.8,406.3
4065,-54.8,406.398
4066,-54.8,406.499
4067,-55,406.599
4068,-55,406.704
4069,-55,406.8
4070,-55,406.899
4071,-55,407
4072,-55,407.099
4073,-55,407.2
4074,-55,407.299
4075,-55,407.401
4076,-55,407.5
4077,-55,407.612
4078,-55,407.7
4079,-55,407.8
4080,-55,407.899
4081,-55,408.001
4082,-55,408.099
4083,-55,408.199
4084,-55,408.298
4085,-55.2,408.401
4086,-55.2,408.499
4087,-55.2,408.598
4088,-55.2,408.699
4089,-55.2,408.799
4090,-55.2,408.899
4091,-55.2,408.999
4092,-55.2,409.1
4093,-55.2,409.199
4094,-55.2,409.299
4095,-55.2,409.4
4096,-55.2,409.499
4097,-55.2,409.601
4098,-55.2,409.699
4099,-55.2,409.799
4100,-55.2,409.9
4101,-55.2,410
4102,-55.2,410.099
4103,-55.2,410.199
4104,-55.2,410.299
4105,-55.2,410.399
4106,-55.2,410.498
4107,-55.2,410.601
4108,-55.2,410.702
4109,-55.2,410.804
4110,-55.2,410.906
4111,-55.2,411.018
4112,-55.2,411.101
4113,-55.2,411.199
4114,-55.2,411.303
4115,-55.2,411.399
4116,-55.4,411.499
4117,-55.4,411.599
4118,-55.4,411.699
4119,-55.4,411.802
4120,-55.4,411.9
4121,-55.4,411.999
4122,-55.4,412.099
4123,-55.4,412.2
4124,-55.4,412.3
4125,-55.4,412.399
4126,-55.4,412.5
4127,-55.4,412.601
4128,-55.4,412.699
4129,-55.4,412.8
4130,-55.4,412.9
4131,-55.4,412.999
4132,-55.4,413.1
4133,-55.4,413.201
4134,-55.4,413.299
4135,-55.4,413.399
4136,-55.4,413.499
4137,-55.4,413.599
4138,-55.4,413.7
4139,-55.4,413.803
4140,-55.4,413.902
4141,-55.4,413.999
4142,-55.4,414.099
4143,-55.4,414.199
4144,-55.4,414.299
4145,-55.6,414.401
4146,-55.6,414.5
4147,-55.6,414.599
4148,-55.6,414.7
4149,-55.6,414.799
4150,-55.6,414.901
4151,-55.6,415
4152,-55.6,415.099
4153,-55.6,415.199
4154,-55.6,415.299
4155,-55.6,415.399
4156,-55.6,415.5
4157,-55.6,415.599
4158,-55.6,415.699
4159,-55.6,415.799
4160,-55.6,415.899
4161,-55.6,416
4162,-55.6,416.102
4163,-55.6,416.2
4164,-55.6,416.3
4165,-55.6,416.399
4166,-55.6,416.499
4167,-55.6,416.6
4168,-55.6,416.699
4169,-55.6,416.8
4170,-55.6,416.899
4171,-55.6,417
4172,-55.6,417.1
4173,-55.6,417.199
4174,-55.6,417.301
4175,-55.6,417.399
4176,-55.6,417.499
4177,-55.6,417.6
4178,-55.6,417.7
4179,-55.8,417.799
4180,-55.8,417.899
4181,-55.8,418
4182,-55.8,418.099
4183,-55.8,418.199
4184,-55.8,418.301
4185,-55.8,418.399
4186,-55.8,418.499
4187,-55.8,418.599
4188,-55.8,418.699
4189,-55.8,418.799
4190,-55.8,418.9
4191,-55.8,418.999
4192,-55.8,419.1
4193,-55.8,419.2
4194,-55.8,419.299
4195,-55.8,419.399
4196,-55.8,419.499
4197,-55.8,419.599
4198,-55.8,419.7
4199,-55.8,419.799
4200,-55.8,419.91
4201,-55.8,419.999
4202,-55.8,420.099
4203,-55.8,420.199
4204,-55.8,420.299
4205,-55.8,420.402
4206,-55.8,420.5
4207,-55.8,420.599
4208,-55.8,420.698
4209,-55.8,420.806
4210,-55.8,420.901
4211,-55.8,420.999
4212,-55.8,421.099
4213,-55.8,421.199
4214,-55.8,421.3
4215,-55.8,421.399
4216,-55.8,421.499
4217,-56,421.598
4218,-56,421.702
4219,-55.8,421.801
4220,-56,421.902
4221,-56,422.003
4222,-56,422.1
4223,-56,422.201
4224,-56,422.298
4225,-56,422.419
4226,-56,422.499
4227,-56,422.599
4228,-56,422.699
4229,-56,422.803
4230,-56,422.9
4231,-56,423.001
4232,-56,423.099
4233,-56,423.199
4234,-56,423.299
4235,-56,423.401
4236,-56,423.5
4237,-56,423.599
4238,-56,423.699
4239,-56,423.798
4240,-56,423.899
4241,-56,424.002
4242,-56,424.099
4243,-56,424.199
4244,-56,424.299
4245,-56,424.401
4246,-56,424.499
4247,-56,424.6
4248,-56,424.699
4249,-56,424.798
4250,-56,424.901
4251,-56,424.999
4252,-56,425.099
4253,-56,425.2
4254,-56,425.3
4255,-56.2,425.4
4256,-56.2,425.499
4257,-56.2,425.6
4258,-56.2,425.7
4259,-56.2,425.799
4260,-56.2,425.899
4261,-56.2,425.999
4262,-56.2,426.1
4263,-56.2,426.199
4264,-56.2,426.3
4265,-56.2,426.4
4266,-56.2,426.5
4267,-56.2,426.599
4268,-56.2,426.701
4269,-56.2,426.799
4270,-56.2,426.899
4271,-56.2,426.999
4272,-56.2,427.099
4273,-56.2,427.204
4274,-56.2,427.3
4275,-56.2,427.403
4276,-56.2,427.5
4277,-56.2,427.599
4278,-56.2,427.699
4279,-56.2,427.799
4280,-56.2,427.899
4281,-56.2,427.999
4282,-56.2,428.098
4283,-56.2,428.2
4284,-56.2,428.298
4285,-56.2,428.416
4286,-56.2,428.5
4287,-56.2,428.599
4288,-56.2,428.699
4289,-56.2,428.8
4290,-56.2,428.899
4291,-56.2,428.999
4292,-56.2,429.098
4293,-56.2,429.2
4294,-56.2,429.299
4295,-56.2,429.4
4296,-56.2,429.5
4297,-56.2,429.598
4298,-56.2,429.717
4299,-56.2,429.805
4300,-56.2,429.9
4301,-56.2,429.999
4302,-56.2,430.098
4303,-56.2,430.199
4304,-56.2,430.299
4305,-56.2,430.399
4306,-56.2,430.5
4307,-56.2,430.601
4308,-56.2,430.7
4309,-56.2,430.8
4310,-56.4,430.902
4311,-56.4,431
4312,-56.4,431.118
4313,-56.4,431.2
4314,-56.4,431.299
4315,-56.4,431.4
4316,-56.4,431.499
4317,-56.4,431.6
4318,-56.4,431.699
4319,-56.4,431.8
4320,-56.4,431.899
4321,-56.4,432
4322,-56.4,432.101
4323,-56.4,432.199
4324,-56.4,432.299
4325,-56.4,432.399
4326,-56.4,432.5
4327,-56.4,432.6
4328,-56.4,432.699
4329,-56.4,432.8
4330,-56.4,432.9
4331,-56.4,433
4332,-56.4,433.1
4333,-56.4,433.199
4334,-56.4,433.299
4335,-56.4,433.399
4336,-56.4,433.503
4337,-56.4,433.6
4338,-56.4,433.7
4339,-56.4,433.799
4340,-56.4,433.899
4341,-56.4,433.999
4342,-56.4,434.099
4343,-56.4,434.199
4344,-56.4,434.299
4345,-56.4,434.4
4346,-56.4,434.5
4347,-56.4,434.599
4348,-56.4,434.7
4349,-56.4,434.799
4350,-56.4,434.899
4351,-56.4,434.999
4352,-56.4,435.1
4353,-56.4,435.198
4354,-56.4,435.3
4355,-56.4,435.399
4356,-56.4,435.5
4357,-56.4,435.599
4358,-56.4,435.699
4359,-56.4,435.799
4360,-56.4,435.9
4361,-56.4,435.999
4362,-56.4,436.099
4363,-56.4,436.199
4364,-56.4,436.299
4365,-56.4,436.399
4366,-56.2,436.5
4367,-56.2,436.599
4368,-54.4,436.699
4369,-51.2,436.799
4370,-51.2,436.899
4371,-47.2,436.998
4372,-43.8,437.099
4373,-41.8,437.199
4374,-41.4,437.299
4375,-41.4,437.401
4376,-41.4,437.499
4377,-41.4,437.599
4378,-41.8,437.699
4379,-41.4,437.8
4380,-36.6,437.91
4381,-32.2,437.999
4382,-32.2,438.102
4383,-27.8,438.201
4384,-24.2,438.301
4385,-23.8,438.4
4386,-23.2,438.499
4387,-23.2,438.601
4388,-21.4,438.701
4389,-19.6,438.798
4390,-18.8,438.92
4391,-18.8,439
4392,-18,439.099
4393,-18,439.199
4394,-16.8,439.3
4395,-15,439.4
4396,-13.2,439.5
4397,-8.8,439.6
4398,-4.2,439.699
4399,-4.2,439.799
4400,-3,439.899
4401,-3.2,440
4402,-4,440.099
4403,-4.6,440.199
4404,-5.2,440.299
4405,-5.2,440.401
4406,-5.8,440.5
4407,-6.2,440.614
4408,-6.6,440.701
4409,-6.8,440.8
4410,-7.2,440.901
4411,-7.2,441
4412,-7.4,441.101
4413,-7.8,441.201
4414,-7.8,441.3
4415,-8,441.403
4416,-8.2,441.5
4417,-8.2,441.6
4418,-8.4,441.703
4419,-8.6,441.8
4420,-8.8,441.9
4421,-9,442
4422,-9,442.099
4423,-9,442.199
4424,-9.2,442.299
4425,-9.4,442.402
4426,-9.4,442.5
4427,-9.6,442.6
4428,-9.6,442.701
4429,-9.8,442.802
4430,-9.8,442.902
4431,-10,443
4432,-10,443.102
4433,-10.2,443.202
4434,-10.2,443.302
4435,-10.2,443.401
4436,-10.4,443.501
4437,-10.4,443.602
4438,-10.6,443.704
4439,-10.6,443.802
4440,-10.6,443.902
4441,-10.8,444.001
4442,-10.8,444.105
4443,-10.8,444.202
4444,-11,444.3
4445,-11,444.4
4446,-11,444.499
4447,-11,444.599
4448,-11.2,444.699
4449,-11.2,444.799
4450,-11.2,444.899
4451,-11.2,444.999
4452,-11.4,445.099
4453,-11.4,445.2
4454,-11.4,445.299
4455,-11.6,445.399
4456,-11.6,445.499
4457,-11.6,445.601
4458,-11.6,445.701
4459,-11.8,445.802
4460,-11.8,445.901
4461,-11.8,446
4462,-11.8,446.1
4463,-11.8,446.202
4464,-12,446.302
4465,-12,446.401
4466,-12,446.499
4467,-12,446.599
4468,-12.2,446.699
4469,-12.2,446.802
4470,-12.2,446.899
4471,-12.2,446.999
4472,-12.2,447.1
4473,-12.2,447.199
4474,-12.4,447.3
4475,-12.4,447.399
4476,-12.4,447.499
4477,-12.4,447.599
4478,-12.4,447.699
4479,-12.6,447.8
4480,-12.6,447.901
4481,-12.6,448
4482,-12.6,448.1
4483,-12.6,448.2
4484,-12.8,448.3
4485,-12.8,448.399
4486,-12.8,448.499
4487,-12.8,448.599
4488,-12.8,448.7
4489,-12.8,448.799
4490,-12.8,448.899
4491,-12.8,448.999
4492,-12.8,449.099
4493,-13,449.199
4494,-13,449.302
4495,-13,449.405
4496,-13,449.5
4497,-13,449.6
4498,-13,449.699
4499,-13,449.799
4500,-13.2,449.899
4501,-13.2,450.002
4502,-13.2,450.102
4503,-13.2,450.198
4504,-13.2,450.3
4505,-13.2,450.401
4506,-13.2,450.499
4507,-13.4,450.599
4508,-13.4,450.699
4509,-13.4,450.799
4510,-13.4,450.899
4511,-13.4,450.999
4512,-13.4,451.099
4513,-13.4,451.199
4514,-13.4,451.298
4515,-13.6,451.399
4516,-13.6,451.503
4517,-13.6,451.603
4518,-13.6,451.701
4519,-13.6,451.801
4520,-13.6,451.902
4521,-13.6,452
4522,-13.6,452.103
4523,-13.8,452.222
4524,-13.8,452.301
4525,-13.8,452.4
4526,-13.8,452.5
4527,-13.8,452.599
4528,-13.8,452.7
4529,-13.8,452.8
4530,-13.8,452.899
4531,-14,452.999
4532,-14,453.099
4533,-14,453.199
4534,-14,453.299
4535,-14,453.4
4536,-14,453.499
4537,-14,453.599
4538,-14,453.699
4539,-14,453.801
4540,-14,453.9
4541,-14,454
4542,-14,454.1
4543,-14.2,454.2
4544,-14.2,454.31
4545,-14.2,454.401
4546,-14.2,454.499
4547,-14.2,454.601
4548,-14.2,454.699
4549,-14.2,454.799
4550,-14.2,454.901
4551,-14.2,454.999
4552,-14.2,455.099
4553,-14.2,455.2
4554,-14.2,455.299
4555,-14.4,455.399
4556,-14.4,455.499
4557,-14.4,455.6
4558,-14.4,455.699
4559,-14.4,455.8
4560,-14.4,455.9
4561,-14.4,456.007
4562,-14.4,456.102
4563,-14.4,456.199
4564,-14.4,456.299
4565,-14.4,456.399
4566,-14.4,456.5
4567,-14.6,456.599
4568,-14.6,456.699
4569,-14.6,456.799
4570,-14.6,456.911
4571,-14.6,456.999
4572,-14.6,457.099
4573,-14.6,457.199
4574,-14.6,457.298
4575,-14.6,457.399
4576,-14.6,457.499
4577,-14.6,457.599
4578,-14.6,457.699
4579,-14.8,457.811
4580,-14.8,457.9
4581,-14.8,458
4582,-14.8,458.101
4583,-14.8,458.203
4584,-14.8,458.304
4585,-14.8,458.404
4586,-14.8,458.519
4587,-14.8,458.601
4588,-14.8,458.7
4589,-14.8,458.8
4590,-14.8,458.901
4591,-14.8,459
4592,-14.8,459.1
4593,-15,459.2
4594,-15,459.3
4595,-15,459.4
4596,-15,459.5
4597,-15,459.6
4598,-15,459.701
4599,-15,459.799
4600,-15,459.899
4601,-15,459.998
4602,-15,460.099
4603,-15,460.199
4604,-15,460.299
4605,-15,460.399
4606,-15,460.499
4607,-15,460.599
4608,-15,460.702
4609,-15.2,460.803
4610,-15.2,460.9
4611,-15.2,461
4612,-15.2,461.101
4613,-15.2,461.199
4614,-15.2,461.301
4615,-15.2,461.399
4616,-15.2,461.499
4617,-15.2,461.599
4618,-15.2,461.699
4619,-15.2,461.801
4620,-15.2,461.901
4621,-15.2,461.999
4622,-15.2,462.1
4623,-15.2,462.199
4624,-15.2,462.3
4625,-15.2,462.399
4626,-15.2,462.5
4627,-15.4,462.601
4628,-15.4,462.701
4629,-15.4,462.799
4630,-15.4,462.899
4631,-15.4,463
4632,-15.4,463.101
4633,-15.4,463.201
4634,-15.4,463.3
4635,-15.4,463.4
4636,-15.4,463.499
4637,-15.4,463.599
4638,-15.4,463.699
4639,-15.4,463.799
4640,-15.4,463.901
4641,-15.4,464
4642,-15.4,464.1
4643,-15.4,464.201
4644,-15.4,464.299
4645,-15.4,464.399
4646,-15.4,464.5
4647,-15.6,464.6
4648,-15.6,464.698
4649,-15.6,464.801
4650,-15.6,464.9
4651,-15.6,464.999
4652,-15.6,465.103
4653,-15.6,465.2
4654,-15.6,465.302
4655,-15.6,465.399
4656,-15.6,465.505
4657,-15.6,465.604
4658,-15.6,465.705
4659,-15.6,465.82
4660,-15.6,465.901
4661,-15.6,465.999
4662,-15.8,466.099
4663,-15.8,466.199
4664,-15.8,466.3
4665,-15.8,466.399
4666,-15.8,466.5
4667,-15.8,466.599
4668,-15.8,466.699
4669,-15.8,466.798
4670,-15.8,466.899
4671,-15.8,467
4672,-15.8,467.11
4673,-15.8,467.201
4674,-15.8,467.3
4675,-15.8,467.399
4676,-15.8,467.5
4677,-15.8,467.6
4678,-15.8,467.699
4679,-15.8,467.801
4680,-15.8,467.916
4681,-15.8,468
4682,-15.8,468.104
4683,-15.8,468.201
4684,-16,468.306
4685,-16,468.401
4686,-16,468.499
4687,-16,468.6
4688,-16,468.699
4689,-16,468.799
4690,-16,468.899
4691,-16,468.999
4692,-16,469.1
4693,-16,469.199
4694,-16,469.299
4695,-16,469.399
4696,-16,469.499
4697,-16,469.6
4698,-16,469.699
4699,-16,469.799
4700,-16,469.899
4701,-16,469.999
4702,-16,470.126
4703,-16,470.206
4704,-16,470.301
4705,-16,470.4
4706,-16,470.499
4707,-16,470.6
4708,-16,470.699
4709,-16,470.799
4710,-16,470.899
4711,-16,471.002
4712,-16.2,471.099
4713,-16.2,471.2
4714,-16.2,471.3
4715,-16.2,471.399
4716,-16.2,471.499
4717,-16.2,471.599
4718,-16.2,471.699
4719,-16.2,471.799
4720,-16.2,471.899
4721,-16.2,471.999
4722,-16.2,472.099
4723,-16.2,472.2
4724,-16.2,472.3
4725,-16.2,472.399
4726,-16.2,472.499
4727,-16.2,472.607
4728,-16.2,472.7
4729,-16.2,472.802
4730,-16.2,472.899
4731,-16.2,473
4732,-16.2,473.099
4733,-16.2,473.199
4734,-16.2,473.299
4735,-16.2,473.399
4736,-16.2,473.5
4737,-16.4,473.615
4738,-16.4,473.702
4739,-16.4,473.8
4740,-16.4,473.899
4741,-16.4,473.999
4742,-16.4,474.106
4743,-16.4,474.2
4744,-16.4,474.299
4745,-16.4,474.402
4746,-16.4,474.5
4747,-16.4,474.6
4748,-16.4,474.702
4749,-16.4,474.801
4750,-16.4,474.907
4751,-16.4,474.999
4752,-16.4,475.1
4753,-16.4,475.203
4754,-16.4,475.301
4755,-16.4,475.401
4756,-16.4,475.5
4757,-16.4,475.599
4758,-16.4,475.699
4759,-16.4,475.801
4760,-16.4,475.902
4761,-16.4,476
4762,-16.4,476.099
4763,-16.4,476.199
4764,-16.4,476.305
4765,-16.4,476.4
4766,-16.6,476.499
4767,-16.6,476.604
4768,-16.6,476.701
4769,-16.6,476.8
4770,-16.6,476.902
4771,-16.6,476.999
4772,-16.6,477.099
4773,-16.6,477.2
4774,-16.6,477.299
4775,-16.6,477.4
4776,-16.6,477.499
4777,-16.6,477.601
4778,-16.6,477.7
4779,-16.6,477.799
4780,-16.6,477.9
4781,-16.6,478
4782,-16.6,478.099
4783,-16.6,478.199
4784,-16.6,478.3
4785,-16.6,478.404
4786,-16.6,478.5
4787,-16.6,478.601
4788,-16.6,478.701
4789,-16.6,478.801
4790,-16.6,478.901
4791,-16.6,478.999
4792,-16.6,479.099
4793,-16.6,479.199
4794,-16.6,479.302
4795,-16.8,479.399
4796,-16.8,479.5
4797,-16.8,479.601
4798,-16.8,479.704
4799,-16.8,479.801
4800,-16.8,479.902
4801,-16.8,480.002
4802,-16.8,480.099
4803,-16.8,480.218
4804,-16.8,480.302
4805,-16.8,480.4
4806,-16.8,480.5
4807,-16.8,480.599
4808,-16.8,480.702
4809,-16.8,480.802
4810,-16.8,480.903
4811,-16.8,481
4812,-16.8,481.101
4813,-16.8,481.202
4814,-16.8,481.302
4815,-16.8,481.4
4816,-16.8,481.499
4817,-16.8,481.606
4818,-16.8,481.702
4819,-16.8,481.8
4820,-16.8,481.899
4821,-16.8,482
4822,-16.8,482.101
4823,-16.8,482.199
4824,-16.8,482.3
4825,-16.8,482.401
4826,-16.8,482.499
4827,-16.8,482.601
4828,-16.8,482.699
4829,-16.8,482.801
4830,-17,482.9
4831,-17,482.999
4832,-17,483.1
4833,-17,483.199
4834,-17,483.299
4835,-17,483.401
4836,-17,483.499
4837,-17,483.618
4838,-17,483.703
4839,-17,483.8
4840,-17,483.899
4841,-17,484
4842,-17,484.099
4843,-17,484.211
4844,-17,484.301
4845,-17,484.401
4846,-17,484.5
4847,-17,484.6
4848,-17,484.699
4849,-17,484.799
4850,-17,484.901
4851,-17,484.999
4852,-17,485.099
4853,-17,485.2
4854,-17,485.3
4855,-17,485.399
4856,-17,485.499
4857,-17,485.601
4858,-17,485.699
4859,-17,485.799
4860,-17,485.899
4861,-17,485.999
4862,-17,486.099
4863,-17,486.199
4864,-17,486.3
4865,-17,486.402
4866,-17,486.5
4867,-17,486.599
4868,-17,486.699
4869,-17,486.799
4870,-17,486.899
4871,-17,486.998
4872,-17,487.099
4873,-17,487.199
4874,-17,487.299
4875,-17.2,487.399
4876,-17.2,487.499
4877,-17.2,487.599
4878,-17.2,487.699
4879,-17.2,487.799
4880,-17.2,487.9
4881,-17.2,487.999
4882,-17.2,488.099
4883,-17.2,488.199
4884,-17.2,488.299
4885,-17.2,488.399
4886,-17.2,488.506
4887,-17.2,488.603
4888,-17.2,488.699
4889,-17.2,488.799
4890,-17.2,488.899
4891,-17.2,489
4892,-17.2,489.1
4893,-17.2,489.2
4894,-17.2,489.301
4895,-17.2,489.4
4896,-17.2,489.502
4897,-17.2,489.603
4898,-17.2,489.719
4899,-17.2,489.801
4900,-17.2,489.9
4901,-17.2,490.001
4902,-17.2,490.099
4903,-17.2,490.198
4904,-17.2,490.3
4905,-17.2,490.414
4906,-17.2,490.5
4907,-17.2,490.601
4908,-17.2,490.7
4909,-17.2,490.799
4910,-17.2,490.899
4911,-17.2,490.999
4912,-17.2,491.113
4913,-17.2,491.201
4914,-17.2,491.3
4915,-17.4,491.401
4916,-17.2,491.501
4917,-17.4,491.601
4918,-17.4,491.7
4919,-17.4,491.8
4920,-17.4,491.902
4921,-17.4,492.005
4922,-17.4,492.117
4923,-17.4,492.199
4924,-17.4,492.301
4925,-17.4,492.399
4926,-17.4,492.5
4927,-17.4,492.6
4928,-17.4,492.699
4929,-17.4,492.801
4930,-17.4,492.899
4931,-17.4,493.003
4932,-17.4,493.102
4933,-17.4,493.2
4934,-17.4,493.299
4935,-17.4,493.419
4936,-17.4,493.513
4937,-17.4,493.6
4938,-17.4,493.699
4939,-17.4,493.799
4940,-17.4,493.899
4941,-17.4,494.005
4942,-17.4,494.103
4943,-17.4,494.204
4944,-17.4,494.3
4945,-17.4,494.401
4946,-17.4,494.504
4947,-17.4,494.602
4948,-17.4,494.701
4949,-17.4,494.799
4950,-17.4,494.899
4951,-17.4,495
4952,-17.4,495.1
4953,-17.4,495.2
4954,-17.4,495.3
4955,-17.4,495.4
4956,-17.4,495.499
4957,-17.4,495.599
4958,-17.4,495.702
4959,-17.4,495.801
4960,-17.4,495.899
4961,-17.6,496
4962,-17.6,496.1
4963,-17.6,496.2
4964,-17.6,496.299
4965,-17.6,496.399
4966,-17.6,496.499
4967,-17.6,496.603
4968,-17.6,496.7
4969,-17.6,496.8
4970,-17.6,496.9
4971,-17.6,497
4972,-17.6,497.099
4973,-17.6,497.199
4974,-17.6,497.299
4975,-17.6,497.399
4976,-17.6,497.5
4977,-17.6,497.599
4978,-17.6,497.699
4979,-17.6,497.807
4980,-17.6,497.904
4981,-17.6,498
4982,-17.6,498.099
4983,-17.6,498.199
4984,-17.6,498.301
4985,-17.6,498.399
4986,-17.6,498.499
4987,-17.6,498.6
4988,-17.6,498.699
4989,-17.6,498.799
4990,-17.6,498.899
4991,-17.6,498.999
4992,-17.6,499.098
4993,-17.6,499.199
4994,-17.6,499.299
4995,-17.6,499.399
4996,-17.6,499.501
4997,-17.6,499.61
4998,-17.6,499.701
4999,-17.6,499.799
5000,-17.6,499.899