Reading,Load [N],Time [sec.]
1,0,0
2,0,0.099
3,0,0.201
4,0,0.299
5,0,0.399
6,0,0.5
7,0,0.6
8,0,0.702
9,0,0.8
10,0,0.9
11,0,1.001
12,0,1.099
13,0,1.2
14,0,1.299
15,0,1.399
16,0,1.508
17,0,1.6
18,0,1.7
19,0,1.799
20,0,1.9
21,0,2
22,0,2.1
23,0,2.199
24,0,2.299
25,0,2.399
26,0,2.502
27,0,2.6
28,0,2.699
29,0,2.798
30,0,2.9
31,0,3
32,0,3.1
33,0,3.199
34,0,3.299
35,0,3.399
36,0,3.501
37,0,3.601
38,0,3.699
39,0,3.801
40,0,3.899
41,0,4
42,0,4.099
43,0,4.2
44,0,4.299
45,0,4.399
46,0,4.5
47,0,4.6
48,0,4.699
49,0,4.799
50,0,4.899
51,0,4.999
52,0,5.099
53,0,5.199
54,0,5.299
55,0,5.398
56,0,5.502
57,0,5.601
58,0,5.699
59,0,5.799
60,0,5.899
61,0,6.002
62,0,6.099
63,0,6.199
64,0,6.299
65,0,6.4
66,0,6.5
67,0,6.599
68,0,6.699
69,0,6.799
70,0,6.899
71,0,7
72,0,7.099
73,0,7.199
74,0,7.299
75,0,7.399
76,0,7.501
77,0,7.6
78,0,7.699
79,0,7.804
80,0,7.901
81,0,8.001
82,0,8.1
83,0,8.2
84,0,8.299
85,0,8.399
86,0,8.503
87,0,8.602
88,0,8.701
89,0,8.809
90,0,8.9
91,0,9.001
92,0,9.099
93,0,9.198
94,0,9.3
95,0,9.399
96,0,9.501
97,0,9.599
98,0,9.699
99,0,9.799
100,0,9.899
101,0,10
102,0,10.1
103,0,10.199
104,0,10.299
105,0,10.401
106,0,10.501
107,0,10.602
108,0,10.7
109,0,10.799
110,0,10.902
111,0,11.001
112,0,11.103
113,0,11.209
114,0,11.302
115,0,11.399
116,0,11.501
117,0,11.599
118,0,11.699
119,0,11.799
120,0,11.899
121,0,12.001
122,0,12.099
123,0,12.2
124,0,12.299
125,0,12.399
126,0,12.5
127,0,12.6
128,0,12.7
129,0,12.799
130,0,12.899
131,0,13
132,0,13.101
133,0,13.2
134,0,13.299
135,0,13.4
136,0,13.501
137,0,13.6
138,0,13.7
139,0,13.799
140,0,13.899
141,0,14.001
142,0,14.1
143,0,14.199
144,0,14.3
145,0,14.399
146,0,14.5
147,0,14.599
148,0,14.699
149,0,14.8
150,0,14.9
151,0,15.001
152,0,15.1
153,0,15.2
154,0,15.299
155,0,15.4
156,0,15.5
157,0,15.6
158,0,15.7
159,0,15.799
160,0,15.899
161,0,15.999
162,0,16.1
163,0,16.199
164,0,16.299
165,0,16.399
166,0,16.5
167,0,16.6
168,0,16.7
169,0,16.799
170,0,16.899
171,0,17
172,0,17.099
173,0,17.199
174,0,17.298
175,0,17.4
176,0,17.5
177,0,17.6
178,0,17.699
179,0,17.799
180,0,17.899
181,0,18
182,0,18.102
183,0,18.201
184,0,18.299
185,0,18.399
186,0,18.501
187,0,18.599
188,0,18.699
189,0,18.799
190,0,18.9
191,0,19
192,0,19.099
193,0,19.199
194,0,19.298
195,0,19.4
196,0,19.5
197,0,19.599
198,0,19.699
199,0,19.799
200,0,19.899
201,0,20.001
202,0,20.099
203,0,20.199
204,0,20.299
205,0,20.399
206,0,20.5
207,0,20.599
208,0,20.699
209,0,20.799
210,0,20.899
211,0,21
212,0,21.099
213,0,21.199
214,0,21.299
215,0,21.399
216,0,21.5
217,0,21.598
218,0,21.699
219,0,21.798
220,0,21.899
221,0,21.999
222,0,22.1
223,0,22.199
224,0,22.3
225,0,22.404
226,0,22.501
227,0,22.599
228,0,22.7
229,0,22.799
230,0,22.9
231,0,23.001
232,0,23.099
233,0,23.201
234,0,23.299
235,0,23.4
236,0,23.501
237,0,23.6
238,0,23.7
239,0,23.8
240,0,23.9
241,0,24
242,0,24.1
243,0,24.2
244,0,24.3
245,0,24.399
246,0,24.5
247,0,24.599
248,0,24.7
249,0,24.8
250,0,24.9
251,0,25.001
252,0,25.101
253,0,25.2
254,0,25.3
255,0,25.4
256,0,25.501
257,0,25.6
258,0,25.7
259,0,25.8
260,0,25.9
261,0,26.001
262,0,26.099
263,0,26.2
264,0,26.299
265,0,26.402
266,0,26.501
267,0,26.6
268,0,26.699
269,0,26.8
270,0,26.9
271,0,27.001
272,0,27.1
273,0,27.2
274,0,27.3
275,0,27.4
276,0,27.5
277,0,27.599
278,0,27.699
279,0,27.8
280,0,27.9
281,0,28
282,0,28.099
283,0,28.2
284,0,28.301
285,0,28.399
286,0,28.5
287,0,28.599
288,0,28.7
289,0,28.799
290,0,28.9
291,0,28.999
292,0,29.106
293,0,29.202
294,0,29.301
295,0,29.4
296,0,29.5
297,0,29.599
298,0,29.699
299,0,29.799
300,0,29.9
301,0,30
302,0,30.098
303,0,30.198
304,0,30.299
305,0,30.399
306,0,30.499
307,0,30.599
308,0,30.699
309,0,30.799
310,0,30.9
311,0,31
312,0,31.099
313,0,31.199
314,0,31.299
315,0,31.399
316,0,31.5
317,0,31.598
318,0,31.699
319,0,31.799
320,0,31.899
321,0,32
322,0,32.099
323,0,32.201
324,0,32.3
325,0,32.399
326,0,32.501
327,0,32.6
328,0,32.699
329,0,32.8
330,0,32.899
331,0,33.001
332,0,33.099
333,0,33.2
334,0,33.3
335,0,33.4
336,0,33.5
337,0,33.6
338,0,33.7
339,0,33.8
340,0,33.899
341,0,34.002
342,0,34.102
343,0,34.199
344,0,34.298
345,0,34.402
346,0,34.5
347,0,34.599
348,0,34.699
349,0,34.799
350,0,34.899
351,0,35
352,0,35.099
353,0,35.199
354,0,35.299
355,0,35.399
356,0,35.5
357,0,35.599
358,0,35.701
359,0,35.799
360,0,35.899
361,0,36
362,0,36.102
363,0,36.199
364,0,36.299
365,0,36.401
366,0,36.501
367,0,36.6
368,0,36.699
369,0,36.8
370,0,36.9
371,0,37
372,0,37.1
373,0,37.199
374,0,37.299
375,0,37.399
376,0,37.5
377,0,37.601
378,0,37.699
379,0,37.799
380,0,37.901
381,0,38.001
382,0,38.1
383,0,38.199
384,0,38.299
385,0,38.399
386,0,38.502
387,0,38.599
388,0,38.7
389,0,38.798
390,0,38.902
391,0,39.004
392,0,39.1
393,0,39.199
394,0,39.3
395,0,39.399
396,0,39.501
397,0,39.6
398,0,39.699
399,0,39.799
400,0,39.899
401,0,40
402,0,40.099
403,0,40.2
404,0,40.299
405,0,40.401
406,0,40.501
407,0,40.6
408,0,40.699
409,0,40.799
410,0,40.899
411,0,41
412,0,41.099
413,0,41.199
414,0,41.299
415,0,41.401
416,0,41.501
417,0,41.599
418,0,41.699
419,0,41.802
420,0,41.899
421,0,42.001
422,0,42.099
423,0,42.199
424,0,42.299
425,0,42.4
426,0,42.501
427,0,42.599
428,0,42.7
429,0,42.799
430,0,42.9
431,0,43.001
432,0,43.099
433,0,43.199
434,0,43.299
435,0,43.399
436,0,43.5
437,0,43.599
438,0,43.699
439,0,43.799
440,0,43.899
441,0,44.001
442,0,44.099
443,0,44.2
444,0,44.299
445,0,44.399
446,0,44.5
447,0,44.599
448,0,44.699
449,0,44.798
450,0,44.899
451,0,45
452,0,45.099
453,0,45.2
454,0,45.3
455,0,45.399
456,0,45.5
457,0,45.599
458,0,45.699
459,0,45.798
460,0,45.899
461,0,46.002
462,0,46.098
463,0,46.199
464,0,46.299
465,0,46.399
466,0,46.5
467,0,46.6
468,0,46.699
469,0,46.8
470,0,46.899
471,0,47
472,0,47.099
473,0,47.199
474,0,47.299
475,0,47.4
476,0,47.5
477,0,47.599
478,0,47.699
479,0,47.798
480,0,47.899
481,0,48
482,0,48.099
483,0,48.199
484,0,48.299
485,0,48.399
486,0,48.5
487,0,48.599
488,0,48.699
489,0,48.799
490,0,48.899
491,0,49
492,0,49.099
493,0,49.199
494,0,49.299
495,0,49.399
496,0,49.5
497,0,49.599
498,0,49.699
499,0,49.8
500,0,49.898
501,0,50
502,0,50.099
503,0,50.199
504,0,50.299
505,0,50.399
506,0,50.5
507,0,50.599
508,0,50.699
509,0,50.799
510,0,50.899
511,0,51
512,0,51.099
513,0,51.199
514,0,51.299
515,0,51.399
516,0,51.506
517,0,51.6
518,0,51.703
519,0,51.805
520,0,51.9
521,0,52
522,0,52.099
523,0,52.199
524,0,52.299
525,0,52.399
526,0,52.5
527,0,52.599
528,0,52.699
529,0,52.799
530,0,52.899
531,0,53.002
532,0,53.099
533,0,53.2
534,-1.8,53.299
535,-9.4,53.399
536,-21.2,53.5
537,-32.8,53.599
538,-48.6,53.698
539,-48.6,53.799
540,-63.6,53.899
541,-78.4,54
542,-91.6,54.098
543,-100.8,54.199
544,-100.8,54.299
545,-108.8,54.398
546,-120.6,54.499
547,-133.6,54.599
548,-140.6,54.699
549,-146.4,54.799
550,-146.4,54.899
551,-152.4,55
552,-160.4,55.099
553,-161.4,55.198
554,-166.8,55.299
555,-169.6,55.399
556,-169.6,55.5
557,-170.8,55.598
558,-172.6,55.699
559,-175.8,55.799
560,-178.6,55.899
561,-177.6,56.001
562,-177.6,56.1
563,-175.8,56.199
564,-174,56.299
565,-172.4,56.399
566,-171,56.5
567,-169.8,56.601
568,-169.8,56.701
569,-168.8,56.801
570,-168,56.901
571,-167.2,57
572,-166.6,57.099
573,-166,57.2
574,-166,57.303
575,-165.4,57.401
576,-164.8,57.502
577,-164.4,57.6
578,-164,57.701
579,-163.4,57.802
580,-163.4,57.899
581,-163,58.001
582,-162.6,58.099
583,-162.4,58.203
584,-162,58.3
585,-162,58.401
586,-161.6,58.5
587,-161.2,58.598
588,-161,58.7
589,-160.6,58.799
590,-160.4,58.899
591,-160.4,59
592,-160.2,59.099
593,-159.8,59.2
594,-159.6,59.299
595,-159.4,59.4
596,-159.2,59.5
597,-159.2,59.6
598,-159,59.699
599,-158.6,59.799
600,-158.4,59.901
601,-158.2,60.001
602,-158.2,60.099
603,-158,60.2
604,-157.8,60.3
605,-157.6,60.399
606,-157.4,60.501
607,-157.2,60.599
608,-157.2,60.699
609,-157.2,60.799
610,-157,60.899
611,-156.8,61
612,-156.6,61.099
613,-156.4,61.201
614,-156.4,61.299
615,-156.4,61.399
616,-156.2,61.5
617,-156,61.599
618,-155.8,61.699
619,-155.8,61.799
620,-155.8,61.9
621,-155.6,62.002
622,-155.4,62.1
623,-155.4,62.199
624,-155.2,62.299
625,-155.2,62.399
626,-155,62.502
627,-155,62.601
628,-154.8,62.699
629,-154.6,62.799
630,-154.6,62.899
631,-154.6,63.001
632,-154.4,63.099
633,-154.4,63.2
634,-154.2,63.299
635,-154.2,63.4
636,-154,63.501
637,-154,63.599
638,-154,63.7
639,-153.8,63.799
640,-153.8,63.9
641,-153.6,64
642,-153.4,64.101
643,-153.4,64.2
644,-153.4,64.3
645,-153.2,64.4
646,-153.2,64.501
647,-153,64.599
648,-153,64.7
649,-153,64.801
650,-153,64.9
651,-152.8,65.001
652,-152.8,65.099
653,-152.6,65.202
654,-152.6,65.299
655,-152.6,65.4
656,-152.4,65.5
657,-152.4,65.6
658,-152.2,65.7
659,-152.2,65.801
660,-152.2,65.9
661,-152,66.004
662,-152,66.104
663,-152,66.2
664,-151.8,66.299
665,-151.8,66.4
666,-151.8,66.5
667,-151.8,66.6
668,-151.6,66.7
669,-151.6,66.799
670,-151.4,66.9
671,-151.4,67
672,-151.4,67.1
673,-151.4,67.199
674,-151.2,67.299
675,-151.2,67.399
676,-151.2,67.501
677,-151.2,67.6
678,-151,67.7
679,-151,67.8
680,-151,67.9
681,-150.8,68
682,-150.8,68.099
683,-150.8,68.199
684,-150.8,68.299
685,-150.6,68.399
686,-150.6,68.501
687,-150.6,68.6
688,-150.4,68.7
689,-150.4,68.799
690,-150.4,68.899
691,-150.4,69
692,-150.2,69.1
693,-150.2,69.2
694,-150.2,69.299
695,-150.2,69.399
696,-150,69.501
697,-150,69.6
698,-150,69.7
699,-150,69.799
700,-150,69.9
701,-149.8,70
702,-149.8,70.1
703,-149.8,70.2
704,-149.6,70.3
705,-149.6,70.4
706,-149.6,70.501
707,-149.6,70.601
708,-149.4,70.7
709,-149.4,70.799
710,-149.4,70.9
711,-149.4,71.001
712,-149.4,71.1
713,-149.2,71.201
714,-149.2,71.299
715,-149.2,71.4
716,-149.2,71.504
717,-149,71.6
718,-149,71.699
719,-149,71.799
720,-149,71.899
721,-149,72
722,-148.8,72.099
723,-148.8,72.199
724,-148.8,72.299
725,-148.8,72.399
726,-148.8,72.502
727,-148.6,72.599
728,-148.6,72.699
729,-148.6,72.8
730,-148.6,72.899
731,-148.6,73.001
732,-148.4,73.1
733,-148.4,73.2
734,-148.4,73.3
735,-148.4,73.399
736,-148.4,73.503
737,-148.2,73.601
738,-148.2,73.7
739,-148.2,73.799
740,-148.2,73.899
741,-148.2,74.001
742,-148,74.099
743,-148,74.201
744,-148,74.302
745,-148,74.401
746,-148,74.499
747,-148,74.6
748,-148,74.698
749,-147.8,74.803
750,-147.8,74.9
751,-147.8,75.001
752,-147.8,75.099
753,-147.8,75.199
754,-147.8,75.299
755,-147.6,75.399
756,-147.6,75.502
757,-147.6,75.599
758,-147.6,75.699
759,-147.6,75.8
760,-147.4,75.9
761,-147.4,76
762,-147.4,76.1
763,-147.4,76.199
764,-147.4,76.302
765,-147.4,76.399
766,-147.2,76.5
767,-147.2,76.599
768,-147.2,76.699
769,-147.2,76.799
770,-147.2,76.899
771,-147.2,76.999
772,-147,77.099
773,-147,77.199
774,-147,77.299
775,-147,77.399
776,-147,77.5
777,-147,77.599
778,-147,77.699
779,-147,77.799
780,-146.8,77.899
781,-146.8,78
782,-146.8,78.099
783,-146.8,78.201
784,-146.8,78.299
785,-146.6,78.399
786,-146.6,78.5
787,-146.6,78.599
788,-146.6,78.698
789,-146.6,78.799
790,-146.6,78.9
791,-146.4,79
792,-146.4,79.099
793,-146.4,79.199
794,-146.4,79.299
795,-146.4,79.4
796,-146.4,79.5
797,-146.4,79.599
798,-146.4,79.699
799,-146.2,79.799
800,-146.2,79.899
801,-146.2,80
802,-146.2,80.099
803,-146.2,80.199
804,-146.2,80.299
805,-146.2,80.399
806,-146.2,80.5
807,-146,80.599
808,-146,80.699
809,-146,80.799
810,-146,80.899
811,-146,81.006
812,-146,81.1
813,-146,81.199
814,-145.8,81.299
815,-145.8,81.4
816,-145.8,81.5
817,-145.8,81.599
818,-145.8,81.699
819,-145.8,81.799
820,-145.8,81.899
821,-145.8,82
822,-145.8,82.099
823,-145.6,82.199
824,-145.6,82.298
825,-145.6,82.399
826,-145.6,82.5
827,-145.6,82.599
828,-145.6,82.699
829,-145.6,82.799
830,-145.4,82.899
831,-145.4,83
832,-145.4,83.099
833,-145.4,83.199
834,-145.4,83.299
835,-145.4,83.399
836,-145.4,83.5
837,-145.4,83.599
838,-145.2,83.699
839,-145.2,83.799
840,-145.2,83.899
841,-145.2,84
842,-145.2,84.099
843,-145.2,84.199
844,-145.2,84.299
845,-145.2,84.399
846,-145.2,84.5
847,-145,84.6
848,-145,84.699
849,-145,84.799
850,-145,84.899
851,-145,85.001
852,-145,85.099
853,-145,85.199
854,-145,85.299
855,-145,85.399
856,-145,85.5
857,-144.8,85.599
858,-144.8,85.699
859,-144.8,85.8
860,-144.8,85.899
861,-144.8,86.001
862,-144.8,86.099
863,-144.8,86.2
864,-144.8,86.301
865,-144.8,86.399
866,-144.6,86.5
867,-144.6,86.599
868,-144.6,86.699
869,-144.6,86.799
870,-144.6,86.899
871,-144.6,87.001
872,-144.6,87.099
873,-144.6,87.201
874,-144.6,87.302
875,-144.4,87.401
876,-144.4,87.502
877,-144.4,87.601
878,-144.4,87.701
879,-144.4,87.802
880,-144.4,87.901
881,-144.4,88
882,-144.4,88.1
883,-144.4,88.2
884,-144.4,88.3
885,-144.4,88.399
886,-144.4,88.501
887,-144.2,88.599
888,-144.2,88.7
889,-144.2,88.799
890,-144.2,88.899
891,-144.2,89.001
892,-144.2,89.1
893,-144.2,89.2
894,-144.2,89.3
895,-144.2,89.399
896,-144.2,89.5
897,-144.2,89.599
898,-144.2,89.701
899,-144,89.799
900,-144,89.899
901,-144,90
902,-144,90.1
903,-144,90.2
904,-144,90.302
905,-144,90.4
906,-144,90.5
907,-144,90.599
908,-144,90.699
909,-143.8,90.799
910,-143.8,90.899
911,-143.8,91
912,-143.8,91.099
913,-143.8,91.201
914,-143.8,91.299
915,-143.8,91.399
916,-143.8,91.5
917,-143.8,91.599
918,-143.8,91.7
919,-143.8,91.801
920,-143.8,91.9
921,-143.8,92
922,-143.6,92.099
923,-143.6,92.2
924,-143.6,92.299
925,-143.6,92.4
926,-143.6,92.501
927,-143.6,92.6
928,-143.6,92.701
929,-143.6,92.8
930,-143.6,92.9
931,-143.6,93
932,-143.4,93.101
933,-143.4,93.2
934,-143.4,93.301
935,-143.4,93.402
936,-143.4,93.5
937,-143.4,93.6
938,-143.4,93.699
939,-143.4,93.799
940,-143.4,93.901
941,-143.4,94.001
942,-143.2,94.099
943,-143.2,94.2
944,-143.2,94.299
945,-143.2,94.401
946,-143.2,94.5
947,-143.2,94.6
948,-143.2,94.7
949,-143.2,94.8
950,-143.2,94.9
951,-143.2,95.003
952,-143.2,95.1
953,-143.2,95.199
954,-143.2,95.301
955,-143,95.401
956,-143,95.5
957,-143,95.599
958,-143,95.701
959,-143,95.801
960,-143,95.9
961,-143,96
962,-143,96.101
963,-143,96.199
964,-143,96.298
965,-143,96.4
966,-143,96.5
967,-143,96.599
968,-142.8,96.7
969,-142.8,96.802
970,-142.8,96.901
971,-142.8,97.001
972,-142.8,97.099
973,-142.8,97.199
974,-142.8,97.299
975,-142.8,97.399
976,-142.8,97.5
977,-142.8,97.599
978,-142.8,97.7
979,-142.8,97.801
980,-142.8,97.899
981,-142.8,98
982,-142.8,98.099
983,-142.8,98.199
984,-142.6,98.299
985,-142.6,98.399
986,-140.6,98.5
987,-136,98.599
988,-125,98.707
989,-125,98.8
990,-108.8,98.899
991,-91.8,99.001
992,-76,99.099
993,-68.2,99.203
994,-59.4,99.3
995,-59.4,99.399
996,-45.6,99.5
997,-29.8,99.599
998,-11,99.7
999,-2.4,99.799
1000,-2.4,99.899
1001,0.8,100
1002,2,100.099
1003,2.2,100.199
1004,1.6,100.299
1005,-1.2,100.399
1006,-1.2,100.5
1007,-4.8,100.599
1008,-6.4,100.699
1009,-7.2,100.801
1010,-7.6,100.899
1011,-8,101
1012,-8,101.099
1013,-8.4,101.2
1014,-8.8,101.3
1015,-9,101.402
1016,-9.4,101.5
1017,-9.6,101.599
1018,-9.6,101.699
1019,-9.8,101.8
1020,-10.2,101.899
1021,-10.4,102.002
1022,-10.6,102.1
1023,-10.6,102.199
1024,-10.8,102.299
1025,-11,102.399
1026,-11.2,102.5
1027,-11.4,102.599
1028,-11.6,102.699
1029,-11.6,102.799
1030,-11.8,102.899
1031,-11.8,103
1032,-12,103.1
1033,-12.2,103.2
1034,-12.4,103.299
1035,-12.4,103.399
1036,-12.4,103.5
1037,-12.6,103.599
1038,-12.8,103.699
1039,-12.8,103.799
1040,-13,103.899
1041,-13,104
1042,-13,104.099
1043,-13.2,104.199
1044,-13.2,104.299
1045,-13.4,104.399
1046,-13.4,104.5
1047,-13.4,104.6
1048,-13.6,104.7
1049,-13.8,104.799
1050,-13.8,104.901
1051,-14,105
1052,-14,105.099
1053,-14,105.199
1054,-14,105.298
1055,-14.2,105.398
1056,-14.2,105.5
1057,-14.2,105.599
1058,-14.2,105.698
1059,-14.4,105.799
1060,-14.4,105.899
1061,-14.6,106
1062,-14.6,106.098
1063,-14.8,106.2
1064,-14.8,106.299
1065,-14.8,106.399
1066,-14.8,106.499
1067,-15,106.599
1068,-15,106.699
1069,-15,106.799
1070,-15,106.899
1071,-15,107
1072,-15.2,107.099
1073,-15.2,107.199
1074,-15.2,107.3
1075,-15.2,107.399
1076,-15.4,107.5
1077,-15.4,107.599
1078,-15.4,107.702
1079,-15.4,107.799
1080,-15.6,107.899
1081,-15.6,108
1082,-15.6,108.099
1083,-15.6,108.2
1084,-15.8,108.299
1085,-15.8,108.399
1086,-15.8,108.499
1087,-15.8,108.599
1088,-15.8,108.699
1089,-16,108.799
1090,-16,108.898
1091,-16,109
1092,-16,109.099
1093,-16,109.199
1094,-16,109.298
1095,-16.2,109.398
1096,-16.2,109.5
1097,-16.2,109.599
1098,-16.2,109.699
1099,-16.2,109.799
1100,-16.4,109.899
1101,-16.4,110
1102,-16.4,110.099
1103,-16.4,110.199
1104,-16.4,110.3
1105,-16.4,110.399
1106,-16.6,110.5
1107,-16.6,110.599
1108,-16.6,110.699
1109,-16.6,110.799
1110,-16.6,110.9
1111,-16.6,111.002
1112,-16.8,111.099
1113,-16.8,111.2
1114,-16.8,111.299
1115,-16.8,111.399
1116,-16.8,111.5
1117,-16.8,111.6
1118,-17,111.699
1119,-17,111.799
1120,-17,111.899
1121,-17,112
1122,-17,112.099
1123,-17,112.199
1124,-17,112.299
1125,-17,112.399
1126,-17.2,112.5
1127,-17.2,112.599
1128,-17.2,112.699
1129,-17.2,112.799
1130,-17.2,112.899
1131,-17.2,113
1132,-17.2,113.099
1133,-17.2,113.199
1134,-17.2,113.299
1135,-17.4,113.399
1136,-17.4,113.5
1137,-17.4,113.599
1138,-17.4,113.699
1139,-17.4,113.799
1140,-17.4,113.899
1141,-17.4,114
1142,-17.4,114.099
1143,-17.6,114.199
1144,-17.6,114.299
1145,-17.6,114.399
1146,-17.6,114.5
1147,-17.6,114.599
1148,-17.6,114.699
1149,-17.6,114.799
1150,-17.6,114.899
1151,-17.6,115.001
1152,-17.8,115.099
1153,-17.8,115.2
1154,-17.8,115.299
1155,-17.8,115.399
1156,-17.8,115.5
1157,-17.8,115.6
1158,-17.8,115.699
1159,-17.8,115.799
1160,-18,115.899
1161,-18,116
1162,-18,116.099
1163,-18,116.2
1164,-18,116.299
1165,-18,116.4
1166,-18,116.5
1167,-18,116.599
1168,-18,116.699
1169,-18,116.799
1170,-18,116.899
1171,-18,117.003
1172,-18.2,117.1
1173,-18.2,117.199
1174,-18.2,117.299
1175,-18.2,117.399
1176,-18.2,117.5
1177,-18.2,117.599
1178,-18.2,117.699
1179,-18.2,117.799
1180,-18.2,117.899
1181,-18.2,118
1182,-18.2,118.1
1183,-18.2,118.199
1184,-18.4,118.299
1185,-18.4,118.399
1186,-18.4,118.5
1187,-18.4,118.599
1188,-18.4,118.699
1189,-18.4,118.799
1190,-18.4,118.899
1191,-18.4,119
1192,-18.4,119.099
1193,-18.4,119.199
1194,-18.4,119.299
1195,-18.4,119.399
1196,-18.4,119.5
1197,-18.4,119.599
1198,-18.4,119.699
1199,-18.6,119.799
1200,-18.6,119.899
1201,-18.6,119.999
1202,-18.6,120.099
1203,-18.6,120.199
1204,-18.6,120.299
1205,-18.6,120.403
1206,-18.6,120.503
1207,-18.6,120.6
1208,-18.6,120.699
1209,-18.6,120.803
1210,-18.8,120.903
1211,-18.8,121.002
1212,-18.8,121.1
1213,-18.8,121.198
1214,-18.8,121.299
1215,-18.8,121.4
1216,-18.8,121.501
1217,-18.8,121.599
1218,-18.8,121.7
1219,-18.8,121.8
1220,-18.8,121.9
1221,-18.8,122.001
1222,-18.8,122.1
1223,-18.8,122.199
1224,-19,122.299
1225,-19,122.399
1226,-19,122.5
1227,-19,122.599
1228,-19,122.699
1229,-19,122.799
1230,-19,122.899
1231,-19,123
1232,-19,123.099
1233,-19,123.198
1234,-19,123.299
1235,-19,123.399
1236,-19,123.501
1237,-19,123.601
1238,-19,123.7
1239,-19,123.799
1240,-19.2,123.898
1241,-19,123.999
1242,-19,124.099
1243,-19,124.199
1244,-19.2,124.299
1245,-19.2,124.398
1246,-19.2,124.5
1247,-19.2,124.599
1248,-19.2,124.7
1249,-19.2,124.798
1250,-19.2,124.898
1251,-19.2,125
1252,-19.2,125.099
1253,-19.2,125.199
1254,-19.2,125.299
1255,-19.2,125.399
1256,-19.2,125.5
1257,-19.2,125.6
1258,-19.2,125.7
1259,-19.2,125.798
1260,-19.2,125.899
1261,-19.2,125.999
1262,-19.4,126.099
1263,-19.4,126.199
1264,-19.4,126.299
1265,-19.4,126.399
1266,-19.4,126.5
1267,-19.4,126.6
1268,-19.4,126.699
1269,-19.4,126.799
1270,-19.4,126.899
1271,-19.4,127
1272,-19.4,127.099
1273,-19.4,127.199
1274,-19.4,127.299
1275,-19.4,127.399
1276,-19.4,127.5
1277,-19.4,127.599
1278,-19.4,127.699
1279,-19.4,127.799
1280,-19.4,127.899
1281,-19.4,128
1282,-19.6,128.099
1283,-19.6,128.199
1284,-19.6,128.298
1285,-19.6,128.398
1286,-19.6,128.5
1287,-19.6,128.598
1288,-19.6,128.699
1289,-19.6,128.799
1290,-19.6,128.899
1291,-19.6,129
1292,-19.6,129.099
1293,-19.6,129.199
1294,-19.6,129.299
1295,-19.6,129.399
1296,-19.6,129.5
1297,-19.6,129.6
1298,-19.6,129.7
1299,-19.6,129.799
1300,-19.6,129.9
1301,-19.6,130
1302,-19.8,130.1
1303,-19.8,130.199
1304,-19.8,130.299
1305,-19.8,130.398
1306,-19.8,130.501
1307,-19.8,130.599
1308,-19.8,130.699
1309,-19.8,130.799
1310,-19.8,130.898
1311,-19.8,131
1312,-19.8,131.099
1313,-19.8,131.199
1314,-19.8,131.299
1315,-19.8,131.399
1316,-19.8,131.5
1317,-19.8,131.6
1318,-19.8,131.699
1319,-19.8,131.798
1320,-19.8,131.899
1321,-19.8,132
1322,-19.8,132.099
1323,-19.8,132.199
1324,-20,132.298
1325,-20,132.399
1326,-20,132.499
1327,-20,132.599
1328,-20,132.699
1329,-20,132.799
1330,-20,132.9
1331,-20,133
1332,-20,133.099
1333,-20,133.199
1334,-20,133.299
1335,-20,133.398
1336,-20,133.5
1337,-20,133.599
1338,-20,133.699
1339,-20,133.798
1340,-20,133.899
1341,-20,134
1342,-20,134.098
1343,-20,134.199
1344,-20,134.299
1345,-20,134.399
1346,-20,134.5
1347,-20,134.598
1348,-20,134.7
1349,-20,134.799
1350,-20,134.899
1351,-20.2,134.999
1352,-20.2,135.099
1353,-20.2,135.199
1354,-20.2,135.298
1355,-20.2,135.4
1356,-20.2,135.5
1357,-20.2,135.599
1358,-20.2,135.699
1359,-20.2,135.799
1360,-20.2,135.899
1361,-20.2,136
1362,-20.2,136.1
1363,-20.2,136.199
1364,-20.2,136.299
1365,-20.2,136.399
1366,-20.2,136.5
1367,-20.2,136.599
1368,-20.2,136.7
1369,-20.2,136.799
1370,-20.2,136.899
1371,-20.2,137
1372,-20.2,137.099
1373,-20.2,137.199
1374,-20.2,137.299
1375,-20.2,137.398
1376,-20.2,137.5
1377,-20.2,137.599
1378,-20.2,137.699
1379,-20.2,137.799
1380,-20.2,137.899
1381,-20.2,138
1382,-20.2,138.099
1383,-20.2,138.199
1384,-20.2,138.299
1385,-20.2,138.399
1386,-20.2,138.499
1387,-20.4,138.6
1388,-20.4,138.699
1389,-20.4,138.799
1390,-20.4,138.899
1391,-20.4,139
1392,-20.4,139.099
1393,-20.4,139.199
1394,-20.4,139.299
1395,-20.4,139.4
1396,-20.4,139.5
1397,-20.4,139.599
1398,-20.4,139.699
1399,-20.4,139.798
1400,-20.4,139.899
1401,-20.4,140
1402,-20.4,140.099
1403,-20.4,140.199
1404,-20.4,140.3
1405,-20.4,140.399
1406,-20.4,140.5
1407,-20.4,140.599
1408,-20.4,140.699
1409,-20.4,140.799
1410,-20.4,140.899
1411,-20.4,140.999
1412,-20.4,141.099
1413,-20.4,141.199
1414,-20.4,141.299
1415,-20.4,141.398
1416,-20.4,141.5
1417,-20.4,141.599
1418,-20.4,141.699
1419,-20.4,141.799
1420,-20.6,141.9
1421,-20.6,142
1422,-20.4,142.099
1423,-20.4,142.2
1424,-20.6,142.299
1425,-22.6,142.399
1426,-32.8,142.5
1427,-32.8,142.599
1428,-48.6,142.698
1429,-64.6,142.799
1430,-78.4,142.899
1431,-88.4,143
1432,-88.4,143.098
1433,-99.4,143.198
1434,-114.8,143.299
1435,-128.6,143.398
1436,-136.6,143.5
1437,-137.8,143.599
1438,-137.8,143.699
1439,-138,143.798
1440,-137.2,143.899
1441,-136.2,144
1442,-136,144.099
1443,-142.4,144.199
1444,-142.4,144.299
1445,-152,144.399
1446,-164.8,144.5
1447,-179,144.599
1448,-184,144.7
1449,-183.8,144.799
1450,-183.8,144.899
1451,-182.4,145
1452,-180.8,145.099
1453,-179.4,145.199
1454,-178.4,145.299
1455,-178.4,145.399
1456,-177.6,145.5
1457,-176.6,145.599
1458,-175.6,145.699
1459,-174.8,145.799
1460,-174.2,145.899
1461,-174.2,146
1462,-173.6,146.099
1463,-173,146.199
1464,-172.4,146.299
1465,-172,146.399
1466,-171.4,146.5
1467,-171.4,146.599
1468,-171,146.699
1469,-170.6,146.803
1470,-170.2,146.9
1471,-170,147.001
1472,-169.6,147.099
1473,-169.6,147.2
1474,-169.4,147.299
1475,-169,147.399
1476,-168.6,147.5
1477,-168.4,147.6
1478,-168.2,147.699
1479,-168.2,147.799
1480,-168,147.899
1481,-167.8,148
1482,-167.6,148.099
1483,-167.2,148.199
1484,-167.2,148.299
1485,-167,148.399
1486,-166.8,148.5
1487,-166.6,148.599
1488,-166.4,148.699
1489,-166.2,148.799
1490,-166.2,148.901
1491,-166,149.004
1492,-166,149.103
1493,-165.6,149.201
1494,-165.6,149.3
1495,-165.4,149.4
1496,-165.4,149.499
1497,-165.2,149.605
1498,-165,149.701
1499,-165,149.801
1500,-164.8,149.898
1501,-164.6,150.002
1502,-164.6,150.101
1503,-164.4,150.2
1504,-164.4,150.303
1505,-164.2,150.403
1506,-164,150.5
1507,-164,150.601
1508,-164,150.701
1509,-163.8,150.802
1510,-163.6,150.901
1511,-163.6,151
1512,-163.4,151.1
1513,-163.4,151.2
1514,-163.4,151.299
1515,-163.2,151.401
1516,-163.2,151.5
1517,-163,151.6
1518,-162.8,151.699
1519,-162.8,151.8
1520,-162.8,151.9
1521,-162.6,152
1522,-162.6,152.099
1523,-162.4,152.199
1524,-162.4,152.299
1525,-162.4,152.4
1526,-162.2,152.5
1527,-162.2,152.599
1528,-162,152.7
1529,-162,152.8
1530,-161.8,152.899
1531,-161.8,153
1532,-161.8,153.099
1533,-161.6,153.2
1534,-161.6,153.3
1535,-161.4,153.4
1536,-161.4,153.501
1537,-161.4,153.599
1538,-161.4,153.7
1539,-161.2,153.8
1540,-161.2,153.901
1541,-161.2,154.003
1542,-161,154.102
1543,-161,154.199
1544,-161,154.301
1545,-160.8,154.4
1546,-160.8,154.5
1547,-160.6,154.599
1548,-160.6,154.7
1549,-160.6,154.8
1550,-160.6,154.9
1551,-160.4,155
1552,-160.4,155.099
1553,-160.4,155.199
1554,-160.4,155.299
1555,-160.2,155.399
1556,-160.2,155.502
1557,-160.2,155.599
1558,-160,155.699
1559,-160,155.799
1560,-160,155.899
1561,-160,156.002
1562,-159.8,156.1
1563,-159.8,156.202
1564,-159.6,156.301
1565,-159.6,156.401
1566,-159.6,156.509
1567,-159.6,156.602
1568,-159.4,156.702
1569,-159.4,156.8
1570,-159.4,156.902
1571,-159.4,157.002
1572,-159.4,157.102
1573,-159.2,157.202
1574,-159.2,157.3
1575,-159.2,157.399
1576,-159.2,157.5
1577,-159.2,157.601
1578,-159,157.699
1579,-159,157.799
1580,-159,157.899
1581,-158.8,158
1582,-158.8,158.101
1583,-158.8,158.199
1584,-158.8,158.3
1585,-158.6,158.4
1586,-158.6,158.499
1587,-158.6,158.599
1588,-158.6,158.699
1589,-158.6,158.8
1590,-158.4,158.9
1591,-158.4,159.001
1592,-158.4,159.101
1593,-158.2,159.201
1594,-158.2,159.3
1595,-158.2,159.399
1596,-158.2,159.5
1597,-158.2,159.6
1598,-158.2,159.701
1599,-158,159.8
1600,-158,159.899
1601,-158,160
1602,-158,160.099
1603,-158,160.202
1604,-157.8,160.3
1605,-157.8,160.399
1606,-157.8,160.5
1607,-157.8,160.599
1608,-157.8,160.698
1609,-157.6,160.801
1610,-157.6,160.901
1611,-157.6,161.001
1612,-157.6,161.099
1613,-157.6,161.201
1614,-157.4,161.299
1615,-157.4,161.401
1616,-157.4,161.5
1617,-157.4,161.599
1618,-157.4,161.699
1619,-157.2,161.8
1620,-157.2,161.9
1621,-157.2,162
1622,-157.2,162.099
1623,-157.2,162.2
1624,-157.2,162.299
1625,-157.2,162.399
1626,-157,162.501
1627,-157,162.6
1628,-157,162.7
1629,-157,162.8
1630,-157,162.9
1631,-157,163
1632,-156.8,163.099
1633,-156.8,163.199
1634,-156.8,163.3
1635,-156.8,163.401
1636,-156.8,163.5
1637,-156.6,163.599
1638,-156.6,163.699
1639,-156.6,163.799
1640,-156.6,163.899
1641,-156.6,164.002
1642,-156.6,164.099
1643,-156.4,164.199
1644,-156.4,164.299
1645,-156.4,164.4
1646,-156.4,164.5
1647,-156.4,164.599
1648,-156.4,164.699
1649,-156.4,164.799
1650,-156.2,164.899
1651,-156.2,165
1652,-156.2,165.099
1653,-156.2,165.201
1654,-156.2,165.299
1655,-156.2,165.399
1656,-156.2,165.5
1657,-156,165.599
1658,-156,165.7
1659,-156,165.8
1660,-156,165.9
1661,-156,166
1662,-156,166.1
1663,-156,166.198
1664,-156,166.3
1665,-155.8,166.4
1666,-155.8,166.501
1667,-155.8,166.6
1668,-155.8,166.701
1669,-155.8,166.799
1670,-155.8,166.899
1671,-155.6,167
1672,-155.6,167.1
1673,-155.6,167.2
1674,-155.6,167.299
1675,-155.6,167.399
1676,-155.6,167.499
1677,-155.4,167.6
1678,-155.4,167.699
1679,-155.4,167.799
1680,-155.4,167.899
1681,-155.4,168.001
1682,-155.4,168.1
1683,-155.4,168.199
1684,-155.4,168.299
1685,-155.2,168.399
1686,-155.2,168.5
1687,-155.2,168.599
1688,-155.2,168.699
1689,-155.2,168.799
1690,-155.2,168.899
1691,-155.2,169.001
1692,-155.2,169.1
1693,-155.2,169.199
1694,-155.2,169.299
1695,-155,169.399
1696,-155,169.5
1697,-155,169.599
1698,-155,169.699
1699,-155,169.799
1700,-155,169.901
1701,-155,170
1702,-154.8,170.099
1703,-154.8,170.199
1704,-154.8,170.299
1705,-154.8,170.399
1706,-154.8,170.501
1707,-154.8,170.6
1708,-154.8,170.699
1709,-154.6,170.799
1710,-154.6,170.899
1711,-154.6,171.001
1712,-154.6,171.1
1713,-154.6,171.199
1714,-154.6,171.301
1715,-154.6,171.399
1716,-154.6,171.503
1717,-154.6,171.6
1718,-154.6,171.699
1719,-154.4,171.799
1720,-154.4,171.899
1721,-154.4,172
1722,-154.4,172.099
1723,-154.4,172.199
1724,-154.4,172.299
1725,-154.4,172.401
1726,-154.2,172.5
1727,-154.2,172.599
1728,-154.2,172.699
1729,-154.2,172.799
1730,-154.2,172.899
1731,-154.2,173
1732,-154.2,173.099
1733,-154.2,173.198
1734,-154.2,173.3
1735,-154.2,173.4
1736,-154.2,173.5
1737,-154,173.599
1738,-154,173.699
1739,-154,173.801
1740,-154,173.899
1741,-154,174.001
1742,-154,174.099
1743,-154,174.2
1744,-154,174.299
1745,-154,174.399
1746,-154,174.5
1747,-154,174.598
1748,-153.8,174.7
1749,-153.8,174.799
1750,-153.8,174.901
1751,-153.8,175
1752,-153.8,175.1
1753,-153.8,175.199
1754,-153.8,175.299
1755,-153.8,175.399
1756,-153.8,175.5
1757,-153.6,175.599
1758,-153.6,175.699
1759,-153.6,175.799
1760,-153.6,175.899
1761,-153.6,176.001
1762,-153.6,176.1
1763,-153.6,176.199
1764,-153.6,176.299
1765,-153.4,176.399
1766,-153.4,176.5
1767,-153.4,176.599
1768,-153.4,176.702
1769,-153.4,176.799
1770,-153.4,176.898
1771,-153.4,177
1772,-153.4,177.099
1773,-153.4,177.199
1774,-153.4,177.299
1775,-153.4,177.399
1776,-153.2,177.5
1777,-153.2,177.598
1778,-153.2,177.698
1779,-153.2,177.799
1780,-153.2,177.899
1781,-153.2,178
1782,-153.2,178.099
1783,-153.2,178.199
1784,-153.2,178.298
1785,-153.2,178.399
1786,-153.2,178.5
1787,-153,178.599
1788,-153,178.699
1789,-153,178.801
1790,-153,178.899
1791,-153,179
1792,-153,179.103
1793,-153,179.203
1794,-153,179.301
1795,-153,179.399
1796,-153,179.501
1797,-153,179.602
1798,-153,179.701
1799,-153,179.8
1800,-153,179.901
1801,-152.8,180
1802,-152.8,180.099
1803,-152.8,180.199
1804,-152.8,180.303
1805,-152.8,180.403
1806,-152.8,180.501
1807,-152.8,180.599
1808,-152.8,180.699
1809,-152.8,180.799
1810,-152.8,180.899
1811,-152.8,181.001
1812,-152.8,181.099
1813,-152.6,181.199
1814,-152.6,181.299
1815,-152.6,181.398
1816,-152.6,181.5
1817,-152.6,181.599
1818,-152.6,181.699
1819,-152.6,181.798
1820,-152.6,181.899
1821,-152.6,182.001
1822,-152.6,182.098
1823,-152.4,182.199
1824,-152.4,182.299
1825,-152.4,182.399
1826,-152.4,182.499
1827,-152.4,182.599
1828,-152.4,182.699
1829,-152.4,182.799
1830,-152.4,182.898
1831,-152.4,183
1832,-152.4,183.099
1833,-152.4,183.2
1834,-152.4,183.299
1835,-152.2,183.399
1836,-152.2,183.501
1837,-152.2,183.599
1838,-152.2,183.7
1839,-152.2,183.799
1840,-152.2,183.9
1841,-152.2,184
1842,-152.2,184.099
1843,-152.2,184.199
1844,-152.2,184.298
1845,-152.2,184.399
1846,-152.2,184.5
1847,-152.2,184.6
1848,-152.2,184.699
1849,-152,184.799
1850,-152,184.899
1851,-152,184.999
1852,-152,185.099
1853,-152,185.198
1854,-152,185.299
1855,-152,185.399
1856,-152,185.5
1857,-152,185.599
1858,-152,185.699
1859,-152,185.799
1860,-152,185.899
1861,-152,186.001
1862,-152,186.098
1863,-152,186.2
1864,-151.8,186.3
1865,-151.8,186.399
1866,-151.8,186.501
1867,-151.8,186.599
1868,-151.8,186.7
1869,-151.6,186.799
1870,-146.4,186.9
1871,-146.4,187.001
1872,-136.8,187.1
1873,-128.4,187.2
1874,-122.6,187.299
1875,-111.6,187.399
1876,-101.2,187.501
1877,-101.2,187.6
1878,-91.2,187.7
1879,-82.8,187.8
1880,-77.4,187.9
1881,-73.6,188.001
1882,-69.6,188.099
1883,-69.6,188.2
1884,-66.6,188.3
1885,-65.2,188.399
1886,-61.6,188.5
1887,-56.8,188.6
1888,-51.2,188.699
1889,-51.2,188.799
1890,-45.6,188.9
1891,-40,189.001
1892,-38.6,189.1
1893,-39,189.2
1894,-39.6,189.3
1895,-39.6,189.399
1896,-40.4,189.501
1897,-41,189.6
1898,-41.6,189.7
1899,-42.2,189.799
1900,-42.2,189.899
1901,-42.6,190
1902,-43,190.099
1903,-43.4,190.2
1904,-43.8,190.299
1905,-44,190.399
1906,-44,190.501
1907,-44.4,190.6
1908,-44.6,190.7
1909,-45,190.799
1910,-45.2,190.898
1911,-45.4,191.001
1912,-45.4,191.1
1913,-45.6,191.199
1914,-45.8,191.299
1915,-46,191.399
1916,-46.2,191.5
1917,-46.4,191.599
1918,-46.4,191.699
1919,-46.6,191.798
1920,-46.6,191.899
1921,-46.8,192
1922,-47,192.1
1923,-47.2,192.201
1924,-47.2,192.299
1925,-47.2,192.4
1926,-47.4,192.501
1927,-47.6,192.599
1928,-47.6,192.699
1929,-47.6,192.8
1930,-47.8,192.899
1931,-48,193.001
1932,-48,193.099
1933,-48,193.2
1934,-48.2,193.3
1935,-48.2,193.4
1936,-48.2,193.5
1937,-48.4,193.6
1938,-48.4,193.699
1939,-48.6,193.801
1940,-48.6,193.899
1941,-48.6,194.001
1942,-48.8,194.1
1943,-48.8,194.199
1944,-49,194.301
1945,-49,194.4
1946,-49,194.501
1947,-49,194.6
1948,-49.2,194.699
1949,-49.2,194.8
1950,-49.4,194.9
1951,-49.4,195
1952,-49.4,195.1
1953,-49.4,195.2
1954,-49.6,195.299
1955,-49.6,195.4
1956,-49.6,195.5
1957,-49.8,195.599
1958,-49.8,195.7
1959,-49.8,195.8
1960,-49.8,195.9
1961,-50,196
1962,-50,196.1
1963,-50,196.2
1964,-50,196.299
1965,-50,196.399
1966,-50.2,196.5
1967,-50.2,196.599
1968,-50.2,196.698
1969,-50.2,196.799
1970,-50.4,196.899
1971,-50.4,197.002
1972,-50.4,197.1
1973,-50.4,197.2
1974,-50.6,197.3
1975,-50.6,197.399
1976,-50.6,197.5
1977,-50.6,197.599
1978,-50.6,197.699
1979,-50.6,197.799
1980,-50.8,197.899
1981,-50.8,198
1982,-50.8,198.101
1983,-50.8,198.203
1984,-51,198.302
1985,-51,198.399
1986,-51,198.5
1987,-51,198.599
1988,-51,198.699
1989,-51,198.799
1990,-51,198.899
1991,-51.2,198.999
1992,-51.2,199.099
1993,-51.2,199.198
1994,-51.2,199.299
1995,-51.2,199.4
1996,-51.2,199.503
1997,-51.4,199.601
1998,-51.4,199.699
1999,-51.4,199.799
2000,-51.4,199.899
2001,-51.4,199.999
2002,-51.4,200.099
2003,-51.4,200.199
2004,-51.4,200.299
2005,-51.6,200.398
2006,-51.6,200.499
2007,-51.6,200.6
2008,-51.6,200.699
2009,-51.6,200.798
2010,-51.6,200.902
2011,-51.6,201.002
2012,-51.8,201.099
2013,-51.8,201.201
2014,-51.8,201.3
2015,-51.8,201.399
2016,-51.8,201.5
2017,-51.8,201.6
2018,-51.8,201.702
2019,-52,201.798
2020,-52,201.899
2021,-52,201.999
2022,-52,202.099
2023,-52,202.199
2024,-52,202.299
2025,-52,202.399
2026,-52,202.503
2027,-52,202.602
2028,-52.2,202.699
2029,-52.2,202.8
2030,-52.2,202.899
2031,-52.2,203.001
2032,-52.2,203.101
2033,-52.2,203.199
2034,-52.2,203.299
2035,-52.2,203.399
2036,-52.4,203.5
2037,-52.4,203.6
2038,-52.4,203.699
2039,-52.4,203.801
2040,-52.4,203.899
2041,-52.4,204.001
2042,-52.4,204.099
2043,-52.4,204.2
2044,-52.4,204.301
2045,-52.4,204.4
2046,-52.4,204.5
2047,-52.6,204.599
2048,-52.6,204.7
2049,-52.6,204.803
2050,-52.6,204.9
2051,-52.6,205.001
2052,-52.6,205.1
2053,-52.6,205.199
2054,-52.6,205.299
2055,-52.6,205.399
2056,-52.6,205.501
2057,-52.6,205.599
2058,-52.8,205.699
2059,-52.8,205.798
2060,-52.8,205.899
2061,-52.8,206.001
2062,-52.8,206.099
2063,-52.8,206.199
2064,-52.8,206.299
2065,-52.8,206.399
2066,-52.8,206.5
2067,-52.8,206.599
2068,-52.8,206.699
2069,-53,206.799
2070,-53,206.899
2071,-53,207.001
2072,-53,207.099
2073,-53,207.199
2074,-53,207.299
2075,-53,207.399
2076,-53,207.5
2077,-53,207.599
2078,-53,207.698
2079,-53,207.799
2080,-53,207.899
2081,-53.2,208
2082,-53.2,208.1
2083,-53.2,208.199
2084,-53.2,208.302
2085,-53.2,208.399
2086,-53.2,208.505
2087,-53.2,208.6
2088,-53.2,208.699
2089,-53.2,208.799
2090,-53.2,208.9
2091,-53.2,209.002
2092,-53.2,209.101
2093,-53.2,209.201
2094,-53.4,209.3
2095,-53.4,209.401
2096,-53.4,209.5
2097,-53.4,209.6
2098,-53.4,209.703
2099,-53.4,209.8
2100,-53.4,209.899
2101,-53.4,210.001
2102,-53.4,210.1
2103,-53.4,210.2
2104,-53.4,210.3
2105,-53.4,210.4
2106,-53.4,210.5
2107,-53.4,210.6
2108,-53.4,210.701
2109,-53.4,210.8
2110,-53.6,210.902
2111,-53.6,211.001
2112,-53.6,211.099
2113,-53.6,211.2
2114,-53.6,211.3
2115,-53.6,211.402
2116,-53.6,211.504
2117,-53.6,211.602
2118,-53.6,211.701
2119,-53.6,211.804
2120,-53.6,211.904
2121,-53.6,212.002
2122,-53.6,212.102
2123,-53.6,212.2
2124,-53.6,212.301
2125,-53.6,212.4
2126,-53.6,212.502
2127,-53.8,212.599
2128,-53.8,212.7
2129,-53.8,212.801
2130,-53.8,212.901
2131,-53.8,213
2132,-53.8,213.102
2133,-53.8,213.199
2134,-53.8,213.3
2135,-53.8,213.399
2136,-53.8,213.5
2137,-53.8,213.599
2138,-53.8,213.699
2139,-53.8,213.8
2140,-53.8,213.899
2141,-53.8,214
2142,-53.8,214.099
2143,-53.8,214.199
2144,-53.8,214.299
2145,-54,214.399
2146,-54,214.5
2147,-54,214.599
2148,-54,214.7
2149,-54,214.799
2150,-54,214.899
2151,-54,215
2152,-54,215.099
2153,-54,215.202
2154,-54,215.299
2155,-54,215.399
2156,-54,215.502
2157,-54,215.599
2158,-54,215.699
2159,-54,215.799
2160,-54,215.9
2161,-54,216
2162,-54.2,216.099
2163,-54.2,216.199
2164,-54.2,216.3
2165,-54.2,216.399
2166,-54.2,216.5
2167,-54.2,216.598
2168,-54.2,216.701
2169,-54.2,216.8
2170,-54.2,216.899
2171,-54.2,217.002
2172,-54.2,217.1
2173,-54.2,217.201
2174,-54.2,217.301
2175,-54.2,217.399
2176,-54.2,217.5
2177,-54.2,217.601
2178,-54.2,217.699
2179,-54.2,217.799
2180,-54.2,217.899
2181,-54.2,218
2182,-54.2,218.099
2183,-54.2,218.2
2184,-54.2,218.299
2185,-54.2,218.399
2186,-54.2,218.5
2187,-54.4,218.599
2188,-54.4,218.699
2189,-54.4,218.799
2190,-54.4,218.899
2191,-54.4,219
2192,-54.4,219.102
2193,-54.4,219.2
2194,-54.4,219.299
2195,-54.4,219.4
2196,-54.4,219.5
2197,-54.4,219.599
2198,-54.4,219.699
2199,-54.4,219.799
2200,-54.4,219.899
2201,-54.4,220
2202,-54.4,220.099
2203,-54.4,220.199
2204,-54.4,220.299
2205,-54.4,220.399
2206,-54.4,220.5
2207,-54.4,220.599
2208,-54.4,220.699
2209,-54.4,220.802
2210,-54.4,220.902
2211,-54.4,221.002
2212,-54.4,221.1
2213,-54.6,221.2
2214,-54.6,221.299
2215,-54.6,221.399
2216,-54.6,221.5
2217,-54.6,221.599
2218,-54.6,221.699
2219,-54.6,221.799
2220,-54.6,221.9
2221,-54.6,222.003
2222,-54.6,222.1
2223,-54.6,222.2
2224,-54.6,222.299
2225,-54.6,222.399
2226,-54.6,222.5
2227,-54.6,222.599
2228,-54.6,222.699
2229,-54.6,222.799
2230,-54.6,222.903
2231,-54.6,223
2232,-54.6,223.099
2233,-54.6,223.199
2234,-54.6,223.299
2235,-54.6,223.4
2236,-54.6,223.5
2237,-54.6,223.599
2238,-54.6,223.699
2239,-54.6,223.799
2240,-54.6,223.899
2241,-54.6,224.004
2242,-54.6,224.101
2243,-54.8,224.2
2244,-54.8,224.3
2245,-54.8,224.399
2246,-54.8,224.501
2247,-54.8,224.599
2248,-54.8,224.699
2249,-54.8,224.799
2250,-54.8,224.9
2251,-54.8,225
2252,-54.8,225.101
2253,-54.8,225.199
2254,-54.8,225.302
2255,-54.8,225.399
2256,-54.8,225.499
2257,-54.8,225.6
2258,-54.8,225.699
2259,-54.8,225.801
2260,-54.8,225.9
2261,-54.8,226
2262,-54.8,226.1
2263,-54.8,226.199
2264,-54.8,226.299
2265,-54.8,226.399
2266,-54.8,226.499
2267,-54.8,226.6
2268,-54.8,226.699
2269,-54.8,226.799
2270,-54.8,226.899
2271,-54.8,227
2272,-54.8,227.101
2273,-54.8,227.199
2274,-55,227.299
2275,-55,227.399
2276,-55,227.5
2277,-55,227.599
2278,-55,227.699
2279,-55,227.799
2280,-55,227.899
2281,-55,228
2282,-55,228.099
2283,-55,228.199
2284,-55,228.3
2285,-55,228.399
2286,-55,228.5
2287,-55,228.599
2288,-55,228.699
2289,-55,228.8
2290,-55,228.898
2291,-55,229
2292,-55,229.099
2293,-55,229.199
2294,-55,229.299
2295,-55,229.399
2296,-55,229.502
2297,-55,229.6
2298,-55,229.702
2299,-55,229.799
2300,-55,229.9
2301,-55,230
2302,-55,230.099
2303,-55,230.199
2304,-55,230.299
2305,-55,230.399
2306,-55.2,230.5
2307,-55.2,230.599
2308,-55.2,230.699
2309,-55.2,230.799
2310,-55.2,230.899
2311,-55.2,231.003
2312,-55.2,231.1
2313,-55.2,231.2
2314,-55.2,231.299
2315,-55.2,231.399
2316,-55.2,231.5
2317,-55.2,231.6
2318,-55.2,231.699
2319,-55.2,231.799
2320,-55.2,231.899
2321,-55.2,232.003
2322,-55.2,232.1
2323,-55.2,232.199
2324,-55.2,232.299
2325,-55.2,232.4
2326,-55.2,232.5
2327,-55.2,232.599
2328,-55.2,232.699
2329,-55.4,232.799
2330,-60.8,232.899
2331,-68.8,233
2332,-85.8,233.099
2333,-85.8,233.199
2334,-108.8,233.299
2335,-131.6,233.399
2336,-146.6,233.5
2337,-150.6,233.599
2338,-152,233.699
2339,-152,233.799
2340,-151.4,233.899
2341,-150.2,234
2342,-149.2,234.099
2343,-148.4,234.199
2344,-147.6,234.299
2345,-147.6,234.4
2346,-147,234.499
2347,-146.4,234.599
2348,-145.8,234.699
2349,-145.4,234.799
2350,-145,234.901
2351,-145,235
2352,-144.6,235.099
2353,-144.4,235.199
2354,-144,235.299
2355,-143.8,235.399
2356,-143.8,235.5
2357,-143.6,235.6
2358,-143.2,235.7
2359,-143,235.799
2360,-142.8,235.899
2361,-142.6,236
2362,-142.6,236.099
2363,-142.4,236.199
2364,-142.2,236.299
2365,-142,236.399
2366,-142,236.5
2367,-141.8,236.599
2368,-141.8,236.699
2369,-141.6,236.799
2370,-141.4,236.902
2371,-141.2,237
2372,-141.2,237.099
2373,-141,237.199
2374,-141,237.299
2375,-140.8,237.399
2376,-140.8,237.5
2377,-140.6,237.598
2378,-140.6,237.699
2379,-140.6,237.799
2380,-140.4,237.901
2381,-140.2,238
2382,-140.2,238.099
2383,-138.6,238.199
2384,-134.4,238.299
2385,-134.4,238.4
2386,-132.8,238.5
2387,-130.8,238.599
2388,-128.6,238.699
2389,-124.4,238.799
2390,-122,238.902
2391,-122,239
2392,-121,239.099
2393,-120.6,239.2
2394,-120.6,239.299
2395,-120.6,239.4
2396,-120.4,239.5
2397,-120.4,239.599
2398,-118.6,239.699
2399,-117.4,239.798
2400,-117,239.899
2401,-116.8,240
2402,-116.8,240.099
2403,-116.8,240.199
2404,-116.8,240.299
2405,-116.8,240.399
2406,-116.8,240.5
2407,-117,240.599
2408,-117,240.699
2409,-117,240.798
2410,-117,240.899
2411,-117,241
2412,-117,241.099
2413,-117.2,241.199
2414,-117.2,241.31
2415,-117.2,241.401
2416,-117.2,241.5
2417,-117.2,241.599
2418,-117.2,241.702
2419,-117.2,241.799
2420,-117.2,241.899
2421,-117.2,242.001
2422,-117.2,242.099
2423,-117.2,242.199
2424,-117.4,242.3
2425,-117.4,242.4
2426,-117.4,242.5
2427,-117.4,242.599
2428,-117.4,242.699
2429,-117.4,242.8
2430,-117.4,242.9
2431,-117.4,243
2432,-117.4,243.099
2433,-117.4,243.199
2434,-117.4,243.299
2435,-117.4,243.399
2436,-117.4,243.5
2437,-117.4,243.599
2438,-117.4,243.699
2439,-117.4,243.799
2440,-117.4,243.899
2441,-117.4,244
2442,-117.4,244.1
2443,-117.4,244.201
2444,-117.4,244.299
2445,-117.4,244.399
2446,-117.4,244.5
2447,-117.4,244.599
2448,-117.4,244.699
2449,-117.4,244.799
2450,-117.4,244.899
2451,-117.4,245
2452,-117.4,245.099
2453,-117.2,245.199
2454,-117.4,245.299
2455,-117.2,245.399
2456,-117.2,245.501
2457,-117.2,245.603
2458,-117.2,245.7
2459,-117.2,245.799
2460,-117.2,245.899
2461,-117.2,246
2462,-117.2,246.099
2463,-117.2,246.199
2464,-117.2,246.299
2465,-117.2,246.399
2466,-117.2,246.5
2467,-117.2,246.599
2468,-117.2,246.699
2469,-117.2,246.799
2470,-117.2,246.899
2471,-117.2,246.999
2472,-117.2,247.099
2473,-117.2,247.199
2474,-117.2,247.299
2475,-117.2,247.399
2476,-117.2,247.5
2477,-117.2,247.599
2478,-117.2,247.699
2479,-117.2,247.799
2480,-117.2,247.9
2481,-117.2,248
2482,-117.2,248.099
2483,-117.2,248.199
2484,-117.2,248.298
2485,-117.2,248.399
2486,-117.2,248.5
2487,-117,248.599
2488,-117.2,248.698
2489,-117,248.799
2490,-117,248.901
2491,-117,249
2492,-117,249.099
2493,-117,249.199
2494,-117,249.301
2495,-117,249.403
2496,-117,249.5
2497,-117,249.599
2498,-117,249.699
2499,-117,249.801
2500,-117,249.899
2501,-117,249.999
2502,-117,250.099
2503,-117,250.199
2504,-117,250.299
2505,-117,250.399
2506,-117,250.5
2507,-117,250.598
2508,-117,250.7
2509,-117,250.799
2510,-117,250.899
2511,-117,251
2512,-117,251.099
2513,-117,251.202
2514,-117,251.3
2515,-117,251.399
2516,-117,251.5
2517,-117,251.599
2518,-117,251.699
2519,-117,251.801
2520,-117,251.899
2521,-117,252
2522,-117,252.099
2523,-117,252.202
2524,-116.8,252.3
2525,-116.8,252.399
2526,-116.8,252.5
2527,-116.8,252.6
2528,-116.8,252.699
2529,-116.8,252.799
2530,-116.8,252.899
2531,-116.8,253.001
2532,-116.8,253.1
2533,-116.8,253.199
2534,-116.8,253.3
2535,-116.8,253.399
2536,-116.8,253.501
2537,-116.8,253.6
2538,-116.8,253.7
2539,-116.8,253.799
2540,-116.8,253.9
2541,-116.8,254
2542,-116.8,254.099
2543,-116.8,254.199
2544,-116.8,254.3
2545,-116.8,254.399
2546,-116.8,254.5
2547,-116.8,254.6
2548,-116.8,254.699
2549,-116.8,254.799
2550,-116.8,254.905
2551,-116.8,255.002
2552,-116.8,255.101
2553,-116.8,255.2
2554,-116.8,255.299
2555,-116.8,255.4
2556,-116.6,255.5
2557,-116.6,255.599
2558,-116.6,255.699
2559,-116.6,255.8
2560,-116.6,255.898
2561,-116.6,256
2562,-116.6,256.099
2563,-116.6,256.199
2564,-116.6,256.299
2565,-116.6,256.398
2566,-116.6,256.499
2567,-116.6,256.599
2568,-116.6,256.699
2569,-116.6,256.799
2570,-116.6,256.899
2571,-116.6,257
2572,-116.6,257.099
2573,-116.6,257.199
2574,-116.6,257.299
2575,-116.6,257.399
2576,-116.6,257.5
2577,-116.6,257.598
2578,-116.6,257.699
2579,-116.6,257.799
2580,-116.6,257.9
2581,-116.6,258.001
2582,-116.6,258.101
2583,-116.6,258.201
2584,-116.6,258.299
2585,-116.6,258.401
2586,-116.6,258.5
2587,-116.6,258.6
2588,-116.6,258.701
2589,-116.6,258.802
2590,-116.6,258.901
2591,-116.6,259
2592,-116.6,259.1
2593,-116.4,259.199
2594,-116.4,259.301
2595,-116.4,259.402
2596,-116.4,259.5
2597,-116.4,259.599
2598,-116.4,259.699
2599,-116.4,259.799
2600,-116.4,259.899
2601,-116.4,260
2602,-116.4,260.099
2603,-116.4,260.201
2604,-116.4,260.299
2605,-116.4,260.399
2606,-116.4,260.5
2607,-116.4,260.599
2608,-116.4,260.701
2609,-116.4,260.817
2610,-116.4,260.899
2611,-116.4,261
2612,-116.4,261.099
2613,-116.4,261.2
2614,-116.4,261.299
2615,-116.4,261.402
2616,-116.4,261.504
2617,-116.4,261.599
2618,-116.4,261.701
2619,-116.4,261.81
2620,-116.4,261.9
2621,-116.4,262
2622,-116.4,262.1
2623,-116.4,262.201
2624,-116.4,262.302
2625,-116.2,262.401
2626,-116.2,262.501
2627,-116.2,262.601
2628,-116.2,262.7
2629,-116.2,262.8
2630,-116.2,262.9
2631,-116.2,263.003
2632,-116.2,263.101
2633,-116.2,263.202
2634,-116.2,263.301
2635,-116.2,263.403
2636,-116.2,263.503
2637,-116.2,263.6
2638,-116.2,263.701
2639,-116.2,263.805
2640,-116.2,263.901
2641,-116.2,264.002
2642,-116.2,264.1
2643,-116.2,264.2
2644,-116.2,264.3
2645,-116.2,264.399
2646,-116.2,264.5
2647,-116.2,264.601
2648,-116.2,264.7
2649,-116.2,264.81
2650,-116.2,264.9
2651,-116.2,265
2652,-116.2,265.1
2653,-116.2,265.199
2654,-116.2,265.299
2655,-116.2,265.399
2656,-116.2,265.5
2657,-116.2,265.599
2658,-116.2,265.699
2659,-116.2,265.808
2660,-116.2,265.9
2661,-116.2,266.001
2662,-116,266.103
2663,-116.2,266.2
2664,-116.2,266.299
2665,-116.2,266.4
2666,-116.2,266.5
2667,-116.2,266.6
2668,-116,266.702
2669,-116,266.799
2670,-116,266.899
2671,-116,267.001
2672,-116,267.1
2673,-116,267.2
2674,-116,267.299
2675,-116,267.399
2676,-116,267.5
2677,-116,267.599
2678,-116,267.701
2679,-116,267.801
2680,-116,267.899
2681,-116,268.001
2682,-116,268.1
2683,-116,268.2
2684,-116,268.299
2685,-116,268.399
2686,-116,268.501
2687,-116,268.599
2688,-116,268.699
2689,-116,268.801
2690,-116,268.9
2691,-116,269
2692,-116,269.099
2693,-116,269.201
2694,-116,269.301
2695,-116,269.4
2696,-116,269.5
2697,-116,269.6
2698,-116,269.7
2699,-116,269.8
2700,-116,269.9
2701,-116,270
2702,-116,270.1
2703,-116,270.2
2704,-116,270.299
2705,-116,270.4
2706,-116,270.501
2707,-116,270.599
2708,-116,270.7
2709,-116,270.799
2710,-116,270.9
2711,-116,271
2712,-116,271.099
2713,-116,271.199
2714,-116,271.3
2715,-116,271.4
2716,-116,271.5
2717,-116,271.599
2718,-116,271.699
2719,-116,271.8
2720,-116,271.899
2721,-116,272.001
2722,-115.8,272.099
2723,-115.8,272.2
2724,-115.8,272.301
2725,-115.8,272.4
2726,-115.8,272.5
2727,-115.8,272.601
2728,-115.8,272.7
2729,-115.8,272.801
2730,-115.8,272.902
2731,-115.8,273.002
2732,-115.8,273.101
2733,-115.8,273.2
2734,-115.8,273.3
2735,-115.8,273.4
2736,-115.8,273.5
2737,-115.8,273.6
2738,-115.8,273.702
2739,-115.8,273.801
2740,-115.8,273.904
2741,-115.8,274
2742,-115.8,274.101
2743,-115.8,274.2
2744,-115.8,274.3
2745,-115.8,274.399
2746,-115.8,274.502
2747,-115.8,274.6
2748,-115.8,274.7
2749,-115.8,274.799
2750,-115.8,274.9
2751,-115.8,275.001
2752,-115.8,275.099
2753,-115.8,275.199
2754,-115.8,275.303
2755,-115.8,275.399
2756,-115.8,275.501
2757,-115.8,275.6
2758,-115.8,275.7
2759,-111.6,275.799
2760,-105.6,275.899
2761,-97.2,276.001
2762,-97.2,276.1
2763,-85.6,276.2
2764,-71.2,276.3
2765,-56.4,276.4
2766,-41,276.501
2767,-25,276.601
2768,-25,276.699
2769,-12.8,276.8
2770,-8.4,276.9
2771,-8,277.002
2772,-8.6,277.101
2773,-8.6,277.199
2774,-9.4,277.3
2775,-10.2,277.4
2776,-11,277.501
2777,-11.8,277.599
2778,-12.2,277.698
2779,-12.2,277.799
2780,-12.8,277.899
2781,-13.2,278
2782,-13.6,278.1
2783,-14,278.199
2784,-14.2,278.3
2785,-14.2,278.402
2786,-14.6,278.5
2787,-14.8,278.599
2788,-15.2,278.699
2789,-15.4,278.799
2790,-15.6,278.9
2791,-15.6,279.001
2792,-15.8,279.099
2793,-16,279.2
2794,-16.2,279.299
2795,-16.4,279.398
2796,-16.4,279.5
2797,-16.6,279.602
2798,-16.8,279.699
2799,-17,279.8
2800,-17,279.9
2801,-17.2,280
2802,-17.2,280.1
2803,-17.4,280.199
2804,-17.4,280.299
2805,-17.6,280.4
2806,-17.8,280.501
2807,-17.8,280.6
2808,-17.8,280.701
2809,-18,280.799
2810,-18.2,280.9
2811,-18.2,281.002
2812,-18.4,281.099
2813,-18.4,281.2
2814,-18.4,281.3
2815,-18.6,281.4
2816,-18.6,281.5
2817,-18.8,281.6
2818,-18.8,281.7
2819,-18.8,281.8
2820,-19,281.899
2821,-19,282
2822,-19,282.099
2823,-19.2,282.2
2824,-19.2,282.299
2825,-19.2,282.399
2826,-19.4,282.501
2827,-19.4,282.599
2828,-19.4,282.699
2829,-19.6,282.799
2830,-19.6,282.899
2831,-19.6,283
2832,-19.8,283.1
2833,-19.8,283.2
2834,-19.8,283.301
2835,-20,283.399
2836,-20,283.5
2837,-20,283.601
2838,-20,283.7
2839,-20.2,283.8
2840,-20.2,283.899
2841,-20.2,284
2842,-20.4,284.101
2843,-20.4,284.199
2844,-20.4,284.298
2845,-20.4,284.401
2846,-20.4,284.5
2847,-20.6,284.599
2848,-20.6,284.699
2849,-20.6,284.8
2850,-20.6,284.899
2851,-20.8,285.001
2852,-20.8,285.099
2853,-20.8,285.199
2854,-20.8,285.299
2855,-20.8,285.4
2856,-21,285.5
2857,-21,285.599
2858,-21,285.703
2859,-21,285.803
2860,-21,285.903
2861,-21.2,286.003
2862,-21.2,286.101
2863,-21.2,286.2
2864,-21.2,286.3
2865,-21.2,286.399
2866,-21.2,286.5
2867,-21.2,286.599
2868,-21.4,286.699
2869,-21.4,286.799
2870,-21.4,286.9
2871,-21.4,287
2872,-21.4,287.1
2873,-21.6,287.199
2874,-21.6,287.3
2875,-21.6,287.4
2876,-21.6,287.5
2877,-21.6,287.6
2878,-21.6,287.699
2879,-21.8,287.801
2880,-21.8,287.899
2881,-21.8,288
2882,-21.8,288.099
2883,-21.8,288.2
2884,-22,288.299
2885,-22,288.405
2886,-22,288.5
2887,-22,288.599
2888,-22,288.699
2889,-22,288.802
2890,-22,288.899
2891,-22,289
2892,-22.2,289.101
2893,-22.2,289.2
2894,-22.2,289.299
2895,-22.2,289.4
2896,-22.2,289.5
2897,-22.2,289.599
2898,-22.2,289.701
2899,-22.2,289.8
2900,-22.4,289.901
2901,-22.4,290
2902,-22.4,290.099
2903,-22.4,290.199
2904,-22.4,290.299
2905,-22.4,290.399
2906,-22.4,290.502
2907,-22.4,290.61
2908,-22.4,290.699
2909,-22.6,290.799
2910,-22.6,290.901
2911,-22.6,291
2912,-22.6,291.099
2913,-22.6,291.199
2914,-22.6,291.299
2915,-22.8,291.399
2916,-22.8,291.501
2917,-22.8,291.599
2918,-22.8,291.699
2919,-22.8,291.798
2920,-22.8,291.899
2921,-22.8,292.002
2922,-22.8,292.099
2923,-22.8,292.199
2924,-22.8,292.3
2925,-23,292.401
2926,-23,292.5
2927,-23,292.6
2928,-23,292.7
2929,-23,292.799
2930,-23,292.901
2931,-23,293
2932,-23,293.101
2933,-23,293.199
2934,-23.2,293.299
2935,-23.2,293.399
2936,-23.2,293.5
2937,-23.2,293.6
2938,-23.2,293.699
2939,-23.2,293.799
2940,-23.2,293.899
2941,-23.2,294
2942,-23.2,294.099
2943,-23.2,294.201
2944,-23.2,294.299
2945,-23.2,294.4
2946,-23.4,294.501
2947,-23.4,294.599
2948,-23.4,294.699
2949,-23.4,294.799
2950,-23.4,294.9
2951,-23.4,295.001
2952,-23.4,295.099
2953,-23.4,295.199
2954,-23.4,295.299
2955,-23.4,295.4
2956,-23.4,295.5
2957,-23.6,295.6
2958,-23.6,295.699
2959,-23.6,295.799
2960,-23.6,295.899
2961,-23.6,296
2962,-23.6,296.099
2963,-23.6,296.199
2964,-23.6,296.3
2965,-23.6,296.399
2966,-23.6,296.502
2967,-23.8,296.598
2968,-23.8,296.699
2969,-23.8,296.801
2970,-23.8,296.9
2971,-23.8,297.001
2972,-23.8,297.099
2973,-23.8,297.2
2974,-23.8,297.299
2975,-23.8,297.4
2976,-23.8,297.5
2977,-23.8,297.6
2978,-23.8,297.7
2979,-23.8,297.8
2980,-24,297.9
2981,-24,298
2982,-24,298.099
2983,-24,298.2
2984,-24,298.3
2985,-24,298.4
2986,-24,298.502
2987,-24,298.599
2988,-24,298.702
2989,-24,298.802
2990,-24,298.902
2991,-24,299.003
2992,-24,299.1
2993,-24,299.2
2994,-24,299.299
2995,-24.2,299.402
2996,-24.2,299.5
2997,-24.2,299.599
2998,-24.2,299.7
2999,-24.2,299.8
3000,-24.2,299.9
3001,-24.2,300.001
3002,-24.2,300.099
3003,-24.2,300.199
3004,-24.2,300.3
3005,-24.2,300.4
3006,-24.2,300.501
3007,-24.2,300.6
3008,-24.2,300.699
3009,-24.2,300.8
3010,-24.4,300.902
3011,-24.4,301
3012,-24.4,301.1
3013,-24.4,301.201
3014,-24.4,301.301
3015,-24.4,301.399
3016,-24.4,301.5
3017,-24.4,301.599
3018,-24.4,301.7
3019,-24.4,301.8
3020,-24.4,301.9
3021,-24.4,302
3022,-24.4,302.101
3023,-24.4,302.199
3024,-24.4,302.299
3025,-24.4,302.4
3026,-24.4,302.5
3027,-24.6,302.599
3028,-24.6,302.699
3029,-24.6,302.799
3030,-24.6,302.9
3031,-24.6,303
3032,-24.6,303.1
3033,-24.6,303.199
3034,-24.6,303.301
3035,-24.6,303.4
3036,-24.6,303.502
3037,-24.6,303.599
3038,-24.6,303.7
3039,-24.6,303.799
3040,-24.6,303.899
3041,-24.6,304
3042,-24.6,304.099
3043,-24.8,304.199
3044,-24.8,304.299
3045,-24.8,304.399
3046,-24.8,304.5
3047,-24.8,304.599
3048,-24.8,304.699
3049,-24.8,304.802
3050,-24.8,304.899
3051,-24.8,304.999
3052,-24.8,305.099
3053,-24.8,305.199
3054,-24.8,305.299
3055,-24.8,305.399
3056,-24.8,305.5
3057,-24.8,305.599
3058,-24.8,305.699
3059,-24.8,305.799
3060,-24.8,305.898
3061,-24.8,306
3062,-24.8,306.099
3063,-24.8,306.199
3064,-25,306.305
3065,-25,306.403
3066,-25,306.501
3067,-25,306.604
3068,-25,306.706
3069,-25,306.8
3070,-25,306.899
3071,-25,307.002
3072,-25,307.099
3073,-25,307.199
3074,-25,307.299
3075,-25,307.399
3076,-25,307.501
3077,-25,307.599
3078,-25,307.703
3079,-25,307.8
3080,-25,307.901
3081,-25,308
3082,-25.2,308.099
3083,-25.2,308.201
3084,-25.2,308.299
3085,-25.2,308.399
3086,-25.2,308.5
3087,-25.2,308.599
3088,-25.2,308.699
3089,-25.2,308.803
3090,-25.2,308.902
3091,-25.2,309
3092,-25.2,309.101
3093,-25.2,309.199
3094,-25.2,309.299
3095,-25.2,309.401
3096,-25.2,309.5
3097,-25.2,309.599
3098,-25.2,309.699
3099,-25.2,309.799
3100,-25.2,309.899
3101,-25.2,310
3102,-25.2,310.102
3103,-25.2,310.203
3104,-25.2,310.301
3105,-25.2,310.399
3106,-25.2,310.5
3107,-25.2,310.6
3108,-25.2,310.699
3109,-25.2,310.799
3110,-25.2,310.899
3111,-25.4,311
3112,-25.4,311.099
3113,-25.4,311.201
3114,-25.4,311.299
3115,-25.4,311.399
3116,-25.4,311.5
3117,-25.4,311.605
3118,-25.4,311.7
3119,-25.4,311.8
3120,-25.4,311.899
3121,-25.4,312
3122,-25.4,312.099
3123,-25.4,312.199
3124,-25.4,312.299
3125,-25.4,312.399
3126,-25.4,312.499
3127,-25.4,312.599
3128,-25.4,312.699
3129,-25.4,312.799
3130,-25.4,312.901
3131,-25.4,313.002
3132,-25.4,313.099
3133,-25.6,313.2
3134,-25.6,313.299
3135,-25.6,313.399
3136,-25.6,313.5
3137,-25.6,313.599
3138,-25.6,313.699
3139,-25.6,313.799
3140,-25.6,313.9
3141,-25.6,314.001
3142,-25.6,314.1
3143,-25.6,314.199
3144,-25.6,314.3
3145,-25.6,314.4
3146,-25.6,314.502
3147,-25.6,314.599
3148,-25.6,314.699
3149,-25.6,314.8
3150,-25.6,314.899
3151,-25.6,315
3152,-25.6,315.1
3153,-25.6,315.199
3154,-25.8,315.299
3155,-25.8,315.403
3156,-25.8,315.5
3157,-25.8,315.6
3158,-25.8,315.703
3159,-25.8,315.8
3160,-25.8,315.901
3161,-25.8,316
3162,-25.8,316.099
3163,-25.8,316.199
3164,-25.8,316.298
3165,-25.8,316.399
3166,-25.8,316.499
3167,-25.8,316.599
3168,-25.8,316.698
3169,-25.8,316.799
3170,-25.8,316.899
3171,-25.8,317.004
3172,-25.8,317.1
3173,-25.8,317.199
3174,-25.8,317.3
3175,-25.8,317.399
3176,-25.8,317.5
3177,-25.8,317.599
3178,-25.8,317.7
3179,-25.8,317.799
3180,-25.8,317.899
3181,-25.8,318
3182,-25.8,318.099
3183,-26,318.199
3184,-26,318.299
3185,-26,318.399
3186,-26,318.5
3187,-26,318.6
3188,-26,318.699
3189,-26,318.799
3190,-26,318.899
3191,-26,319
3192,-26,319.098
3193,-26,319.201
3194,-26,319.299
3195,-26,319.399
3196,-26,319.5
3197,-26,319.599
3198,-26,319.699
3199,-26,319.799
3200,-26,319.899
3201,-26,320
3202,-26,320.099
3203,-26,320.199
3204,-26,320.3
3205,-26,320.401
3206,-26,320.501
3207,-26,320.599
3208,-26,320.699
3209,-26,320.799
3210,-26,320.899
3211,-26,321
3212,-26,321.099
3213,-26,321.199
3214,-26,321.298
3215,-26.2,321.4
3216,-26.2,321.5
3217,-26.2,321.599
3218,-26.2,321.699
3219,-26.2,321.799
3220,-26.2,321.899
3221,-26.2,322
3222,-26.2,322.1
3223,-26.2,322.199
3224,-26.2,322.298
3225,-26.2,322.399
3226,-26.2,322.499
3227,-26.2,322.599
3228,-26.2,322.698
3229,-26.2,322.798
3230,-26.2,322.9
3231,-28.8,322.999
3232,-47.2,323.099
3233,-73.8,323.199
3234,-104.8,323.299
3235,-127.8,323.399
3236,-127.8,323.5
3237,-144,323.599
3238,-153.6,323.699
3239,-164.6,323.799
3240,-177.6,323.899
3241,-190,323.999
3242,-190,324.099
3243,-196.2,324.199
3244,-197.8,324.3
3245,-199.8,324.398
3246,-202.6,324.499
3247,-200.6,324.599
3248,-200.6,324.699
3249,-189,324.798
3250,-73.4,324.899
3251,-28.2,324.999
3252,-10.4,325.099
3253,-10.4,325.198
3254,-3.6,325.299
3255,-1,325.398
3256,0,325.5
3257,0.4,325.599
3258,0.6,325.703
3259,0.6,325.802
3260,0.6,325.903
3261,0.6,326.003
3262,0.6,326.101
3263,0.6,326.199
3264,0.6,326.298
3265,0.6,326.399
3266,0.6,326.5
3267,0.6,326.598
3268,0.6,326.699
3269,0.6,326.798
3270,0.6,326.898
3271,0.6,326.999
3272,0.6,327.099
3273,0.6,327.198
3274,0.6,327.298
3275,0.6,327.398
3276,0.6,327.5
3277,0.6,327.604
3278,0.6,327.705
3279,0.6,327.802
3280,0.6,327.899
3281,0.6,328
3282,0.6,328.099
3283,0.6,328.199
3284,0.6,328.3
3285,0.6,328.399
3286,0.6,328.503
3287,0.6,328.599
3288,0.6,328.699
3289,0.6,328.803
3290,0.6,328.902
3291,0.6,329.001
3292,0.6,329.1
3293,0.6,329.2
3294,0.6,329.302
3295,0.6,329.401
3296,0.6,329.5
3297,0.6,329.599
3298,0.6,329.698
3299,0.6,329.799
3300,0.6,329.898
3301,0.6,330
3302,0.6,330.1
3303,0.6,330.199
3304,0.6,330.299
3305,0.6,330.404
