Reading,Load [27.4 N],Time [sec.]
1,0,0
2,0,0.098
3,0,0.199
4,0,0.298
5,0,0.398
6,0,0.498
7,0,0.598
8,0,0.7
9,0,0.798
10,0,0.898
11,0,0.998
12,0,1.097
13,0,1.2
14,0,1.298
15,0,1.4
16,0,1.498
17,0,1.601
18,0,1.699
19,0,1.798
20,0,1.898
21,0,1.999
22,0,2.097
23,0,2.2
24,0,2.298
25,0,2.398
26,0,2.498
27,0,2.598
28,0,2.699
29,0,2.798
30,0,2.897
31,0,2.998
32,0,3.102
33,0,3.199
34,0,3.299
35,0,3.4
36,0,3.503
37,0,3.599
38,0,3.699
39,0,3.798
40,0,3.898
41,0,3.999
42,0,4.099
43,0,4.198
44,0,4.31
45,0,4.4
46,0,4.498
47,0,4.599
48,0,4.698
49,0,4.798
50,0,4.9
51,0,5.001
52,0,5.104
53,0,5.2
54,0,5.301
55,0,5.4
56,0,5.498
57,0,5.599
58,0,5.698
59,0,5.802
60,0,5.899
61,0,6.001
62,0,6.098
63,0,6.209
64,0,6.299
65,0,6.398
66,0,6.498
67,0,6.598
68,0,6.701
69,0,6.798
70,0,6.898
71,0,6.999
72,0,7.098
73,0,7.199
74,0,7.298
75,0,7.398
76,0,7.498
77,0,7.598
78,0,7.698
79,0,7.798
80,0,7.898
81,0,8.007
82,0,8.1
83,0,8.198
84,0,8.298
85,0,8.398
86,0,8.498
87,0,8.598
88,0,8.699
89,0,8.799
90,0,8.898
91,0,8.999
92,0,9.099
93,0,9.201
94,0,9.298
95,0,9.4
96,0,9.5
97,0,9.598
98,0,9.698
99,0,9.798
100,0,9.899
101,0,9.999
102,0,10.099
103,0,10.209
104,0,10.299
105,0,10.399
106,0,10.499
107,0,10.598
108,0,10.7
109,0,10.798
110,0,10.899
111,0,10.997
112,0,11.098
113,0,11.2
114,0,11.298
115,0,11.397
116,0,11.498
117,0,11.598
118,0,11.7
119,0,11.797
120,-0.2,11.9
121,0,11.998
122,0,12.098
123,0,12.199
124,0,12.297
125,0,12.398
126,0,12.499
127,0,12.6
128,0,12.699
129,0,12.799
130,0,12.899
131,0,13
132,0,13.099
133,0,13.199
134,0,13.299
135,0,13.398
136,0,13.498
137,0,13.597
138,0,13.699
139,0,13.798
140,0,13.898
141,0,13.997
142,0,14.097
143,0,14.198
144,0,14.298
145,0,14.398
146,0,14.498
147,0,14.598
148,0,14.699
149,0,14.798
150,0,14.897
151,0,14.998
152,0,15.098
153,0,15.199
154,0,15.298
155,0,15.4
156,0,15.499
157,0,15.598
158,0,15.699
159,0,15.798
160,0,15.898
161,0,15.998
162,0,16.098
163,0,16.198
164,0,16.298
165,0,16.398
166,0,16.497
167,0,16.598
168,0,16.699
169,0,16.798
170,0,16.897
171,0,16.998
172,0,17.098
173,0,17.199
174,0,17.298
175,0,17.397
176,0,17.497
177,0,17.598
178,0,17.699
179,0,17.797
180,0,17.898
181,0,17.998
182,0,18.097
183,0,18.199
184,0,18.297
185,0,18.398
186,0,18.498
187,0,18.598
188,0,18.699
189,0,18.798
190,0,18.898
191,0,18.998
192,0,19.097
193,0,19.198
194,0,19.298
195,0,19.398
196,0,19.498
197,0,19.598
198,0,19.699
199,0,19.798
200,0,19.898
201,0,19.999
202,0,20.099
203,0,20.202
204,0,20.299
205,0,20.398
206,0,20.499
207,0,20.598
208,0,20.701
209,0,20.798
210,0,20.898
211,0,20.998
212,0,21.099
213,0,21.199
214,0,21.299
215,0,21.398
216,0,21.498
217,0,21.599
218,0,21.698
219,0,21.798
220,0,21.898
221,0,21.998
222,0,22.098
223,0,22.199
224,0,22.297
225,0,22.398
226,0,22.498
227,0,22.598
228,0,22.699
229,0,22.798
230,0,22.897
231,-0.2,22.998
232,-0.2,23.098
233,0,23.2
234,0,23.3
235,0,23.4
236,0,23.502
237,0,23.602
238,0,23.702
239,0,23.802
240,0,23.901
241,0,23.998
242,0,24.098
243,0,24.199
244,0,24.298
245,-0.2,24.398
246,-0.2,24.499
247,0,24.598
248,0,24.699
249,0,24.798
250,0,24.898
251,0,24.998
252,0,25.098
253,0,25.199
254,0,25.298
255,0,25.398
256,0,25.498
257,0,25.597
258,0,25.699
259,0,25.798
260,0,25.898
261,0,25.997
262,0,26.098
263,0,26.199
264,0,26.297
265,0,26.398
266,0,26.498
267,0,26.598
268,0,26.699
269,0,26.798
270,0,26.898
271,0,26.998
272,0,27.098
273,0,27.199
274,-0.2,27.298
275,-0.2,27.398
276,-0.2,27.498
277,0,27.598
278,0,27.699
279,0,27.798
280,0,27.898
281,0,27.998
282,0,28.099
283,0,28.201
284,-0.2,28.299
285,0,28.398
286,0,28.498
287,0,28.597
288,0,28.699
289,0,28.797
290,0,28.898
291,0,29
292,0,29.098
293,0,29.199
294,0,29.298
295,0,29.398
296,0,29.498
297,-0.2,29.604
298,-0.2,29.706
299,-0.2,29.8
300,0,29.898
301,0,29.998
302,0,30.098
303,0,30.198
304,0,30.298
305,0,30.398
306,-0.2,30.498
307,0,30.602
308,0,30.699
309,0,30.801
310,0,30.901
311,0,30.998
312,0,31.098
313,0,31.199
314,0,31.298
315,0,31.397
316,0,31.497
317,0,31.598
318,0,31.7
319,0,31.798
320,0,31.898
321,0,31.998
322,0,32.097
323,0,32.2
324,0,32.303
325,0,32.4
326,0,32.498
327,0,32.599
328,0,32.699
329,0,32.804
330,0,32.903
331,-0.2,32.999
332,-0.2,33.098
333,-0.2,33.199
334,-0.2,33.298
335,0,33.398
336,0,33.498
337,0,33.598
338,0,33.7
339,0,33.8
340,0,33.898
341,0,34.046
342,0,34.1
343,0,34.198
344,0,34.299
345,0,34.398
346,0,34.499
347,0,34.604
348,0,34.699
349,0,34.799
350,0,34.898
351,0,34.999
352,0,35.098
353,-0.2,35.199
354,-0.2,35.298
355,-0.2,35.399
356,-0.2,35.498
357,-0.2,35.599
358,0,35.698
359,-0.2,35.818
360,0,35.899
361,0,36
362,0,36.099
363,0,36.198
364,0,36.298
365,0,36.398
366,0,36.499
367,0,36.598
368,0,36.699
369,0,36.798
370,0,36.898
371,-0.2,36.998
372,0,37.097
373,-0.2,37.199
374,-0.2,37.298
375,0,37.398
376,0,37.497
377,0,37.598
378,0,37.698
379,-0.2,37.798
380,-0.2,37.897
381,0,37.997
382,0,38.098
383,0,38.199
384,0,38.297
385,0,38.398
386,0,38.498
387,-0.2,38.598
388,0,38.698
389,-0.2,38.798
390,0,38.898
391,0,38.998
392,0,39.098
393,0,39.199
394,0,39.298
395,0,39.399
396,0,39.499
397,0,39.598
398,0,39.701
399,-0.2,39.799
400,-0.2,39.897
401,-0.2,39.998
402,-0.2,40.099
403,-0.2,40.198
404,0,40.298
405,0,40.398
406,0,40.498
407,-0.2,40.598
408,-0.2,40.699
409,-0.2,40.798
410,-0.2,40.898
411,-0.2,40.998
412,0,41.098
413,0,41.199
414,0,41.298
415,0,41.398
416,0,41.498
417,0,41.598
418,-0.2,41.699
419,0,41.798
420,0,41.897
421,-0.2,41.998
422,-0.2,42.098
423,0,42.198
424,-0.2,42.297
425,0,42.398
426,0,42.498
427,0,42.599
428,0,42.698
429,0,42.798
430,-0.2,42.898
431,-0.2,42.998
432,-0.2,43.098
433,-0.2,43.199
434,-0.2,43.297
435,0,43.398
436,0,43.497
437,0,43.598
438,0,43.699
439,-0.2,43.798
440,-0.2,43.898
441,-0.2,43.998
442,0,44.099
443,0,44.198
444,0,44.298
445,-0.2,44.398
446,-0.2,44.498
447,0,44.598
448,-0.2,44.699
449,-0.2,44.798
450,0,44.898
451,-0.2,44.998
452,-0.2,45.097
453,0,45.199
454,0,45.298
455,-0.2,45.398
456,-0.2,45.498
457,-0.2,45.599
458,-0.2,45.698
459,-0.2,45.797
460,-0.2,45.898
461,0,46
462,-0.2,46.1
463,-0.2,46.198
464,0,46.299
465,0,46.399
466,0,46.499
467,-0.2,46.598
468,0,46.699
469,-0.2,46.799
470,-0.2,46.898
471,0,46.998
472,0,47.098
473,-0.2,47.199
474,-0.2,47.298
475,-0.2,47.398
476,-0.4,47.498
477,-0.4,47.598
478,-1.8,47.699
479,-4.2,47.798
480,-6.8,47.898
481,-9.2,47.998
482,-11.8,48.099
483,-11.8,48.198
484,-15.6,48.298
485,-19,48.398
486,-22,48.498
487,-25.2,48.598
488,-27.4,48.699
489,-27.4,48.798
490,-28.6,48.898
491,-29.4,48.997
492,-30.4,49.098
493,-32,49.199
494,-33.2,49.298
495,-33.2,49.398
496,-34.2,49.497
497,-35.2,49.599
498,-36.8,49.7
499,-38,49.798
500,-38.8,49.898
501,-38.8,49.999
502,-39.8,50.098
503,-40.2,50.2
504,-40,50.297
505,-39.4,50.397
506,-39.4,50.498
507,-39.4,50.598
508,-40.8,50.699
509,-42.2,50.798
510,-43.4,50.898
511,-43.8,50.998
512,-43.8,51.097
513,-44.4,51.198
514,-44.4,51.298
515,-44,51.399
516,-43.6,51.498
517,-43.2,51.598
518,-43.2,51.699
519,-42.8,51.798
520,-41.8,51.898
521,-40,51.998
522,-39.4,52.098
523,-39.2,52.198
524,-39.2,52.298
525,-40,52.398
526,-41.6,52.497
527,-42.6,52.597
528,-42.6,52.701
529,-42.6,52.803
530,-42.6,52.901
531,-42.4,52.998
532,-42.2,53.098
533,-42,53.199
534,-41.8,53.303
535,-41.8,53.401
536,-41.8,53.498
537,-41.6,53.598
538,-41.4,53.7
539,-41.4,53.798
540,-41.2,53.898
541,-41.2,53.997
542,-41.2,54.098
543,-41.2,54.198
544,-41,54.298
545,-41,54.401
546,-40.8,54.502
547,-40.8,54.6
548,-40.8,54.698
549,-40.8,54.799
550,-40.6,54.898
551,-40.6,55
552,-40.6,55.098
553,-40.6,55.198
554,-40.4,55.297
555,-40.4,55.397
556,-40.4,55.5
557,-40.4,55.598
558,-40.4,55.699
559,-40.2,55.798
560,-40.2,55.898
561,-40.2,55.998
562,-40,56.098
563,-40,56.199
564,-40,56.298
565,-40,56.397
566,-40,56.497
567,-40,56.598
568,-39.8,56.699
569,-39.8,56.798
570,-39.8,56.898
571,-39.8,57.002
572,-39.8,57.098
573,-39.8,57.2
574,-39.6,57.298
575,-39.6,57.4
576,-39.6,57.498
577,-39.6,57.598
578,-39.6,57.7
579,-39.6,57.798
580,-39.6,57.897
581,-39.6,57.998
582,-39.4,58.098
583,-39.4,58.202
584,-39.4,58.302
585,-39.4,58.398
586,-39.4,58.498
587,-39.4,58.599
588,-39.4,58.698
589,-39.2,58.798
590,-39.2,58.9
591,-39.2,59.001
592,-39.2,59.098
593,-39.2,59.199
594,-39.2,59.298
595,-39.2,59.398
596,-39.2,59.503
597,-39.2,59.605
598,-39,59.699
599,-39,59.799
600,-39,59.899
601,-39,59.999
602,-39,60.099
603,-39,60.2
604,-39,60.299
605,-39,60.398
606,-39,60.499
607,-39,60.599
608,-38.8,60.701
609,-38.8,60.798
610,-38.8,60.9
611,-38.8,61.002
612,-38.8,61.106
613,-38.8,61.2
614,-38.8,61.299
615,-38.8,61.398
616,-38.8,61.498
617,-38.8,61.598
618,-38.8,61.702
619,-38.6,61.803
620,-38.6,61.9
621,-38.6,61.998
622,-38.6,62.099
623,-38.6,62.199
624,-38.6,62.299
625,-38.6,62.4
626,-38.6,62.498
627,-38.6,62.599
628,-38.6,62.698
629,-38.6,62.797
630,-38.6,62.898
631,-38.6,62.999
632,-38.6,63.102
633,-38.4,63.199
634,-38.4,63.298
635,-38.4,63.4
636,-38.4,63.498
637,-38.4,63.598
638,-38.4,63.7
639,-38.4,63.801
640,-38.4,63.898
641,-38.4,63.998
642,-38.4,64.098
643,-38.4,64.199
644,-38.4,64.299
645,-38.4,64.398
646,-38.4,64.498
647,-38.4,64.598
648,-38.4,64.699
649,-38.2,64.798
650,-38.2,64.899
651,-38.2,64.998
652,-38.2,65.099
653,-38.2,65.198
654,-38.2,65.299
655,-38.2,65.398
656,-38.2,65.499
657,-38.2,65.601
658,-38.2,65.702
659,-38.2,65.802
660,-38.2,65.9
661,-38.2,66
662,-38.2,66.101
663,-38.2,66.199
664,-38,66.299
665,-38,66.398
666,-38,66.498
667,-38,66.598
668,-38,66.699
669,-38,66.798
670,-38,66.9
671,-38,67
672,-38,67.102
673,-38,67.201
674,-38,67.301
675,-38,67.4
676,-38,67.501
677,-38,67.601
678,-38,67.702
679,-38,67.803
680,-38,67.9
681,-38,68.001
682,-38,68.1
683,-38,68.201
684,-37.8,68.299
685,-37.8,68.397
686,-37.8,68.498
687,-37.8,68.599
688,-37.8,68.698
689,-37.8,68.799
690,-37.8,68.9
691,-37.8,68.998
692,-37.8,69.098
693,-37.8,69.199
694,-37.8,69.298
695,-37.8,69.398
696,-37.8,69.498
697,-37.8,69.599
698,-37.8,69.698
699,-37.8,69.798
700,-37.8,69.898
701,-37.8,69.999
702,-37.8,70.098
703,-37.8,70.2
704,-37.8,70.3
705,-37.8,70.398
706,-37.8,70.498
707,-37.6,70.598
708,-37.6,70.7
709,-37.6,70.8
710,-37.6,70.9
711,-37.6,70.998
712,-37.6,71.098
713,-37.6,71.199
714,-37.6,71.299
715,-37.6,71.398
716,-37.6,71.499
717,-37.6,71.599
718,-37.6,71.7
719,-37.6,71.799
720,-37.6,71.898
721,-37.6,71.998
722,-37.6,72.099
723,-37.6,72.199
724,-37.6,72.298
725,-37.6,72.398
726,-37.6,72.497
727,-37.6,72.598
728,-37.6,72.699
729,-37.6,72.798
730,-37.6,72.898
731,-37.6,72.999
732,-37.6,73.098
733,-37.4,73.201
734,-37.4,73.298
735,-37.4,73.398
736,-37.4,73.498
737,-37.4,73.598
738,-37.4,73.699
739,-37.4,73.798
740,-37.4,73.898
741,-37.4,73.998
742,-37.4,74.098
743,-37.4,74.199
744,-37.4,74.298
745,-37.4,74.398
746,-37.4,74.499
747,-37.4,74.598
748,-37.4,74.7
749,-37.4,74.798
750,-37.4,74.899
751,-37.4,75.001
752,-37.4,75.098
753,-37.4,75.2
754,-37.4,75.299
755,-37.4,75.398
756,-37.4,75.499
757,-37.4,75.599
758,-37.4,75.698
759,-37.4,75.798
760,-37.4,75.898
761,-37.4,75.998
762,-37.4,76.098
763,-37.2,76.199
764,-37.2,76.298
765,-37.2,76.398
766,-37.2,76.498
767,-37.2,76.598
768,-37.2,76.699
769,-37.2,76.798
770,-37.2,76.898
771,-37.2,76.998
772,-37.2,77.098
773,-37.2,77.199
774,-37.2,77.298
775,-37.2,77.399
776,-37.2,77.498
777,-37.2,77.599
778,-37.2,77.698
779,-37.2,77.798
780,-37.2,77.899
781,-37.2,77.998
782,-37.2,78.098
783,-37.2,78.2
784,-37.2,78.298
785,-37.2,78.398
786,-37.2,78.498
787,-37.2,78.599
788,-37.2,78.698
789,-37.2,78.798
790,-37.2,78.898
791,-37,78.998
792,-37,79.098
793,-37,79.199
794,-37,79.298
795,-37,79.398
796,-37,79.498
797,-37,79.598
798,-37,79.699
799,-37,79.798
800,-37,79.898
801,-37,79.999
802,-37,80.099
803,-37,80.198
804,-37,80.298
805,-37,80.398
806,-37,80.498
807,-37,80.598
808,-37,80.699
809,-37,80.798
810,-37,80.898
811,-37,80.998
812,-37,81.098
813,-37,81.198
814,-37,81.298
815,-37,81.398
816,-37,81.498
817,-37,81.598
818,-37,81.7
819,-37,81.798
820,-37,81.898
821,-37,81.998
822,-37,82.098
823,-37,82.199
824,-37,82.298
825,-37,82.398
826,-37,82.499
827,-37,82.598
828,-36.8,82.699
829,-36.8,82.799
830,-36.8,82.899
831,-36.8,82.998
832,-37,83.099
833,-36.8,83.198
834,-36.8,83.299
835,-36.8,83.398
836,-36.8,83.502
837,-36.8,83.599
838,-36.8,83.698
839,-36.8,83.798
840,-36.8,83.9
841,-36.8,83.999
842,-36.8,84.098
843,-36.8,84.199
844,-36.8,84.298
845,-36.8,84.398
846,-36.8,84.499
847,-36.8,84.598
848,-36.8,84.698
849,-36.8,84.798
850,-36.8,84.898
851,-36.8,84.999
852,-36.8,85.098
853,-36.8,85.199
854,-36.8,85.298
855,-36.8,85.398
856,-36.8,85.498
857,-36.8,85.598
858,-36.8,85.699
859,-36.8,85.798
860,-36.8,85.899
861,-36.8,85.998
862,-36.8,86.098
863,-36.8,86.2
864,-36.8,86.298
865,-36.8,86.398
866,-36.8,86.498
867,-36.8,86.598
868,-36.8,86.698
869,-36.8,86.8
870,-36.8,86.899
871,-36.8,86.998
872,-36.8,87.099
873,-36.6,87.199
874,-36.6,87.298
875,-36.6,87.4
876,-36.6,87.501
877,-36.6,87.598
878,-36.6,87.699
879,-36.6,87.801
880,-36.6,87.898
881,-36.6,87.998
882,-36.6,88.098
883,-36.6,88.199
884,-36.6,88.298
885,-36.6,88.398
886,-36.6,88.498
887,-36.6,88.598
888,-36.6,88.699
889,-36.6,88.797
890,-36.6,88.898
891,-36.6,88.998
892,-36.6,89.098
893,-36.6,89.199
894,-36.6,89.299
895,-36.6,89.399
896,-36.6,89.498
897,-36.6,89.598
898,-36.6,89.699
899,-36.6,89.799
900,-36.6,89.898
901,-36.6,90
902,-36.6,90.098
903,-36.6,90.207
904,-36.6,90.3
905,-36.6,90.398
906,-36.6,90.497
907,-36.6,90.598
908,-36.6,90.7
909,-36.6,90.798
910,-36.6,90.899
911,-36.6,90.998
912,-36.6,91.098
913,-36.6,91.199
914,-36.6,91.298
915,-36.6,91.399
916,-36.6,91.501
917,-36.6,91.598
918,-36.6,91.699
919,-36.6,91.798
920,-36.6,91.899
921,-36.6,91.998
922,-36.6,92.098
923,-36.6,92.199
924,-36.4,92.298
925,-36.4,92.4
926,-36.4,92.498
927,-36.4,92.598
928,-36.4,92.699
929,-36.4,92.799
930,-36.4,92.898
931,-36.4,93
932,-36.4,93.099
933,-36.4,93.2
934,-36.2,93.3
935,-35.2,93.398
936,-32.4,93.498
937,-29.4,93.598
938,-27,93.699
939,-27,93.798
940,-24.8,93.899
941,-22.6,93.998
942,-20.4,94.098
943,-18.2,94.199
944,-16.8,94.298
945,-16.8,94.398
946,-15,94.497
947,-13.6,94.598
948,-12.2,94.699
949,-11.4,94.799
950,-10,94.898
951,-10,94.998
952,-8.6,95.098
953,-7.6,95.198
954,-7.4,95.3
955,-7.6,95.397
956,-7.8,95.497
957,-7.8,95.599
958,-8,95.699
959,-8.2,95.799
960,-8.2,95.898
961,-8.4,95.998
962,-8.4,96.098
963,-8.6,96.199
964,-8.6,96.298
965,-8.8,96.398
966,-8.8,96.498
967,-8.8,96.598
968,-8.8,96.699
969,-9,96.798
970,-9,96.898
971,-9,96.998
972,-9,97.099
973,-9.2,97.198
974,-9.2,97.298
975,-9.2,97.398
976,-9.2,97.498
977,-9.4,97.598
978,-9.4,97.699
979,-9.4,97.798
980,-9.4,97.898
981,-9.4,97.999
982,-9.4,98.099
983,-9.6,98.198
984,-9.6,98.298
985,-9.6,98.398
986,-9.6,98.498
987,-9.6,98.598
988,-9.6,98.699
989,-9.8,98.798
990,-9.8,98.898
991,-9.8,98.998
992,-9.8,99.098
993,-9.8,99.198
994,-9.8,99.298
995,-9.8,99.398
996,-9.8,99.5
997,-9.8,99.598
998,-9.8,99.698
999,-9.8,99.798
1000,-10,99.898
1001,-10,99.997
1002,-10,100.099
1003,-10,100.198
1004,-10,100.298
1005,-10,100.398
1006,-10,100.498
1007,-10,100.598
1008,-10,100.699
1009,-10,100.799
1010,-10,100.898
1011,-10,100.998
1012,-10,101.098
1013,-10.2,101.199
1014,-10.2,101.299
1015,-10.2,101.401
1016,-10.2,101.498
1017,-10.2,101.598
1018,-10.2,101.698
1019,-10.2,101.797
1020,-10.2,101.899
1021,-10.2,101.999
1022,-10.2,102.098
1023,-10.2,102.199
1024,-10.2,102.298
1025,-10.2,102.398
1026,-10.2,102.498
1027,-10.2,102.598
1028,-10.2,102.699
1029,-10.4,102.798
1030,-10.4,102.898
1031,-10.4,102.998
1032,-10.4,103.099
1033,-10.4,103.198
1034,-10.4,103.298
1035,-10.4,103.4
1036,-10.4,103.498
1037,-10.4,103.598
1038,-10.4,103.699
1039,-10.4,103.798
1040,-10.4,103.898
1041,-10.4,103.998
1042,-10.4,104.098
1043,-10.4,104.199
1044,-10.4,104.297
1045,-10.4,104.397
1046,-10.4,104.498
1047,-10.4,104.601
1048,-10.4,104.699
1049,-10.4,104.799
1050,-10.6,104.897
1051,-10.6,104.997
1052,-10.6,105.098
1053,-10.6,105.201
1054,-10.6,105.298
1055,-10.6,105.398
1056,-10.6,105.498
1057,-10.6,105.598
1058,-10.6,105.699
1059,-10.6,105.797
1060,-10.6,105.898
1061,-10.6,105.998
1062,-10.6,106.098
1063,-10.6,106.199
1064,-10.6,106.299
1065,-10.6,106.399
1066,-10.6,106.498
1067,-10.6,106.598
1068,-10.6,106.7
1069,-10.6,106.798
1070,-10.6,106.898
1071,-10.8,106.998
1072,-10.8,107.1
1073,-10.6,107.198
1074,-10.8,107.299
1075,-10.8,107.398
1076,-10.8,107.498
1077,-10.8,107.598
1078,-10.8,107.699
1079,-10.8,107.797
1080,-10.8,107.898
1081,-10.8,107.998
1082,-10.8,108.098
1083,-10.8,108.199
1084,-10.8,108.297
1085,-10.8,108.398
1086,-10.8,108.498
1087,-10.8,108.598
1088,-10.8,108.699
1089,-10.8,108.798
1090,-10.8,108.899
1091,-10.8,108.998
1092,-10.8,109.098
1093,-10.8,109.199
1094,-10.8,109.298
1095,-10.8,109.397
1096,-10.8,109.498
1097,-10.8,109.598
1098,-10.8,109.7
1099,-10.8,109.798
1100,-10.8,109.898
1101,-10.8,109.999
1102,-10.8,110.098
1103,-10.8,110.199
1104,-10.8,110.298
1105,-10.8,110.398
1106,-10.8,110.497
1107,-10.8,110.598
1108,-10.8,110.702
1109,-10.8,110.799
1110,-10.8,110.898
1111,-10.8,110.997
1112,-10.8,111.098
1113,-10.8,111.198
1114,-10.8,111.298
1115,-10.8,111.4
1116,-10.8,111.501
1117,-10.8,111.603
1118,-10.8,111.699
1119,-10.8,111.798
1120,-10.8,111.899
1121,-10.8,111.999
1122,-11,112.098
1123,-11,112.2
1124,-11,112.299
1125,-11,112.399
1126,-11,112.501
1127,-11,112.598
1128,-11,112.699
1129,-11,112.798
1130,-11,112.9
1131,-11,112.998
1132,-11,113.098
1133,-11,113.199
1134,-11,113.298
1135,-11,113.399
1136,-11,113.498
1137,-11,113.598
1138,-11,113.702
1139,-11,113.799
1140,-11,113.899
1141,-11,113.999
1142,-11,114.099
1143,-11,114.198
1144,-11,114.3
1145,-11,114.4
1146,-11,114.498
1147,-11,114.598
1148,-11,114.701
1149,-11,114.798
1150,-11,114.898
1151,-11,114.998
1152,-11,115.098
1153,-11,115.199
1154,-11,115.3
1155,-11,115.398
1156,-11,115.498
1157,-11,115.599
1158,-11,115.698
1159,-11,115.798
1160,-11,115.898
1161,-11,115.998
1162,-11,116.099
1163,-11,116.198
1164,-11,116.299
1165,-11,116.4
1166,-11,116.499
1167,-11,116.598
1168,-11,116.699
1169,-11,116.798
1170,-11,116.898
1171,-11,117
1172,-11,117.102
1173,-11,117.2
1174,-11,117.299
1175,-11,117.399
1176,-11,117.499
1177,-11,117.6
1178,-11.2,117.699
1179,-11,117.798
1180,-11.2,117.9
1181,-11.2,117.999
1182,-11.2,118.099
1183,-11.2,118.199
1184,-11.2,118.299
1185,-11.2,118.398
1186,-11.2,118.498
1187,-11.2,118.599
1188,-11.2,118.698
1189,-11.2,118.8
1190,-11.2,118.898
1191,-11.2,118.998
1192,-11.2,119.099
1193,-11.2,119.198
1194,-11.2,119.299
1195,-11.2,119.398
1196,-11.2,119.498
1197,-11.2,119.598
1198,-11.2,119.7
1199,-11.2,119.799
1200,-11.2,119.898
1201,-11.2,119.999
1202,-11.2,120.098
1203,-11.2,120.2
1204,-11.2,120.299
1205,-11.2,120.398
1206,-11.2,120.499
1207,-11.2,120.598
1208,-11.2,120.699
1209,-11.2,120.798
1210,-11.2,120.898
1211,-11.2,120.998
1212,-11.2,121.098
1213,-11.2,121.199
1214,-11.2,121.298
1215,-11.2,121.398
1216,-11.2,121.497
1217,-11.2,121.598
1218,-11.2,121.699
1219,-11.2,121.798
1220,-11.2,121.898
1221,-11.2,121.998
1222,-11.2,122.098
1223,-11.2,122.202
1224,-11.2,122.302
1225,-11.2,122.399
1226,-11.2,122.498
1227,-11.2,122.598
1228,-11.2,122.7
1229,-11.2,122.798
1230,-11.2,122.898
1231,-11.2,122.997
1232,-11.2,123.098
1233,-11.2,123.201
1234,-11.2,123.298
1235,-11.2,123.399
1236,-11.2,123.5
1237,-11.2,123.597
1238,-11.2,123.7
1239,-11.2,123.8
1240,-11.2,123.898
1241,-11.2,123.999
1242,-11.2,124.099
1243,-11.2,124.199
1244,-11.2,124.298
1245,-11.2,124.398
1246,-11.2,124.499
1247,-11.2,124.599
1248,-11.2,124.698
1249,-11.2,124.799
1250,-11.2,124.899
1251,-11.2,124.999
1252,-11.2,125.099
1253,-11.2,125.198
1254,-11.2,125.298
1255,-11.2,125.4
1256,-11.2,125.499
1257,-11.2,125.599
1258,-11.2,125.698
1259,-11.2,125.799
1260,-11.2,125.899
1261,-11.2,125.998
1262,-11.2,126.098
1263,-11.2,126.199
1264,-11.2,126.299
1265,-11.4,126.399
1266,-11.2,126.499
1267,-11.2,126.599
1268,-11.4,126.698
1269,-11.4,126.798
1270,-11.4,126.897
1271,-11.4,126.998
1272,-11.4,127.098
1273,-11.4,127.199
1274,-11.4,127.297
1275,-11.4,127.397
1276,-11.4,127.498
1277,-11.4,127.598
1278,-11.4,127.699
1279,-11.4,127.798
1280,-11.4,127.897
1281,-11.4,128.014
1282,-11.4,128.098
1283,-11.4,128.199
1284,-11.4,128.298
1285,-11.4,128.398
1286,-11.4,128.5
1287,-11.4,128.601
1288,-11.4,128.703
1289,-11.4,128.802
1290,-11.4,128.899
1291,-11.4,128.998
1292,-11.4,129.098
1293,-11.4,129.199
1294,-11.4,129.298
1295,-11.4,129.398
1296,-11.4,129.498
1297,-11.4,129.598
1298,-11.4,129.699
1299,-11.4,129.798
1300,-11.4,129.898
1301,-11.4,129.997
1302,-11.4,130.098
1303,-11.4,130.2
1304,-11.4,130.3
1305,-11.4,130.399
1306,-11.4,130.498
1307,-11.4,130.597
1308,-11.4,130.7
1309,-11.4,130.8
1310,-11.4,130.9
1311,-11.4,130.999
1312,-11.4,131.097
1313,-11.4,131.2
1314,-11.4,131.299
1315,-11.4,131.398
1316,-11.4,131.498
1317,-11.4,131.598
1318,-11.4,131.7
1319,-11.4,131.798
1320,-11.4,131.897
1321,-11.4,131.998
1322,-11.4,132.098
1323,-11.4,132.201
1324,-11.4,132.298
1325,-11.4,132.398
1326,-11.4,132.5
1327,-11.4,132.598
1328,-11.4,132.701
1329,-11.4,132.8
1330,-11.4,132.898
1331,-11.4,132.997
1332,-11.4,133.098
1333,-11.4,133.2
1334,-11.4,133.298
1335,-11.4,133.4
1336,-11.4,133.501
1337,-11.4,133.599
1338,-11.4,133.698
1339,-11.4,133.798
1340,-11.4,133.898
1341,-11.4,133.998
1342,-11.4,134.098
1343,-11.4,134.198
1344,-11.4,134.298
1345,-11.4,134.398
1346,-11.4,134.497
1347,-11.4,134.598
1348,-11.4,134.699
1349,-11.4,134.798
1350,-11.4,134.899
1351,-11.4,135
1352,-11.4,135.098
1353,-11.4,135.199
1354,-11.4,135.298
1355,-11.4,135.4
1356,-11.4,135.498
1357,-11.4,135.599
1358,-11.4,135.698
1359,-11.4,135.797
1360,-11.4,135.898
1361,-11.4,135.998
1362,-11.4,136.098
1363,-11.4,136.199
1364,-11.4,136.298
1365,-11.4,136.398
1366,-11.4,136.499
1367,-11.4,136.599
1368,-11.4,136.699
1369,-11.4,136.798
1370,-11.4,136.9
1371,-11.4,136.998
1372,-11.4,137.098
1373,-11.4,137.199
1374,-11.4,137.298
1375,-11.4,137.398
1376,-11.4,137.498
1377,-11.4,137.598
1378,-11.4,137.699
1379,-11.4,137.798
1380,-11.4,137.898
1381,-11.4,138.001
1382,-11.4,138.098
1383,-11,138.199
1384,-10,138.298
1385,-10,138.398
1386,-8.6,138.498
1387,-7.6,138.598
1388,-5.8,138.699
1389,-2.4,138.798
1390,-1,138.898
1391,-1,138.998
1392,-0.4,139.098
1393,-0.2,139.199
1394,0,139.298
1395,0,139.399
1396,0,139.499
1397,0,139.599
1398,0,139.7
1399,0,139.8
1400,0,139.9
1401,0,140.001
1402,0,140.101
1403,0,140.199
1404,0,140.3
1405,0,140.397
1406,0,140.498
1407,0,140.598
1408,0,140.7
1409,0,140.798
1410,-0.2,140.897
1411,-0.6,140.998
1412,-0.6,141.098
1413,-0.6,141.198
1414,-0.6,141.298
1415,-0.6,141.399
1416,-0.8,141.498
1417,-0.8,141.602
1418,-0.8,141.7
1419,-0.8,141.799
1420,-0.8,141.898
1421,-0.8,141.998
1422,-0.8,142.1
1423,-0.8,142.198
1424,-0.8,142.298
1425,-0.8,142.398
1426,-0.8,142.498
1427,-0.8,142.599
1428,-0.8,142.698
1429,-0.8,142.798
1430,-0.8,142.9
1431,-0.8,143.002
1432,-0.8,143.101
1433,-0.8,143.201
1434,-0.8,143.301
1435,-0.8,143.4
1436,-0.8,143.5
1437,-0.8,143.6
1438,-0.8,143.7
1439,-1,143.799
1440,-1,143.898
1441,-1,143.998
1442,-1,144.099
1443,-1,144.2
1444,-1,144.3
1445,-1,144.399
1446,-1,144.501
1447,-1,144.598
1448,-1,144.702
1449,-1,144.801
1450,-1,144.899
1451,-1,144.998
1452,-1,145.101
1453,-1.2,145.199
1454,-1.2,145.3
1455,-1.2,145.4
1456,-1.2,145.499
1457,-1.2,145.598
1458,-1.2,145.699
1459,-1.2,145.799
1460,-1.2,145.9
1461,-1.2,145.999
1462,-1.2,146.1
1463,-1.2,146.198
1464,-1.2,146.301
1465,-1.2,146.398
1466,-1.2,146.498
1467,-1.2,146.599
1468,-1.2,146.698
1469,-1.2,146.798
1470,-1.2,146.898
1471,-1.2,146.999
1472,-1.2,147.099
1473,-1.2,147.198
1474,-1.2,147.299
1475,-1.2,147.399
1476,-1.2,147.499
1477,-1.2,147.598
1478,-1.4,147.699
1479,-1.4,147.798
1480,-1.4,147.898
1481,-1.4,147.999
1482,-1.4,148.098
1483,-1.4,148.2
1484,-1.4,148.298
1485,-1.4,148.398
1486,-1.4,148.499
1487,-1.4,148.598
1488,-1.4,148.699
1489,-1.4,148.798
1490,-1.4,148.9
1491,-1.4,148.999
1492,-1.4,149.098
1493,-1.4,149.2
1494,-1.4,149.299
1495,-1.4,149.398
1496,-1.4,149.498
1497,-1.4,149.598
1498,-1.4,149.699
1499,-1.4,149.798
1500,-1.4,149.898
1501,-1.4,149.998
1502,-1.4,150.101
1503,-1.4,150.199
1504,-1.4,150.298
1505,-1.4,150.399
1506,-1.4,150.498
1507,-1.4,150.598
1508,-1.4,150.699
1509,-1.4,150.798
1510,-1.6,150.898
1511,-1.6,150.999
1512,-1.6,151.099
1513,-1.6,151.198
1514,-1.6,151.298
1515,-1.6,151.398
1516,-1.6,151.498
1517,-1.6,151.6
1518,-1.6,151.7
1519,-1.6,151.798
1520,-1.6,151.898
1521,-1.6,151.999
1522,-1.6,152.101
1523,-1.6,152.201
1524,-1.6,152.298
1525,-1.6,152.398
1526,-1.6,152.498
1527,-1.6,152.6
1528,-1.6,152.698
1529,-1.6,152.8
1530,-1.6,152.9
1531,-1.6,153
1532,-1.6,153.098
1533,-1.6,153.199
1534,-1.6,153.298
1535,-1.6,153.398
1536,-1.6,153.499
1537,-1.6,153.599
1538,-1.6,153.699
1539,-1.6,153.798
1540,-1.6,153.898
1541,-1.6,153.999
1542,-1.6,154.098
1543,-1.6,154.199
1544,-1.6,154.298
1545,-1.6,154.399
1546,-1.6,154.499
1547,-1.6,154.598
1548,-1.6,154.699
1549,-1.6,154.798
1550,-1.6,154.898
1551,-1.8,154.998
1552,-1.8,155.098
1553,-1.8,155.199
1554,-1.8,155.3
1555,-1.8,155.398
1556,-1.8,155.498
1557,-1.8,155.598
1558,-1.8,155.699
1559,-1.8,155.798
1560,-1.8,155.899
1561,-1.8,155.998
1562,-1.8,156.098
1563,-1.8,156.198
1564,-1.8,156.298
1565,-1.8,156.399
1566,-1.8,156.498
1567,-1.8,156.598
1568,-1.8,156.698
1569,-1.8,156.798
1570,-1.8,156.898
1571,-1.8,156.998
1572,-1.8,157.098
1573,-1.8,157.199
1574,-1.8,157.297
1575,-1.8,157.399
1576,-1.8,157.498
1577,-1.8,157.598
1578,-1.8,157.699
1579,-1.8,157.797
1580,-1.8,157.898
1581,-1.8,157.998
1582,-1.8,158.098
1583,-1.8,158.198
1584,-1.8,158.297
1585,-1.8,158.398
1586,-1.8,158.498
1587,-1.8,158.598
1588,-1.8,158.699
1589,-1.8,158.798
1590,-1.8,158.898
1591,-1.8,158.998
1592,-1.8,159.098
1593,-1.8,159.199
1594,-1.8,159.298
1595,-1.8,159.398
1596,-1.8,159.498
1597,-1.8,159.598
1598,-1.8,159.699
1599,-1.8,159.798
1600,-1.8,159.899
1601,-1.8,159.998
1602,-1.8,160.097
1603,-1.8,160.199
1604,-1.8,160.298
1605,-1.8,160.398
1606,-1.8,160.499
1607,-1.8,160.597
1608,-1.8,160.698
1609,-1.8,160.798
1610,-1.8,160.898
1611,-1.8,160.998
1612,-1.8,161.098
1613,-2,161.199
1614,-2,161.298
1615,-2,161.398
1616,-2,161.498
1617,-2,161.598
1618,-2,161.699
1619,-2,161.798
1620,-2,161.898
1621,-2,161.998
1622,-2,162.097
1623,-2,162.199
1624,-2,162.297
1625,-2,162.398
1626,-2,162.498
1627,-2,162.597
1628,-2,162.698
1629,-2,162.798
1630,-2,162.899
1631,-2,162.998
1632,-2,163.098
1633,-2,163.198
1634,-2,163.298
1635,-2,163.398
1636,-2,163.498
1637,-2,163.598
1638,-2,163.7
1639,-2,163.799
1640,-2,163.898
1641,-2,163.998
1642,-2,164.098
1643,-2,164.199
1644,-2,164.298
1645,-2,164.397
1646,-2,164.498
1647,-2,164.598
1648,-2,164.7
1649,-2,164.797
1650,-2,164.898
1651,-2,164.998
1652,-2,165.098
1653,-2,165.198
1654,-2,165.298
1655,-2,165.398
1656,-2,165.498
1657,-2,165.598
1658,-2,165.698
1659,-2,165.798
1660,-2,165.897
1661,-2,165.998
1662,-2,166.098
1663,-2,166.198
1664,-2,166.298
1665,-2,166.397
1666,-2,166.498
1667,-2,166.598
1668,-2,166.699
1669,-2,166.799
1670,-2,166.898
1671,-2,166.997
1672,-2,167.098
1673,-2,167.2
1674,-2,167.298
1675,-2,167.398
1676,-2,167.498
1677,-2,167.598
1678,-2,167.699
1679,-2,167.798
1680,-2,167.898
1681,-2,167.998
1682,-2,168.099
1683,-2,168.201
1684,-2,168.3
1685,-2,168.399
1686,-2,168.498
1687,-2,168.598
1688,-2,168.699
1689,-2,168.799
1690,-2,168.899
1691,-2,168.998
1692,-2,169.099
1693,-2,169.198
1694,-2.2,169.299
1695,-2,169.398
1696,-2.2,169.498
1697,-2.2,169.598
1698,-2.2,169.699
1699,-2,169.798
1700,-2.2,169.898
1701,-2.2,169.999
1702,-2.2,170.102
1703,-2.2,170.199
1704,-2.2,170.298
1705,-2.2,170.398
1706,-2.2,170.499
1707,-2.2,170.598
1708,-2.2,170.699
1709,-2.2,170.798
1710,-2.2,170.897
1711,-2.2,170.998
1712,-2.2,171.099
1713,-2.2,171.199
1714,-2.2,171.298
1715,-2.2,171.398
1716,-2.2,171.498
1717,-2.2,171.598
1718,-2.2,171.699
1719,-2.2,171.8
1720,-2.2,171.9
1721,-2.2,171.998
1722,-2.2,172.098
1723,-2.2,172.199
1724,-2.2,172.299
1725,-2.2,172.398
1726,-2.2,172.498
1727,-2.2,172.598
1728,-2.2,172.7
1729,-2.2,172.797
1730,-2.2,172.903
1731,-2.2,173.001
1732,-2.2,173.099
1733,-2.2,173.2
1734,-2.2,173.298
1735,-2.2,173.4
1736,-2.2,173.498
1737,-2.2,173.601
1738,-2.2,173.701
1739,-2.2,173.798
1740,-2.2,173.899
1741,-2.2,174.001
1742,-2.2,174.099
1743,-2.2,174.199
1744,-2.2,174.3
1745,-2.2,174.399
1746,-2.2,174.499
1747,-2.2,174.6
1748,-2.2,174.701
1749,-2.2,174.799
1750,-2.2,174.899
1751,-2.2,174.998
1752,-2.2,175.098
1753,-2.2,175.199
1754,-2.2,175.298
1755,-2.2,175.398
1756,-2.2,175.498
1757,-2.2,175.598
1758,-2.2,175.7
1759,-2.2,175.799
1760,-2.2,175.898
1761,-2.2,175.998
1762,-2.2,176.099
1763,-2.2,176.198
1764,-2.2,176.298
1765,-2.2,176.399
1766,-2.2,176.498
1767,-2.2,176.598
1768,-2.2,176.701
1769,-2.2,176.799
1770,-2.2,176.899
1771,-2.2,176.999
1772,-2.2,177.097
1773,-2.2,177.2
1774,-2.2,177.298
1775,-2.2,177.398
1776,-2.2,177.498
1777,-2.2,177.601
1778,-2.2,177.699
1779,-2.2,177.799
1780,-2.2,177.9
1781,-2.2,177.998
1782,-2.2,178.098
1783,-2.2,178.202
1784,-2.2,178.299
1785,-2.2,178.399
1786,-2.2,178.501
1787,-2.2,178.6
1788,-2.2,178.699
1789,-2.2,178.798
1790,-2.2,178.898
1791,-2.2,178.998
1792,-2.2,179.098
1793,-2.2,179.199
1794,-2.2,179.298
1795,-2.2,179.398
1796,-2.2,179.499
1797,-2.2,179.598
1798,-2.2,179.699
1799,-2.2,179.798
1800,-2.2,179.898
1801,-2.2,179.999
1802,-2.2,180.098
1803,-2.2,180.199
1804,-2.2,180.298
1805,-2.2,180.398
1806,-2.2,180.498
1807,-2.2,180.601
1808,-2.2,180.702
1809,-2.2,180.801
1810,-2.2,180.9
1811,-2.2,181
1812,-2.2,181.099
1813,-2.2,181.198
1814,-2.2,181.298
1815,-2.2,181.398
1816,-2.2,181.499
1817,-2.2,181.598
1818,-2.4,181.701
1819,-2.4,181.8
1820,-2.4,181.899
1821,-2.4,182.001
1822,-2.2,182.098
1823,-2.4,182.199
1824,-2.4,182.301
1825,-2.4,182.398
1826,-2.8,182.498
1827,-5,182.598
1828,-8.4,182.7
1829,-11.4,182.798
1830,-11.4,182.9
1831,-14.4,182.998
1832,-17.2,183.098
1833,-19.6,183.199
1834,-21.2,183.298
1835,-22.6,183.398
1836,-22.6,183.5
1837,-24.4,183.599
1838,-26.2,183.698
1839,-27.4,183.799
1840,-28.2,183.898
1841,-28.8,183.998
1842,-28.8,184.098
1843,-29.2,184.2
1844,-29,184.3
1845,-28.8,184.399
1846,-28.6,184.498
1847,-28.6,184.598
1848,-28.4,184.699
1849,-28.2,184.798
1850,-28.2,184.899
1851,-28,184.998
1852,-28,185.098
1853,-28,185.199
1854,-27.8,185.298
1855,-27.8,185.398
1856,-27.6,185.499
1857,-27.6,185.599
1858,-27.4,185.698
1859,-27.4,185.798
1860,-27.4,185.899
1861,-27.4,185.998
1862,-27.4,186.099
1863,-27.2,186.198
1864,-27.2,186.299
1865,-27.2,186.399
1866,-27.2,186.498
1867,-27.2,186.598
1868,-27.2,186.699
1869,-27,186.801
1870,-27,186.898
1871,-27,186.998
1872,-27,187.099
1873,-27,187.199
1874,-27,187.299
1875,-26.8,187.399
1876,-26.8,187.498
1877,-26.8,187.598
1878,-26.8,187.699
1879,-26.8,187.798
1880,-26.8,187.899
1881,-26.8,187.998
1882,-26.8,188.098
1883,-26.8,188.2
1884,-26.6,188.298
1885,-26.6,188.398
1886,-26.6,188.498
1887,-26.6,188.598
1888,-26.6,188.7
1889,-26.6,188.798
1890,-26.6,188.898
1891,-26.6,188.999
1892,-26.6,189.099
1893,-26.4,189.198
1894,-26.4,189.298
1895,-26.4,189.398
1896,-26.4,189.498
1897,-26.4,189.598
1898,-26.4,189.7
1899,-26.4,189.798
1900,-26.4,189.898
1901,-26.4,190.001
1902,-26.4,190.101
1903,-26.4,190.199
1904,-26.4,190.301
1905,-26.4,190.398
1906,-26.4,190.498
1907,-26.4,190.6
1908,-26.2,190.7
1909,-26.2,190.8
1910,-26.2,190.898
1911,-26.2,190.998
1912,-26.2,191.098
1913,-26.2,191.201
1914,-26.2,191.302
1915,-26.2,191.399
1916,-26.2,191.499
1917,-26.2,191.6
1918,-26.2,191.698
1919,-26.2,191.798
1920,-26.2,191.898
1921,-26.2,191.998
1922,-26.2,192.098
1923,-26.2,192.199
1924,-26.2,192.298
1925,-26.2,192.399
1926,-26.2,192.498
1927,-26.2,192.602
1928,-26.2,192.7
1929,-26.2,192.798
1930,-26.2,192.9
1931,-26.2,192.998
1932,-26,193.099
1933,-26,193.199
1934,-26,193.299
1935,-26,193.398
1936,-26,193.498
1937,-26,193.599
1938,-26,193.7
1939,-26,193.798
1940,-26,193.902
1941,-26,193.999
1942,-26,194.098
1943,-26,194.2
1944,-26,194.299
1945,-26,194.397
1946,-26,194.5
1947,-26,194.599
1948,-26,194.7
1949,-26,194.799
1950,-26,194.898
1951,-26,194.998
1952,-26,195.098
1953,-26,195.2
1954,-26,195.298
1955,-26,195.398
1956,-26,195.499
1957,-26,195.598
1958,-25.8,195.699
1959,-25.8,195.801
1960,-25.8,195.9
1961,-25.8,195.998
1962,-25.8,196.1
1963,-25.8,196.198
1964,-25.8,196.298
1965,-25.8,196.398
1966,-25.8,196.498
1967,-25.8,196.6
1968,-25.8,196.698
1969,-25.8,196.798
1970,-25.8,196.897
1971,-25.8,196.998
1972,-25.8,197.098
1973,-25.8,197.199
1974,-25.8,197.298
1975,-25.8,197.398
1976,-25.8,197.498
1977,-25.8,197.598
1978,-25.8,197.699
1979,-25.8,197.799
1980,-25.8,197.898
1981,-25.8,197.998
1982,-25.8,198.099
1983,-25.8,198.198
1984,-25.8,198.299
1985,-25.8,198.4
1986,-25.8,198.498
1987,-25.8,198.598
1988,-25.8,198.699
1989,-25.8,198.8
1990,-25.8,198.898
1991,-25.8,198.999
1992,-25.8,199.098
1993,-25.8,199.199
1994,-25.8,199.299
1995,-25.6,199.397
1996,-25.8,199.498
1997,-25.8,199.599
1998,-25.8,199.698
1999,-25.6,199.798
2000,-25.6,199.898
2001,-25.6,199.998
2002,-25.6,200.099
2003,-25.6,200.198
2004,-25.6,200.298
2005,-25.6,200.399
2006,-25.6,200.498
2007,-25.6,200.598
2008,-25.6,200.699
2009,-25.6,200.798
2010,-25.6,200.898
2011,-25.6,200.998
2012,-25.6,201.099
2013,-25.6,201.198
2014,-25.6,201.298
2015,-25.6,201.399
2016,-25.6,201.498
2017,-25.6,201.598
2018,-25.6,201.699
2019,-25.6,201.798
2020,-25.6,201.9
2021,-25.6,201.998
2022,-25.6,202.098
2023,-25.6,202.199
2024,-25.6,202.298
2025,-25.6,202.398
2026,-25.6,202.498
2027,-25.6,202.598
2028,-25.6,202.699
2029,-25.6,202.799
2030,-25.6,202.898
2031,-25.6,203.001
2032,-25.6,203.098
2033,-25.6,203.199
2034,-25.6,203.298
2035,-25.6,203.398
2036,-25.6,203.498
2037,-25.6,203.597
2038,-25.6,203.699
2039,-25.6,203.798
2040,-25.6,203.899
2041,-25.6,203.998
2042,-25.6,204.098
2043,-25.6,204.201
2044,-25.6,204.298
2045,-25.6,204.399
2046,-25.4,204.498
2047,-25.4,204.598
2048,-25.4,204.699
2049,-25.4,204.797
2050,-25.4,204.898
2051,-25.4,204.998
2052,-25.4,205.098
2053,-25.4,205.198
2054,-25.4,205.299
2055,-25.4,205.398
2056,-25.4,205.497
2057,-25.4,205.598
2058,-25.4,205.699
2059,-25.4,205.798
2060,-25.4,205.898
2061,-25.4,206
2062,-25.4,206.098
2063,-25.4,206.198
2064,-25.4,206.298
2065,-25.4,206.4
2066,-25.4,206.498
2067,-25.4,206.598
2068,-25.4,206.699
2069,-25.4,206.798
2070,-25.4,206.898
2071,-25.4,206.998
2072,-25.4,207.098
2073,-25.4,207.199
2074,-25.4,207.298
2075,-25.4,207.398
2076,-25.4,207.498
2077,-25.4,207.597
2078,-25.4,207.698
2079,-25.4,207.798
2080,-25.4,207.898
2081,-25.4,207.998
2082,-25.4,208.097
2083,-25.4,208.199
2084,-25.4,208.298
2085,-25.4,208.398
2086,-25.4,208.498
2087,-25.4,208.599
2088,-25.4,208.699
2089,-25.4,208.798
2090,-25.4,208.898
2091,-25.4,208.998
2092,-25.4,209.098
2093,-25.4,209.198
2094,-25.4,209.298
2095,-25.4,209.399
2096,-25.4,209.498
2097,-25.4,209.599
2098,-25.4,209.698
2099,-25.4,209.798
2100,-25.4,209.898
2101,-25.4,209.998
2102,-25.4,210.097
2103,-25.4,210.199
2104,-25.4,210.299
2105,-25.4,210.398
2106,-25.4,210.498
2107,-25.4,210.598
2108,-25.4,210.698
2109,-25.4,210.798
2110,-25.4,210.899
2111,-25.4,210.998
2112,-25.4,211.097
2113,-25.4,211.198
2114,-25.4,211.298
2115,-25.4,211.398
2116,-25.4,211.498
2117,-25.4,211.598
2118,-25.4,211.699
2119,-25.4,211.797
2120,-25.2,211.898
2121,-25.4,211.998
2122,-25.4,212.097
2123,-25.2,212.199
2124,-25.4,212.298
2125,-25.4,212.398
2126,-25.4,212.497
2127,-25.2,212.598
2128,-25.2,212.699
2129,-25.2,212.798
2130,-25.2,212.897
2131,-25.2,212.998
2132,-25.2,213.098
2133,-25.2,213.199
2134,-25.2,213.298
2135,-25.2,213.398
2136,-25.2,213.498
2137,-25.2,213.598
2138,-25.2,213.698
2139,-25.2,213.798
2140,-25.2,213.898
2141,-25.2,213.998
2142,-25.2,214.098
2143,-25.2,214.199
2144,-25.2,214.298
2145,-25.2,214.397
2146,-25.2,214.497
2147,-25.2,214.597
2148,-25.2,214.699
2149,-25.2,214.798
2150,-25.2,214.898
2151,-25.2,214.998
2152,-25.2,215.098
2153,-25.2,215.198
2154,-25.2,215.298
2155,-25.2,215.397
2156,-25.2,215.498
2157,-25.2,215.598
2158,-25.2,215.699
2159,-25.2,215.798
2160,-25.2,215.898
2161,-25.2,215.998
2162,-25.2,216.098
2163,-25.2,216.199
2164,-25.2,216.298
2165,-25.2,216.398
2166,-25.2,216.498
2167,-25.2,216.598
2168,-25.2,216.699
2169,-25.2,216.798
2170,-25.2,216.898
2171,-25.2,216.998
2172,-25.2,217.097
2173,-25.2,217.199
2174,-25.2,217.298
2175,-25.2,217.397
2176,-25.2,217.498
2177,-25.2,217.598
2178,-25.2,217.698
2179,-25.2,217.798
2180,-25.2,217.898
2181,-25.2,217.998
2182,-25.2,218.099
2183,-25.2,218.198
2184,-25.2,218.299
2185,-25.2,218.4
2186,-25.2,218.501
2187,-25.2,218.6
2188,-25.2,218.698
2189,-25.2,218.799
2190,-25.2,218.9
2191,-25.2,218.999
2192,-25.2,219.099
2193,-25.2,219.2
2194,-25.2,219.298
2195,-25.2,219.398
2196,-25.2,219.498
2197,-25.2,219.598
2198,-25.2,219.698
2199,-25.2,219.798
2200,-25.2,219.898
2201,-25.2,219.998
2202,-25.2,220.097
2203,-25.2,220.199
2204,-25.2,220.298
2205,-25.2,220.398
2206,-25.2,220.498
2207,-25.2,220.6
2208,-25.2,220.698
2209,-25.2,220.798
2210,-25.2,220.897
2211,-25.2,220.998
2212,-25.2,221.098
2213,-25.2,221.198
2214,-25.2,221.298
2215,-25.2,221.398
2216,-25.2,221.498
2217,-25.2,221.598
2218,-25.2,221.698
2219,-25.2,221.798
2220,-25.2,221.898
2221,-25.2,221.998
2222,-25.2,222.097
2223,-25.2,222.198
2224,-25.2,222.297
2225,-25.2,222.398
2226,-25.2,222.498
2227,-25.2,222.598
2228,-25.2,222.698
2229,-25.2,222.798
2230,-25.2,222.898
2231,-25.2,222.998
2232,-25.2,223.098
2233,-25.2,223.199
2234,-25.2,223.298
2235,-25.2,223.398
2236,-25.2,223.497
2237,-25.2,223.599
2238,-25.2,223.699
2239,-25.2,223.8
2240,-25.2,223.9
2241,-25.2,223.998
2242,-25.2,224.101
2243,-25.2,224.2
2244,-25.2,224.299
2245,-25.2,224.399
2246,-25.2,224.499
2247,-25.2,224.599
2248,-25.2,224.699
2249,-25.2,224.798
2250,-25.2,224.899
2251,-25.2,224.999
2252,-25.2,225.102
2253,-25.2,225.2
2254,-25.2,225.298
2255,-25.2,225.398
2256,-25.2,225.497
2257,-25.2,225.598
2258,-25.2,225.699
2259,-25,225.798
2260,-25.2,225.898
2261,-25,225.998
2262,-25,226.098
2263,-25,226.199
2264,-25.2,226.298
2265,-25.2,226.398
2266,-25.2,226.5
2267,-25,226.598
2268,-25,226.699
2269,-25,226.798
2270,-25,226.898
2271,-25,226.998
2272,-25,227.097
2273,-25,227.199
2274,-25,227.298
2275,-25,227.401
2276,-25,227.502
2277,-25,227.601
2278,-25,227.699
2279,-25,227.798
2280,-25,227.898
2281,-25,227.997
2282,-25,228.098
2283,-25,228.199
2284,-25,228.298
2285,-25,228.398
2286,-25,228.498
2287,-25.2,228.598
2288,-25.4,228.699
2289,-26.4,228.798
2290,-28,228.898
2291,-30,228.999
2292,-30,229.097
2293,-32.2,229.199
2294,-34,229.299
2295,-36.6,229.4
2296,-39.4,229.498
2297,-41.8,229.599
2298,-41.8,229.698
2299,-44.4,229.799
2300,-46.4,229.899
2301,-47.6,230
2302,-48.4,230.098
2303,-48.2,230.202
2304,-48.2,230.299
2305,-47.8,230.399
2306,-47.2,230.498
2307,-47,230.598
2308,-46.6,230.7
2309,-46.6,230.799
2310,-46.4,230.899
2311,-46.2,230.998
2312,-45.8,231.099
2313,-45.8,231.199
2314,-45.6,231.299
2315,-45.6,231.4
2316,-45.4,231.5
2317,-45.2,231.598
2318,-45.2,231.699
2319,-45,231.798
2320,-45,231.898
2321,-45,231.998
2322,-44.8,232.098
2323,-44.8,232.2
2324,-44.6,232.3
2325,-44.6,232.4
2326,-44.4,232.498
2327,-44.4,232.6
2328,-44.4,232.698
2329,-44.4,232.798
2330,-44.2,232.898
2331,-44.2,232.998
2332,-44,233.098
2333,-44,233.199
2334,-44,233.298
2335,-44,233.398
2336,-44,233.499
2337,-43.8,233.6
2338,-43.8,233.698
2339,-43.8,233.8
2340,-43.8,233.898
2341,-43.8,233.999
2342,-43.6,234.098
2343,-43.6,234.198
2344,-43.6,234.298
2345,-43.6,234.399
2346,-43.6,234.498
2347,-43.6,234.598
2348,-43.4,234.701
2349,-43.4,234.8
2350,-43.4,234.899
2351,-43.4,235
2352,-43.4,235.099
2353,-43.2,235.199
2354,-43.2,235.303
2355,-43.2,235.4
2356,-43.2,235.498
2357,-43.2,235.598
2358,-43.2,235.702
2359,-43.2,235.8
2360,-43,235.898
2361,-43,235.998
2362,-43,236.098
2363,-43,236.199
2364,-43,236.298
2365,-43,236.399
2366,-43,236.498
2367,-43,236.6
2368,-43,236.699
2369,-42.8,236.8
2370,-42.8,236.899
2371,-42.8,236.998
2372,-42.8,237.099
2373,-42.8,237.199
2374,-42.8,237.299
2375,-42.8,237.399
2376,-42.8,237.5
2377,-42.8,237.598
2378,-42.8,237.699
2379,-42.8,237.798
2380,-42.8,237.899
2381,-42.8,237.998
2382,-42.6,238.098
2383,-42.6,238.199
2384,-42.6,238.298
2385,-42.6,238.4
2386,-42.6,238.499
2387,-42.6,238.599
2388,-42.6,238.698
2389,-42.6,238.798
2390,-42.6,238.899
2391,-42.6,238.999
2392,-42.4,239.098
2393,-42.4,239.199
2394,-42.4,239.299
2395,-42.4,239.399
2396,-42.4,239.499
2397,-42.4,239.601
2398,-42.4,239.7
2399,-42.4,239.8
2400,-42.4,239.898
2401,-42.4,239.998
2402,-42.4,240.098
2403,-42.2,240.231
2404,-42.2,240.298
2405,-42.2,240.399
2406,-42.2,240.499
2407,-42.2,240.6
2408,-42.2,240.699
2409,-42.2,240.803
2410,-42.2,240.92
2411,-42.2,240.999
2412,-42.2,241.098
2413,-42.2,241.199
2414,-42.2,241.298
2415,-42.2,241.398
2416,-42.2,241.498
2417,-42,241.597
2418,-42,241.699
2419,-42,241.799
2420,-42,241.898
2421,-42,241.998
2422,-42,242.098
2423,-42,242.201
2424,-42,242.298
2425,-42,242.399
2426,-42,242.498
2427,-42,242.599
2428,-42,242.699
2429,-42,242.798
2430,-42,242.898
2431,-41.8,242.999
2432,-41.8,243.099
2433,-41.8,243.199
2434,-41.8,243.299
2435,-41.8,243.399
2436,-41.8,243.499
2437,-41.8,243.598
2438,-41.8,243.699
2439,-41.8,243.798
2440,-41.8,243.899
2441,-41.8,243.999
2442,-41.8,244.098
2443,-41.8,244.2
2444,-41.8,244.299
2445,-41.8,244.399
2446,-41.8,244.498
2447,-41.8,244.599
2448,-41.8,244.699
2449,-41.8,244.798
2450,-41.6,244.9
2451,-41.6,244.998
2452,-41.6,245.098
2453,-41.6,245.2
2454,-41.6,245.299
2455,-41.6,245.399
2456,-41.6,245.499
2457,-41.6,245.599
2458,-41.6,245.698
2459,-41.6,245.798
2460,-41.6,245.897
2461,-41.6,245.998
2462,-41.6,246.099
2463,-41.6,246.199
2464,-41.6,246.299
2465,-41.6,246.398
2466,-41.6,246.499
2467,-41.6,246.599
2468,-41.6,246.698
2469,-41.4,246.798
2470,-41.4,246.898
2471,-41.4,246.998
2472,-41.4,247.099
2473,-41.4,247.199
2474,-41.4,247.298
2475,-41.4,247.399
2476,-41.4,247.498
2477,-41.4,247.599
2478,-41.4,247.699
2479,-41.4,247.799
2480,-41.4,247.898
2481,-41.4,247.999
2482,-41.4,248.099
2483,-41.4,248.199
2484,-41.4,248.298
2485,-41.4,248.399
2486,-41.4,248.498
2487,-41.4,248.598
2488,-41.4,248.7
2489,-41.4,248.798
2490,-41.4,248.899
2491,-41.4,248.998
2492,-41.4,249.098
2493,-41.2,249.2
2494,-41.2,249.299
2495,-41.2,249.398
2496,-41.2,249.499
2497,-41.2,249.598
2498,-41.2,249.699
2499,-41.2,249.8
2500,-41.2,249.898
2501,-41.2,249.999
2502,-41.2,250.099
2503,-41.2,250.201
2504,-41.2,250.299
2505,-41.2,250.399
2506,-41.2,250.498
2507,-41.2,250.598
2508,-41.2,250.699
2509,-41.2,250.798
2510,-41.2,250.898
2511,-41.2,250.998
2512,-41.2,251.098
2513,-41.2,251.199
2514,-41.2,251.298
2515,-41.2,251.398
2516,-41.2,251.498
2517,-41.2,251.598
2518,-41.2,251.699
2519,-41,251.798
2520,-41,251.898
2521,-41,251.998
2522,-41,252.099
2523,-41,252.198
2524,-41,252.3
2525,-41,252.397
2526,-41,252.499
2527,-41,252.598
2528,-41,252.699
2529,-41,252.798
2530,-41,252.897
2531,-41,252.998
2532,-41,253.098
2533,-41,253.199
2534,-41,253.3
2535,-41,253.398
2536,-41,253.498
2537,-41,253.598
2538,-41,253.699
2539,-41,253.798
2540,-41,253.898
2541,-41,253.998
2542,-41,254.099
2543,-41,254.198
2544,-41,254.298
2545,-41,254.398
2546,-41,254.497
2547,-41,254.598
2548,-40.8,254.699
2549,-40.8,254.798
2550,-40.8,254.898
2551,-40.8,254.997
2552,-40.8,255.097
2553,-40.8,255.199
2554,-40.8,255.298
2555,-40.8,255.397
2556,-40.8,255.498
2557,-40.8,255.598
2558,-40.8,255.699
2559,-40.8,255.799
2560,-40.8,255.897
2561,-40.8,255.998
2562,-40.8,256.098
2563,-40.8,256.199
2564,-40.8,256.298
2565,-40.8,256.398
2566,-40.8,256.498
2567,-40.8,256.598
2568,-40.8,256.7
2569,-40.8,256.797
2570,-40.8,256.898
2571,-40.8,256.998
2572,-40.8,257.099
2573,-40.8,257.198
2574,-40.8,257.299
2575,-40.8,257.399
2576,-40.8,257.498
2577,-40.8,257.598
2578,-40.8,257.7
2579,-40.8,257.799
2580,-40.8,257.898
2581,-40.8,257.998
2582,-40.6,258.097
2583,-40.6,258.199
2584,-40.6,258.298
2585,-40.6,258.398
2586,-40.6,258.502
2587,-40.6,258.599
2588,-40.6,258.699
2589,-40.6,258.799
2590,-40.6,258.898
2591,-40.6,258.998
2592,-40.6,259.098
2593,-40.6,259.199
2594,-40.6,259.298
2595,-40.6,259.397
2596,-40.6,259.501
2597,-40.6,259.598
2598,-40.6,259.699
2599,-40.6,259.798
2600,-40.6,259.898
2601,-40.6,259.998
2602,-40.6,260.098
2603,-40.6,260.203
2604,-40.6,260.301
2605,-40.6,260.401
2606,-40.6,260.5
2607,-40.6,260.598
2608,-40.6,260.699
2609,-40.6,260.8
2610,-40.6,260.898
2611,-40.6,260.998
2612,-40.6,261.098
2613,-40.6,261.199
2614,-40.6,261.298
2615,-40.6,261.398
2616,-40.6,261.499
2617,-40.6,261.598
2618,-40.6,261.699
2619,-40.6,261.798
2620,-40.6,261.898
2621,-40.4,261.998
2622,-40.4,262.098
2623,-40.4,262.199
2624,-40.4,262.298
2625,-40.4,262.397
2626,-40.4,262.498
2627,-40.4,262.6
2628,-40.4,262.698
2629,-40.4,262.798
2630,-40.4,262.898
2631,-40.4,262.998
2632,-40.4,263.098
2633,-40.4,263.198
2634,-40.4,263.298
2635,-40.4,263.398
2636,-40.4,263.498
2637,-40.4,263.598
2638,-40.4,263.699
2639,-40.4,263.8
2640,-40.4,263.9
2641,-40.4,264
2642,-40.4,264.102
2643,-40.4,264.2
2644,-40.4,264.298
2645,-40.4,264.399
2646,-40.4,264.499
2647,-40.4,264.598
2648,-40.4,264.699
2649,-40.4,264.799
2650,-40.4,264.915
2651,-40.4,265.001
2652,-40.4,265.101
2653,-40.4,265.201
2654,-40.4,265.302
2655,-40.4,265.402
2656,-40.4,265.5
2657,-40.4,265.599
2658,-40.4,265.7
2659,-40.4,265.798
2660,-40.4,265.898
2661,-40.4,265.998
2662,-40.4,266.098
2663,-40.4,266.199
2664,-40.2,266.298
2665,-40.2,266.398
2666,-40.2,266.497
2667,-40.2,266.603
2668,-40.2,266.699
2669,-40.2,266.799
2670,-40.2,266.899
2671,-40.2,267
2672,-40.2,267.099
2673,-40.2,267.199
2674,-40.2,267.299
2675,-40.2,267.398
2676,-40.2,267.5
2677,-40.2,267.599
2678,-40.2,267.698
2679,-40.2,267.798
2680,-40.2,267.898
2681,-40.2,268
2682,-40.2,268.099
2683,-40.2,268.198
2684,-40.2,268.298
2685,-40.2,268.398
2686,-40.2,268.498
2687,-40.2,268.598
2688,-40.2,268.699
2689,-40.2,268.798
2690,-40.2,268.898
2691,-40.2,268.998
2692,-40.2,269.098
2693,-40.2,269.199
2694,-40.2,269.298
2695,-40.2,269.398
2696,-40.2,269.498
2697,-40.2,269.598
2698,-40.2,269.7
2699,-40.2,269.798
2700,-40.2,269.898
2701,-40.2,270
2702,-40.2,270.098
2703,-40.2,270.199
2704,-40.2,270.298
2705,-40.2,270.398
2706,-40.2,270.498
2707,-40.2,270.598
2708,-40.2,270.699
2709,-40.2,270.798
2710,-40.2,270.9
2711,-40.2,270.999
2712,-40.2,271.1
2713,-40.2,271.199
2714,-40.2,271.298
2715,-40,271.398
2716,-40,271.501
2717,-40,271.603
2718,-40,271.701
2719,-40,271.8
2720,-40,271.898
2721,-40,271.998
2722,-40,272.099
2723,-40,272.198
2724,-40,272.298
2725,-40,272.398
2726,-40,272.498
2727,-40,272.598
2728,-40,272.699
2729,-40,272.798
2730,-40,272.899
2731,-40,272.999
2732,-40,273.098
2733,-40,273.201
2734,-40,273.297
2735,-39.4,273.398
2736,-38.2,273.499
2737,-38.2,273.598
2738,-36.6,273.699
2739,-34.4,273.798
2740,-32,273.898
2741,-30.4,273.998
2742,-29.2,274.102
2743,-29.2,274.201
2744,-27.8,274.298
2745,-26.8,274.398
2746,-25.8,274.499
2747,-25,274.6
2748,-24.4,274.698
2749,-24.4,274.798
2750,-24.2,274.898
2751,-24.4,275.001
2752,-24.4,275.1
2753,-24.6,275.201
2754,-24.8,275.298
2755,-24.8,275.398
2756,-24.8,275.498
2757,-25,275.599
2758,-25,275.699
2759,-25.2,275.8
2760,-25.2,275.898
2761,-25.2,276
2762,-25.2,276.099
2763,-25.2,276.198
2764,-25.4,276.299
2765,-25.4,276.398
2766,-25.4,276.498
2767,-25.4,276.598
2768,-25.4,276.699
2769,-25.4,276.798
2770,-25.6,276.899
2771,-25.6,276.998
2772,-25.6,277.098
2773,-25.6,277.199
2774,-25.6,277.298
2775,-25.6,277.399
2776,-25.8,277.499
2777,-25.8,277.598
2778,-25.8,277.699
2779,-25.8,277.798
2780,-25.8,277.898
2781,-25.8,277.998
2782,-25.8,278.098
2783,-25.8,278.203
2784,-25.8,278.299
2785,-25.8,278.399
2786,-25.8,278.498
2787,-25.8,278.598
2788,-26,278.699
2789,-26,278.797
2790,-26,278.898
2791,-26,278.998
2792,-26,279.098
2793,-26,279.198
2794,-26,279.298
2795,-26,279.398
2796,-26,279.498
2797,-26,279.598
2798,-26,279.699
2799,-26,279.798
2800,-26,279.899
2801,-26,279.998
2802,-26,280.098
2803,-26.2,280.199
2804,-26.2,280.298
2805,-26.2,280.398
2806,-26.2,280.498
2807,-26.2,280.598
2808,-26.2,280.699
2809,-26.2,280.798
2810,-26.2,280.898
2811,-26.2,280.998
2812,-26.2,281.098
2813,-26.2,281.199
2814,-26.2,281.298
2815,-26.2,281.398
2816,-26.2,281.499
2817,-26.2,281.599
2818,-26.2,281.698
2819,-26.2,281.798
2820,-26.2,281.898
2821,-26.2,281.998
2822,-26.2,282.098
2823,-26.2,282.199
2824,-26.2,282.298
2825,-26.2,282.398
2826,-26.4,282.498
2827,-26.4,282.6
2828,-26.4,282.698
2829,-26.4,282.798
2830,-26.4,282.897
2831,-26.4,282.998
2832,-26.4,283.098
2833,-26.4,283.199
2834,-26.4,283.298
2835,-26.4,283.398
2836,-26.4,283.498
2837,-26.4,283.598
2838,-26.4,283.699
2839,-26.4,283.798
2840,-26.4,283.898
2841,-26.4,283.998
2842,-26.4,284.098
2843,-26.4,284.199
2844,-26.4,284.298
2845,-26.4,284.398
2846,-26.4,284.498
2847,-26.4,284.598
2848,-26.4,284.699
2849,-26.4,284.798
2850,-26.4,284.899
2851,-26.4,284.998
2852,-26.4,285.098
2853,-26.4,285.199
2854,-26.4,285.298
2855,-26.4,285.398
2856,-26.4,285.499
2857,-26.4,285.598
2858,-26.4,285.699
2859,-26.4,285.798
2860,-26.4,285.898
2861,-26.6,285.998
2862,-26.6,286.099
2863,-26.6,286.198
2864,-26.6,286.298
2865,-26.6,286.398
2866,-26.6,286.498
2867,-26.6,286.598
2868,-26.6,286.698
2869,-26.6,286.798
2870,-26.6,286.899
2871,-26.6,286.998
2872,-26.6,287.098
2873,-26.6,287.199
2874,-26.6,287.298
2875,-26.6,287.398
2876,-26.6,287.497
2877,-26.6,287.597
2878,-26.6,287.698
2879,-26.6,287.797
2880,-26.6,287.898
2881,-26.6,287.999
2882,-26.6,288.099
2883,-26.6,288.201
2884,-26.6,288.298
2885,-26.6,288.398
2886,-26.6,288.498
2887,-26.6,288.599
2888,-26.6,288.698
2889,-26.6,288.798
2890,-26.6,288.898
2891,-26.6,288.998
2892,-26.6,289.098
2893,-26.6,289.199
2894,-26.6,289.298
2895,-26.6,289.398
2896,-26.6,289.498
2897,-26.6,289.598
2898,-26.6,289.698
2899,-26.6,289.799
2900,-26.6,289.898
2901,-26.6,289.998
2902,-26.6,290.098
2903,-26.6,290.199
2904,-26.6,290.298
2905,-26.6,290.398
2906,-26.6,290.498
2907,-26.6,290.597
2908,-26.6,290.699
2909,-26.6,290.798
2910,-26.6,290.898
2911,-26.8,290.998
2912,-26.8,291.098
2913,-26.8,291.199
2914,-26.8,291.298
2915,-26.8,291.398
2916,-26.8,291.498
2917,-26.8,291.601
2918,-26.8,291.699
2919,-26.8,291.798
2920,-26.8,291.898
2921,-26.8,291.998
2922,-26.8,292.098
2923,-26.8,292.199
2924,-26.8,292.3
2925,-26.8,292.398
2926,-26.8,292.497
2927,-26.8,292.598
2928,-26.8,292.699
2929,-26.8,292.798
2930,-26.8,292.898
2931,-26.8,292.998
2932,-26.8,293.098
2933,-26.8,293.199
2934,-26.8,293.298
2935,-26.8,293.398
2936,-26.8,293.498
2937,-26.8,293.597
2938,-26.8,293.699
2939,-26.8,293.798
2940,-26.8,293.898
2941,-26.8,293.998
2942,-26.8,294.099
2943,-26.8,294.198
2944,-26.8,294.298
2945,-26.8,294.399
2946,-26.8,294.499
2947,-26.8,294.598
2948,-26.8,294.699
2949,-26.8,294.798
2950,-26.8,294.898
2951,-26.8,294.998
2952,-26.8,295.098
2953,-26.8,295.199
2954,-26.8,295.299
2955,-26.8,295.398
2956,-26.8,295.499
2957,-26.8,295.597
2958,-26.8,295.699
2959,-26.8,295.797
2960,-26.8,295.898
2961,-26.8,295.998
2962,-26.8,296.098
2963,-26.8,296.199
2964,-26.8,296.299
2965,-26.8,296.397
2966,-26.8,296.498
2967,-26.8,296.597
2968,-26.8,296.699
2969,-26.8,296.798
2970,-26.8,296.897
2971,-26.8,296.998
2972,-26.8,297.097
2973,-26.8,297.199
2974,-26.8,297.299
2975,-26.8,297.398
2976,-26.8,297.498
2977,-26.8,297.6
2978,-26.8,297.697
2979,-26.8,297.798
2980,-26.8,297.898
2981,-26.8,297.998
2982,-26.8,298.098
2983,-26.8,298.199
2984,-26.8,298.298
2985,-26.8,298.398
2986,-26.8,298.498
2987,-26.8,298.599
2988,-26.8,298.698
2989,-26.8,298.798
2990,-26.8,298.897
2991,-26.8,298.998
2992,-26.8,299.098
2993,-26.8,299.2
2994,-26.8,299.298
2995,-26.8,299.397
2996,-26.8,299.498
2997,-26.8,299.598
2998,-26.8,299.699
2999,-26.8,299.798
3000,-26.8,299.898
3001,-26.8,299.998
3002,-26.8,300.098
3003,-26.8,300.199
3004,-26.8,300.3
3005,-26.8,300.399
3006,-27,300.498
3007,-27,300.598
3008,-27,300.699
3009,-27,300.798
3010,-26.8,300.897
3011,-26.8,300.997
3012,-27,301.098
3013,-27,301.198
3014,-27,301.298
3015,-27,301.398
3016,-27,301.498
3017,-27,301.6
3018,-27,301.699
3019,-27,301.798
3020,-27,301.898
3021,-27,301.997
3022,-27,302.099
3023,-27,302.199
3024,-27,302.299
3025,-27,302.399
3026,-27,302.498
3027,-27,302.598
3028,-27,302.7
3029,-27,302.799
3030,-27,302.898
3031,-27,302.999
3032,-27,303.099
3033,-27,303.198
3034,-27,303.298
3035,-27,303.398
3036,-27,303.497
3037,-27,303.597
3038,-27,303.699
3039,-27,303.798
3040,-27,303.897
3041,-27,303.998
3042,-27,304.098
3043,-27,304.199
3044,-27,304.298
3045,-27,304.397
3046,-27,304.498
3047,-27,304.598
3048,-27,304.7
3049,-27,304.801
3050,-27,304.899
3051,-27,304.998
3052,-27,305.099
3053,-27,305.198
3054,-27,305.299
3055,-27,305.398
3056,-27,305.498
3057,-27,305.6
3058,-27,305.698
3059,-27,305.798
3060,-27,305.898
3061,-27,305.998
3062,-27,306.098
3063,-27,306.2
3064,-27,306.299
3065,-27,306.398
3066,-27,306.502
3067,-27,306.601
3068,-27,306.702
3069,-27,306.8
3070,-27,306.9
3071,-27,306.999
3072,-27,307.099
3073,-27,307.199
3074,-27,307.299
3075,-27,307.399
3076,-27,307.499
3077,-27,307.599
3078,-27,307.7
3079,-27,307.8
3080,-27,307.898
3081,-27,307.999
3082,-27,308.099
3083,-27,308.201
3084,-27,308.298
3085,-27,308.399
3086,-27,308.498
3087,-27,308.599
3088,-27,308.7
3089,-27,308.798
3090,-27,308.899
3091,-27,308.999
3092,-27,309.099
3093,-27,309.198
3094,-27,309.298
3095,-27,309.399
3096,-27,309.498
3097,-27,309.597
3098,-27,309.7
3099,-27,309.798
3100,-27,309.898
3101,-27,309.998
3102,-27,310.098
3103,-27,310.199
3104,-27,310.298
3105,-27,310.398
3106,-27,310.498
3107,-27,310.598
3108,-27,310.7
3109,-27,310.798
3110,-27,310.898
3111,-27,310.998
3112,-27,311.098
3113,-27,311.199
3114,-27,311.298
3115,-27,311.398
3116,-27,311.498
3117,-27,311.598
3118,-27,311.698
3119,-27,311.798
3120,-27,311.898
3121,-27,311.998
3122,-27,312.097
3123,-27,312.199
3124,-27,312.298
3125,-27,312.398
3126,-27,312.498
3127,-27,312.597
3128,-27,312.699
3129,-27,312.798
3130,-27,312.898
3131,-27,312.998
3132,-27,313.099
3133,-27,313.198
3134,-27,313.298
3135,-27,313.398
3136,-27,313.498
3137,-27,313.598
3138,-27,313.701
3139,-27,313.798
3140,-27,313.898
3141,-27,313.999
3142,-27,314.098
3143,-27,314.202
3144,-27,314.3
3145,-27,314.398
3146,-27,314.498
3147,-27,314.598
3148,-27,314.699
3149,-27,314.798
3150,-27,314.897
3151,-27,314.997
3152,-27,315.097
3153,-27,315.2
3154,-27,315.298
3155,-27,315.398
3156,-27,315.497
3157,-27,315.598
3158,-27,315.699
3159,-27,315.798
3160,-27,315.897
3161,-27,315.998
3162,-27,316.098
3163,-27,316.199
3164,-27,316.298
3165,-27,316.398
3166,-27,316.498
3167,-27,316.597
3168,-27,316.7
3169,-27,316.798
3170,-27,316.898
3171,-27,316.999
3172,-26,317.098
3173,-24.8,317.199
3174,-23,317.298
3175,-21,317.398
3176,-21,317.498
3177,-18.6,317.598
3178,-15.8,317.701
3179,-14.2,317.799
3180,-12.8,317.897
3181,-12.8,317.998
3182,-11.4,318.098
3183,-10,318.199
3184,-8,318.298
3185,-6.6,318.398
3186,-5.6,318.498
3187,-5.6,318.597
3188,-3.8,318.7
3189,-1.6,318.798
3190,-0.6,318.898
3191,-0.6,318.998
3192,-1,319.098
3193,-1,319.2
3194,-1.4,319.298
3195,-1.6,319.398
3196,-1.8,319.498
3197,-1.8,319.598
3198,-2,319.701
3199,-2,319.798
3200,-2.2,319.897
3201,-2.2,319.999
3202,-2.4,320.099
3203,-2.4,320.199
3204,-2.4,320.301
3205,-2.4,320.397
3206,-2.6,320.499
3207,-2.6,320.598
3208,-2.8,320.702
3209,-2.8,320.8
3210,-2.8,320.899
3211,-2.8,320.999
3212,-3,321.099
3213,-3,321.198
3214,-3,321.298
3215,-3,321.398
3216,-3,321.5
3217,-3.2,321.598
3218,-3.2,321.699
3219,-3.2,321.798
3220,-3.2,321.897
3221,-3.2,321.998
3222,-3.2,322.098
3223,-3.2,322.199
3224,-3.4,322.298
3225,-3.4,322.398
3226,-3.4,322.498
3227,-3.4,322.598
3228,-3.4,322.7
3229,-3.4,322.797
3230,-3.4,322.898
3231,-3.6,322.998
3232,-3.6,323.098
3233,-3.6,323.199
3234,-3.6,323.298
3235,-3.6,323.398
3236,-3.6,323.498
3237,-3.6,323.599
3238,-3.6,323.699
3239,-3.6,323.797
3240,-3.8,323.898
3241,-3.8,323.999
3242,-3.8,324.1
3243,-3.8,324.199
3244,-3.8,324.298
3245,-3.8,324.398
3246,-3.8,324.5
3247,-3.8,324.599
3248,-3.8,324.699
3249,-3.8,324.799
3250,-3.8,324.899
3251,-3.8,324.999
3252,-4,325.098
3253,-4,325.2
3254,-4,325.298
3255,-4,325.399
3256,-4,325.499
3257,-4,325.599
3258,-4,325.698
3259,-4,325.798
3260,-4,325.899
3261,-4,325.999
3262,-4,326.099
3263,-4,326.199
3264,-4,326.299
3265,-4.2,326.398
3266,-4.2,326.498
3267,-4.2,326.599
3268,-4.2,326.698
3269,-4.2,326.799
3270,-4.2,326.898
3271,-4.2,326.999
3272,-4.2,327.099
3273,-4.2,327.199
3274,-4.2,327.298
3275,-4.2,327.398
3276,-4.2,327.499
3277,-4.2,327.599
3278,-4.2,327.699
3279,-4.2,327.799
3280,-4.2,327.899
3281,-4.2,327.999
3282,-4.2,328.099
3283,-4.2,328.199
3284,-4.4,328.299
3285,-4.4,328.399
3286,-4.4,328.498
3287,-4.4,328.599
3288,-4.4,328.698
3289,-4.4,328.798
3290,-4.4,328.898
3291,-4.4,328.999
3292,-4.4,329.099
3293,-4.4,329.198
3294,-4.4,329.298
3295,-4.4,329.399
3296,-4.4,329.499
3297,-4.4,329.598
3298,-4.4,329.701
3299,-4.4,329.799
3300,-4.4,329.899
3301,-4.4,329.999
3302,-4.4,330.098
3303,-4.4,330.199
3304,-4.4,330.299
3305,-4.4,330.399
3306,-4.4,330.499
3307,-4.4,330.599
3308,-4.4,330.698
3309,-4.6,330.799
3310,-4.6,330.898
3311,-4.6,330.999
3312,-4.6,331.098
3313,-4.6,331.199
3314,-4.6,331.299
3315,-4.6,331.398
3316,-4.6,331.499
3317,-4.6,331.598
3318,-4.6,331.699
3319,-4.6,331.799
3320,-4.6,331.898
3321,-4.6,331.999
3322,-4.6,332.099
3323,-4.6,332.199
3324,-4.6,332.299
3325,-4.6,332.399
3326,-4.6,332.499
3327,-4.6,332.599
3328,-4.6,332.698
3329,-4.6,332.799
3330,-4.6,332.898
3331,-4.6,332.998
3332,-4.6,333.099
3333,-4.6,333.199
3334,-4.6,333.299
3335,-4.8,333.398
3336,-4.6,333.499
3337,-4.6,333.599
3338,-4.8,333.698
3339,-4.8,333.799
3340,-4.8,333.899
3341,-4.8,333.999
3342,-4.8,334.099
3343,-4.8,334.199
3344,-4.8,334.298
3345,-4.8,334.399
3346,-4.8,334.499
3347,-4.8,334.598
3348,-4.8,334.7
3349,-4.8,334.799
3350,-4.8,334.899
3351,-4.8,334.998
3352,-4.8,335.099
3353,-4.8,335.199
3354,-4.8,335.3
3355,-4.8,335.399
3356,-4.8,335.498
3357,-4.8,335.598
3358,-4.8,335.7
3359,-4.8,335.798
3360,-4.8,335.898
3361,-4.8,335.999
3362,-4.8,336.099
3363,-4.8,336.199
3364,-4.8,336.299
3365,-4.8,336.398
3366,-4.8,336.498
3367,-4.8,336.598
3368,-4.8,336.699
3369,-4.8,336.798
3370,-4.8,336.899
3371,-4.8,336.998
3372,-4.8,337.099
3373,-4.8,337.199
3374,-4.8,337.299
3375,-5,337.398
3376,-5,337.498
3377,-5,337.599
3378,-5,337.699
3379,-5,337.798
3380,-5,337.898
3381,-5,337.999
3382,-5,338.098
3383,-5,338.199
3384,-5,338.298
3385,-5,338.398
3386,-5,338.498
3387,-5,338.598
3388,-5,338.7
3389,-5,338.799
3390,-5,338.899
3391,-5,338.998
3392,-5,339.099
3393,-5,339.198
3394,-5,339.298
3395,-5,339.398
3396,-5,339.499
3397,-5,339.599
3398,-5,339.699
3399,-5,339.8
3400,-5,339.898
3401,-5,339.999
3402,-5,340.099
3403,-5,340.199
3404,-5,340.298
3405,-5,340.398
3406,-5,340.498
3407,-5,340.598
3408,-5,340.699
3409,-5,340.799
3410,-5,340.898
3411,-5,340.998
3412,-5,341.099
3413,-5,341.199
3414,-5,341.298
3415,-5,341.399
3416,-5,341.498
3417,-5,341.599
3418,-5,341.699
3419,-5,341.798
3420,-5,341.9
3421,-5,341.998
3422,-5,342.098
3423,-5,342.201
3424,-5.2,342.297
3425,-5.2,342.397
3426,-5.2,342.501
3427,-5.2,342.602
3428,-5.2,342.7
3429,-5.2,342.799
3430,-5.2,342.898
3431,-5.2,342.999
3432,-5.2,343.111
3433,-5.2,343.199
3434,-5.2,343.299
3435,-5.2,343.4
3436,-5.2,343.5
3437,-5.2,343.599
3438,-5.2,343.7
3439,-5.2,343.802
3440,-5.2,343.899
3441,-5.2,343.998
3442,-5.2,344.109
3443,-5.2,344.199
3444,-5.2,344.3
3445,-5.2,344.398
3446,-5.2,344.499
3447,-5.2,344.598
3448,-5.2,344.7
3449,-5.2,344.798
3450,-5.2,344.899
3451,-5.2,345
3452,-5.2,345.106
3453,-5.2,345.199
3454,-5.2,345.298
3455,-5.2,345.399
3456,-5.2,345.499
3457,-5.2,345.599
3458,-5.2,345.698
3459,-5.2,345.798
3460,-5.2,345.898
3461,-5.2,345.998
3462,-5.2,346.107
3463,-5.2,346.199
3464,-5.2,346.298
3465,-5.2,346.401
3466,-5.2,346.498
3467,-5.2,346.599
3468,-5.2,346.698
3469,-5.2,346.798
3470,-5.2,346.898
3471,-5.2,346.999
3472,-5.2,347.105
3473,-5.2,347.199
3474,-5.2,347.299
3475,-5.2,347.399
3476,-5.2,347.499
3477,-5.2,347.598
3478,-5.2,347.7
3479,-5.2,347.798
3480,-5.2,347.898
3481,-5.2,347.999
3482,-5.2,348.099
3483,-5.2,348.199
3484,-5.2,348.297
3485,-5.4,348.398
3486,-5.4,348.499
3487,-5.4,348.6
3488,-5.2,348.698
3489,-5.4,348.797
3490,-5.4,348.899
3491,-5.4,348.998
3492,-5.4,349.099
3493,-5.4,349.2
3494,-5.4,349.297
3495,-5.4,349.398
3496,-5.4,349.498
3497,-5.4,349.599
3498,-5.4,349.698
3499,-5.4,349.799
3500,-5.4,349.899
3501,-5.4,350.003
3502,-5.4,350.099
3503,-5.4,350.199
3504,-5.4,350.299
3505,-5.4,350.398
3506,-5.4,350.499
3507,-5.4,350.598
3508,-5.4,350.699
3509,-5.4,350.798
3510,-5.4,350.898
3511,-5.4,350.998
3512,-5.4,351.101
3513,-5.4,351.201
3514,-5.4,351.301
3515,-5.4,351.4
3516,-5.4,351.5
3517,-5.4,351.598
3518,-5.4,351.699
3519,-5.4,351.798
3520,-5.4,351.899
3521,-5.4,351.998
3522,-5.4,352.098
3523,-5.4,352.2
3524,-5.4,352.298
3525,-5.4,352.403
3526,-5.4,352.5
3527,-5.4,352.598
3528,-5.4,352.699
3529,-5.4,352.798
3530,-5.4,352.9
3531,-5.4,352.998
3532,-5.4,353.098
3533,-5.4,353.199
3534,-5.4,353.298
3535,-5.4,353.397
3536,-5.4,353.498
3537,-5.4,353.598
3538,-5.4,353.701
3539,-5.4,353.798
3540,-5.4,353.9
3541,-5.4,353.999
3542,-5.4,354.1
3543,-5.4,354.198
3544,-5.4,354.299
3545,-5.4,354.398
3546,-5.4,354.498
3547,-5.4,354.6
3548,-5.4,354.699
3549,-5.4,354.801
3550,-5.4,354.898
3551,-5.4,354.999
3552,-5.4,355.098
3553,-5.4,355.2
3554,-5.4,355.298
3555,-5.4,355.398
3556,-5.4,355.498
3557,-5.4,355.602
3558,-5.4,355.699
3559,-5.4,355.8
3560,-5.4,355.899
3561,-5.4,355.998
3562,-5.4,356.098
3563,-5.4,356.199
3564,-5.4,356.298
3565,-5.4,356.398
3566,-5.4,356.499
3567,-5.6,356.598
3568,-5.6,356.7
3569,-5.6,356.8
3570,-5.6,356.9
3571,-5.4,356.998
3572,-5.4,357.098
3573,-5.6,357.199
3574,-5.6,357.298
3575,-5.6,357.398
3576,-5.6,357.498
3577,-5.6,357.598
3578,-5.6,357.699
3579,-5.6,357.798
3580,-5.6,357.898
3581,-5.6,357.999
3582,-5.6,358.098
3583,-5.6,358.199
3584,-5.6,358.298
3585,-5.6,358.399
3586,-5.6,358.498
3587,-5.6,358.599
3588,-5.6,358.698
3589,-5.6,358.798
3590,-5.6,358.898
3591,-5.6,358.997
3592,-5.6,359.099
3593,-5.6,359.198
3594,-5.6,359.299
3595,-5.6,359.401
3596,-5.6,359.498
3597,-5.6,359.599
3598,-5.6,359.698
3599,-5.6,359.801
3600,-5.6,359.899
3601,-5.6,360
3602,-5.6,360.098
3603,-5.6,360.199
3604,-5.6,360.298
3605,-5.6,360.398
3606,-5.6,360.498
3607,-5.6,360.598
3608,-5.6,360.699
3609,-5.6,360.798
3610,-5.6,360.898
3611,-5.6,360.998
3612,-5.6,361.098
3613,-5.6,361.199
3614,-5.6,361.298
3615,-5.6,361.398
3616,-5.6,361.498
3617,-5.6,361.599
3618,-5.6,361.699
3619,-5.6,361.798
3620,-5.6,361.898
3621,-5.6,361.998
3622,-5.6,362.097
3623,-5.6,362.199
3624,-5.6,362.298
3625,-5.6,362.398
3626,-5.6,362.498
3627,-5.6,362.599
3628,-5.6,362.698
3629,-5.6,362.798
3630,-5.6,362.898
3631,-5.6,362.998
3632,-5.6,363.099
3633,-5.6,363.198
3634,-5.6,363.298
3635,-5.6,363.398
3636,-5.6,363.498
3637,-5.6,363.598
3638,-5.6,363.699
3639,-5.6,363.798
3640,-5.6,363.898
3641,-6,363.998
3642,-8.6,364.098
3643,-8.6,364.198
3644,-12.4,364.298
3645,-16,364.398
3646,-18.8,364.498
3647,-20.6,364.597
3648,-22.2,364.699
3649,-22.2,364.798
3650,-23.6,364.898
3651,-25,364.998
3652,-26.4,365.098
3653,-27.8,365.199
3654,-29.4,365.298
3655,-29.4,365.398
3656,-30.8,365.498
3657,-32.2,365.598
3658,-33,365.699
3659,-33.6,365.798
3660,-33.6,365.898
3661,-33.8,365.998
3662,-33.8,366.098
3663,-33.6,366.199
3664,-33.4,366.297
3665,-33.4,366.398
3666,-33.4,366.498
3667,-33.6,366.598
3668,-33.6,366.699
3669,-33.4,366.798
3670,-33.2,366.898
3671,-33.2,367
3672,-33.2,367.098
3673,-33,367.199
3674,-33,367.298
3675,-32.8,367.398
3676,-32.8,367.498
3677,-32.8,367.598
3678,-32.8,367.698
3679,-32.6,367.797
3680,-32.6,367.898
3681,-32.4,367.997
3682,-32.4,368.098
3683,-32.4,368.198
3684,-32.4,368.298
3685,-32.4,368.398
3686,-32.2,368.498
3687,-32.2,368.598
3688,-32.2,368.698
3689,-32.2,368.798
3690,-32.2,368.898
3691,-32.2,368.997
3692,-32.2,369.098
3693,-32,369.199
3694,-32,369.298
3695,-32,369.398
3696,-32,369.498
3697,-32,369.598
3698,-32,369.699
3699,-32,369.798
3700,-31.8,369.898
3701,-31.8,369.998
3702,-31.8,370.097
3703,-31.8,370.199
3704,-31.8,370.298
3705,-31.8,370.398
3706,-31.8,370.497
3707,-31.8,370.602
3708,-31.8,370.699
3709,-31.8,370.798
3710,-31.6,370.898
3711,-31.6,370.998
3712,-31.6,371.098
3713,-31.6,371.199
3714,-31.6,371.298
3715,-31.6,371.398
3716,-31.6,371.498
3717,-31.6,371.598
3718,-31.6,371.699
3719,-31.6,371.798
3720,-31.6,371.9
3721,-31.4,372.008
3722,-31.4,372.099
3723,-31.4,372.198
3724,-31.4,372.298
3725,-31.4,372.398
3726,-31.4,372.498
3727,-31.4,372.601
3728,-31.4,372.7
3729,-31.4,372.799
3730,-31.4,372.899
3731,-31.4,372.998
3732,-31.4,373.098
3733,-31.4,373.199
3734,-31.4,373.298
3735,-31.4,373.398
3736,-31.4,373.497
3737,-31.4,373.598
3738,-31.4,373.703
3739,-31.2,373.799
3740,-31.2,373.898
3741,-31.2,373.998
3742,-31.2,374.098
3743,-31.2,374.199
3744,-31.2,374.299
3745,-31.2,374.398
3746,-31.2,374.499
3747,-31.2,374.598
3748,-31.2,374.699
3749,-31.2,374.798
3750,-31.2,374.898
3751,-31.2,374.998
3752,-31.2,375.1
3753,-31.2,375.2
3754,-31.2,375.298
3755,-31.2,375.399
3756,-31.2,375.498
3757,-31.2,375.598
3758,-31.2,375.699
3759,-31.2,375.799
3760,-31.2,375.898
3761,-31.2,375.998
3762,-31,376.098
3763,-31,376.2
3764,-31,376.299
3765,-31,376.399
3766,-31,376.5
3767,-31,376.6
3768,-31,376.698
3769,-31,376.799
3770,-31,376.898
3771,-31,376.999
3772,-31,377.099
3773,-31,377.198
3774,-31,377.299
3775,-31,377.399
3776,-31,377.498
3777,-31,377.599
3778,-31,377.698
3779,-31,377.798
3780,-31,377.9
3781,-31,377.999
3782,-31,378.1
3783,-31,378.199
3784,-31,378.3
3785,-31,378.398
3786,-31,378.501
3787,-31,378.605
3788,-31,378.706
3789,-31,378.799
3790,-31,378.899
3791,-31,378.998
3792,-31,379.098
3793,-30.8,379.199
3794,-30.8,379.31
3795,-30.8,379.4
3796,-30.8,379.499
3797,-30.8,379.599
3798,-30.8,379.699
3799,-30.8,379.799
3800,-30.8,379.898
3801,-30.8,379.999
3802,-30.8,380.099
3803,-30.8,380.199
3804,-30.8,380.299
3805,-30.8,380.399
3806,-30.8,380.498
3807,-30.8,380.6
3808,-30.8,380.699
3809,-30.8,380.8
3810,-30.8,380.9
3811,-30.8,381
3812,-30.8,381.099
3813,-30.8,381.198
3814,-30.8,381.299
3815,-30.8,381.399
3816,-30.8,381.5
3817,-30.8,381.598
3818,-30.8,381.699
3819,-30.8,381.799
3820,-30.8,381.898
3821,-30.8,381.999
3822,-30.8,382.099
3823,-30.8,382.198
3824,-30.8,382.299
3825,-30.8,382.398
3826,-30.8,382.498
3827,-30.8,382.598
3828,-30.8,382.7
3829,-30.8,382.798
3830,-30.8,382.898
3831,-30.8,382.997
3832,-30.8,383.099
3833,-30.6,383.198
3834,-30.6,383.298
3835,-30.6,383.398
3836,-30.8,383.498
3837,-30.6,383.598
3838,-30.6,383.698
3839,-30.6,383.798
3840,-30.6,383.898
3841,-30.6,383.998
3842,-30.6,384.098
3843,-30.6,384.2
3844,-30.6,384.298
3845,-30.6,384.398
3846,-30.6,384.498
3847,-30.6,384.599
3848,-30.6,384.697
3849,-30.6,384.797
3850,-30.6,384.898
3851,-30.6,384.998
3852,-30.6,385.098
3853,-30.6,385.198
3854,-30.6,385.297
3855,-30.6,385.397
3856,-30.6,385.498
3857,-30.6,385.598
3858,-30.6,385.699
3859,-30.6,385.798
3860,-30.6,385.898
3861,-30.6,385.998
3862,-30.6,386.097
3863,-30.6,386.199
3864,-30.6,386.298
3865,-30.6,386.398
3866,-30.6,386.498
3867,-30.6,386.598
3868,-30.6,386.699
3869,-30.6,386.797
3870,-30.6,386.898
3871,-30.6,386.998
3872,-30.6,387.097
3873,-30.6,387.198
3874,-30.6,387.298
3875,-30.6,387.397
3876,-30.6,387.498
3877,-30.6,387.597
3878,-30.6,387.698
3879,-30.6,387.798
3880,-30.4,387.898
3881,-30.4,387.998
3882,-30.4,388.098
3883,-30.4,388.199
3884,-30.4,388.298
3885,-30.4,388.398
3886,-30.4,388.498
3887,-30.4,388.602
3888,-30.4,388.699
3889,-30.4,388.797
3890,-30.4,388.898
3891,-30.4,388.999
3892,-30.4,389.098
3893,-30.4,389.199
3894,-30.4,389.298
3895,-30.4,389.398
3896,-30.4,389.498
3897,-30.4,389.598
3898,-30.4,389.699
3899,-30.4,389.797
3900,-30.4,389.898
3901,-30.4,389.998
3902,-30.4,390.097
3903,-30.4,390.2
3904,-30.4,390.298
3905,-30.4,390.397
3906,-30.4,390.502
3907,-30.4,390.599
3908,-30.4,390.698
3909,-30.4,390.798
3910,-30.4,390.898
3911,-30.4,390.998
3912,-30.4,391.098
3913,-30.4,391.199
3914,-30.4,391.298
3915,-30.4,391.398
3916,-30.4,391.498
3917,-30.4,391.598
3918,-30.4,391.699
3919,-30.4,391.798
3920,-30.4,391.898
3921,-30.4,391.998
3922,-30.4,392.098
3923,-30.4,392.199
3924,-30.4,392.298
3925,-30.4,392.398
3926,-30.4,392.498
3927,-30.4,392.598
3928,-30.4,392.699
3929,-30.4,392.798
3930,-30.4,392.9
3931,-30.4,393.001
3932,-30.4,393.099
3933,-30.4,393.198
3934,-30.4,393.298
3935,-30.4,393.398
3936,-30.4,393.498
3937,-30.4,393.598
3938,-30.4,393.699
3939,-30.4,393.798
3940,-30.4,393.897
3941,-30.4,393.998
3942,-30.4,394.097
3943,-30.4,394.198
3944,-30.4,394.298
3945,-30.4,394.398
3946,-30.4,394.497
3947,-30.4,394.598
3948,-30.4,394.698
3949,-30.4,394.797
3950,-30.4,394.898
3951,-30.4,394.998
3952,-30.4,395.098
3953,-30.4,395.199
3954,-30.4,395.298
3955,-30.4,395.398
3956,-30.4,395.497
3957,-30.4,395.598
3958,-30.4,395.698
3959,-30.4,395.798
3960,-30.4,395.898
3961,-30.4,395.997
3962,-30.4,396.098
3963,-30.4,396.199
3964,-30.4,396.298
3965,-30.4,396.4
3966,-30.4,396.5
3967,-30.4,396.6
3968,-30.4,396.7
3969,-30.4,396.799
3970,-30.4,396.898
3971,-30.4,397
3972,-30.4,397.101
3973,-30.4,397.2
3974,-30.4,397.3
3975,-30.4,397.398
3976,-30.4,397.497
3977,-30.4,397.598
3978,-30.2,397.7
3979,-30.2,397.8
3980,-30.2,397.9
3981,-30.2,397.999
3982,-30.2,398.099
3983,-30.2,398.2
3984,-30.2,398.299
3985,-30.2,398.398
3986,-30.2,398.499
3987,-30.2,398.598
3988,-30.2,398.701
3989,-30.2,398.8
3990,-30.2,398.9
3991,-30.2,398.999
3992,-30.2,399.1
3993,-30.2,399.199
3994,-30.2,399.299
3995,-30.2,399.4
3996,-30.2,399.5
3997,-30.2,399.599
3998,-30.2,399.699
3999,-30.2,399.798
4000,-30.2,399.898
4001,-30.2,399.998
4002,-30.2,400.098
4003,-30.2,400.199
4004,-30.2,400.298
4005,-30.2,400.399
4006,-30.2,400.498
4007,-30.2,400.598
4008,-30.2,400.699
4009,-30.2,400.799
4010,-30.2,400.898
4011,-30.2,400.998
4012,-30.2,401.098
4013,-30.2,401.2
4014,-30.2,401.299
4015,-30.2,401.398
4016,-30.2,401.498
4017,-30.2,401.598
4018,-30.2,401.699
4019,-30.2,401.797
4020,-30.2,401.898
4021,-30.2,401.998
4022,-30.2,402.098
4023,-30.2,402.2
4024,-30.2,402.312
4025,-30.2,402.399
4026,-30.2,402.498
4027,-30.2,402.598
4028,-30.2,402.699
4029,-30.2,402.798
4030,-30.2,402.902
4031,-30.2,402.999
4032,-30.2,403.098
4033,-30.2,403.201
4034,-30.2,403.298
4035,-30.2,403.399
4036,-30.2,403.498
4037,-30.2,403.6
4038,-30.2,403.698
4039,-30.2,403.798
4040,-30.2,403.898
4041,-30.2,404.007
4042,-30.2,404.099
4043,-30.2,404.199
4044,-30.2,404.298
4045,-30.2,404.398
4046,-30.2,404.497
4047,-30.2,404.598
4048,-30.2,404.699
4049,-30.2,404.8
4050,-30.2,404.898
4051,-30.2,404.998
4052,-30.2,405.098
4053,-30.2,405.2
4054,-30.2,405.299
4055,-30.2,405.398
4056,-30.2,405.498
4057,-30.2,405.598
4058,-30.2,405.699
4059,-30.2,405.799
4060,-30.2,405.899
4061,-30.2,405.999
4062,-30.2,406.098
4063,-30.2,406.199
4064,-30.2,406.298
4065,-30.2,406.399
4066,-30.2,406.498
4067,-30.2,406.598
4068,-30.2,406.7
4069,-30.2,406.798
4070,-30.2,406.898
4071,-30.2,407.001
4072,-30.2,407.099
4073,-30.2,407.198
4074,-30.2,407.3
4075,-30.2,407.4
4076,-30.2,407.499
4077,-30.2,407.6
4078,-30.2,407.7
4079,-30.2,407.8
4080,-30.2,407.9
4081,-29.6,407.998
4082,-28,408.1
4083,-25,408.198
4084,-25,408.301
4085,-22.2,408.4
4086,-19,408.499
4087,-15.8,408.6
4088,-13,408.698
4089,-10.6,408.799
4090,-10.6,408.9
4091,-8.2,408.998
4092,-6.2,409.102
4093,-4.8,409.2
4094,-3,409.299
4095,-1.2,409.399
4096,-1.2,409.499
4097,-0.6,409.6
4098,-0.2,409.7
4099,-0.2,409.799
4100,-0.2,409.9
4101,-0.4,410.002
4102,-0.4,410.101
4103,-0.6,410.199
4104,-0.8,410.3
4105,-0.8,410.4
4106,-0.8,410.499
4107,-1,410.599
4108,-1,410.699
4109,-1,410.798
4110,-1,410.9
4111,-1.2,410.999
4112,-1.2,411.099
4113,-1.2,411.198
4114,-1.2,411.299
4115,-1.4,411.399
4116,-1.6,411.498
4117,-1.6,411.598
4118,-1.6,411.699
4119,-1.6,411.798
4120,-1.8,411.898
4121,-1.8,411.998
4122,-1.8,412.098
4123,-1.8,412.199
4124,-2,412.299
4125,-2,412.4
4126,-2,412.5
4127,-2,412.598
4128,-2,412.7
4129,-2,412.8
4130,-2,412.902
4131,-2,413.006
4132,-2.2,413.103
4133,-2.2,413.2
4134,-2.2,413.298
4135,-2.2,413.399
4136,-2.2,413.498
4137,-2.2,413.598
4138,-2.2,413.7
4139,-2.2,413.798
4140,-2.4,413.898
4141,-2.4,413.999
4142,-2.4,414.099
4143,-2.4,414.199
4144,-2.4,414.298
4145,-2.4,414.399
4146,-2.4,414.499
4147,-2.4,414.599
4148,-2.4,414.698
4149,-2.4,414.799
4150,-2.4,414.899
4151,-2.4,414.999
4152,-2.6,415.098
4153,-2.6,415.199
4154,-2.6,415.298
4155,-2.6,415.398
4156,-2.6,415.499
4157,-2.6,415.599
4158,-2.6,415.698
4159,-2.6,415.798
4160,-2.6,415.898
4161,-2.6,415.999
4162,-2.6,416.098
4163,-2.6,416.199
4164,-2.6,416.297
4165,-2.8,416.4
4166,-2.8,416.498
4167,-2.8,416.598
4168,-2.8,416.699
4169,-2.8,416.798
4170,-2.8,416.898
4171,-2.8,416.998
4172,-2.8,417.098
4173,-2.8,417.199
4174,-2.8,417.301
4175,-2.8,417.398
4176,-2.8,417.498
4177,-2.8,417.598
4178,-2.8,417.699
4179,-2.8,417.798
4180,-2.8,417.898
4181,-2.8,417.998
4182,-3,418.098
4183,-3,418.199
4184,-3,418.298
4185,-3,418.398
4186,-3,418.501
4187,-3,418.598
4188,-3,418.699
4189,-3,418.798
4190,-3,418.898
4191,-3,418.998
4192,-3,419.097
4193,-3,419.199
4194,-3,419.298
4195,-3,419.398
4196,-3,419.497
4197,-3,419.598
4198,-3,419.7
4199,-3,419.798
4200,-3,419.898
4201,-3,419.998
4202,-3,420.099
4203,-3,420.198
4204,-3.2,420.298
4205,-3.2,420.397
4206,-3.2,420.498
4207,-3.2,420.598
4208,-3.2,420.699
4209,-3.2,420.798
4210,-3.2,420.897
4211,-3.2,420.998
4212,-3.2,421.098
4213,-3.2,421.199
4214,-3.2,421.298
4215,-3.2,421.398
4216,-3.2,421.498
4217,-3.2,421.598
4218,-3.2,421.699
4219,-3.2,421.798
4220,-3.2,421.898
4221,-3.2,421.998
4222,-3.2,422.098
4223,-3.2,422.199
4224,-3.2,422.299
4225,-3.2,422.398
4226,-3.2,422.499
4227,-3.2,422.598
4228,-3.2,422.699
4229,-3.2,422.8
4230,-3.2,422.898
4231,-3.2,422.998
4232,-3.2,423.101
4233,-3.2,423.199
4234,-3.4,423.299
4235,-3.4,423.399
4236,-3.4,423.498
4237,-3.4,423.598
4238,-3.4,423.699
4239,-3.4,423.798
4240,-3.4,423.899
4241,-3.4,423.999
4242,-3.4,424.099
4243,-3.4,424.198
4244,-3.4,424.3
4245,-3.4,424.398
4246,-3.4,424.499
4247,-3.4,424.599
4248,-3.4,424.698
4249,-3.4,424.798
4250,-3.4,424.898
4251,-3.4,425
4252,-3.4,425.099
4253,-3.4,425.198
4254,-3.4,425.298
4255,-3.4,425.398
4256,-3.4,425.498
4257,-3.4,425.597
4258,-3.4,425.699
4259,-3.4,425.798
4260,-3.4,425.898
4261,-3.4,425.999
4262,-3.4,426.099
4263,-3.4,426.199
4264,-3.4,426.298
4265,-3.4,426.398
4266,-3.4,426.499
4267,-3.4,426.599
4268,-3.4,426.699
4269,-3.4,426.8
4270,-3.4,426.899
4271,-3.4,426.999
4272,-3.6,427.099
4273,-3.6,427.199
4274,-3.6,427.299
4275,-3.6,427.399
4276,-3.6,427.498
4277,-3.6,427.598
4278,-3.6,427.7
4279,-3.6,427.799
4280,-3.6,427.9
4281,-3.6,427.998
4282,-3.6,428.098
4283,-3.6,428.198
4284,-3.6,428.299
4285,-3.6,428.401
4286,-3.6,428.501
4287,-3.6,428.601
4288,-3.6,428.7
4289,-3.6,428.8
4290,-3.6,428.899
4291,-3.6,428.998
4292,-3.6,429.098
4293,-3.6,429.199
4294,-3.6,429.298
4295,-3.6,429.398
4296,-3.6,429.498
4297,-3.6,429.598
4298,-3.6,429.699
4299,-3.6,429.798
4300,-3.6,429.898
4301,-3.6,430
4302,-3.6,430.099
4303,-3.6,430.198
4304,-3.6,430.298
4305,-3.6,430.398
4306,-3.6,430.498
4307,-3.6,430.598
4308,-3.6,430.698
4309,-3.6,430.798
4310,-3.6,430.898
4311,-3.6,430.998
4312,-3.6,431.102
4313,-3.6,431.199
4314,-3.6,431.298
4315,-3.6,431.399
4316,-3.6,431.498
4317,-3.6,431.598
4318,-3.6,431.698
4319,-3.6,431.798
4320,-3.6,431.897
4321,-3.6,431.999
4322,-3.6,432.101
4323,-3.6,432.199
4324,-3.8,432.298
4325,-3.8,432.398
4326,-3.8,432.498
4327,-3.8,432.598
4328,-3.8,432.699
4329,-3.8,432.798
4330,-3.8,432.899
4331,-3.8,432.999
4332,-3.8,433.098
4333,-3.8,433.2
4334,-3.8,433.298
4335,-3.8,433.398
4336,-3.8,433.498
4337,-3.8,433.599
4338,-3.8,433.7
4339,-3.8,433.797
4340,-3.8,433.897
4341,-3.8,433.997
4342,-3.8,434.098
4343,-3.8,434.199
4344,-3.8,434.298
4345,-3.8,434.398
4346,-3.8,434.498
4347,-3.8,434.598
4348,-3.8,434.698
4349,-3.8,434.798
4350,-3.8,434.898
4351,-3.8,434.998
4352,-3.8,435.098
4353,-3.8,435.199
4354,-3.8,435.298
4355,-3.8,435.398
4356,-3.8,435.497
4357,-3.8,435.598
4358,-3.8,435.7
4359,-3.8,435.798
4360,-3.8,435.898
4361,-3.8,436.002
4362,-3.8,436.107
4363,-3.8,436.199
4364,-3.8,436.298
4365,-3.8,436.398
4366,-3.8,436.498
4367,-3.8,436.597
4368,-3.8,436.699
4369,-3.8,436.797
4370,-3.8,436.898
4371,-3.8,436.997
4372,-3.8,437.098
4373,-3.8,437.199
4374,-3.8,437.298
4375,-3.8,437.399
4376,-3.8,437.498
4377,-3.8,437.598
4378,-3.8,437.699
4379,-3.8,437.798
4380,-3.8,437.898
4381,-3.8,437.998
4382,-3.8,438.097
4383,-3.8,438.199
4384,-3.8,438.298
4385,-3.8,438.398
4386,-4,438.498
4387,-4,438.598
4388,-4,438.699
4389,-3.8,438.798
4390,-4,438.898
4391,-4,438.998
4392,-4,439.098
4393,-4,439.199
4394,-4,439.298
4395,-4,439.398
4396,-4,439.498
4397,-4,439.598
4398,-4,439.699
4399,-4,439.798
4400,-4,439.898
4401,-4,439.999
4402,-4,440.1
4403,-4,440.198
4404,-4,440.298
4405,-4,440.398
4406,-4,440.499
4407,-4,440.598
4408,-4,440.698
4409,-4,440.798
4410,-4,440.898
4411,-4,440.997
4412,-4,441.097
4413,-4,441.198
4414,-4,441.298
4415,-4,441.399
4416,-4,441.499
4417,-4,441.598
4418,-4,441.699
4419,-4,441.798
4420,-4,441.898
4421,-4,441.998
4422,-4,442.098
4423,-4,442.199
4424,-4,442.298
4425,-4,442.398
4426,-4,442.498
4427,-4,442.598
4428,-4,442.699
4429,-4,442.798
4430,-4,442.898
4431,-4,442.997
4432,-4,443.097
4433,-4,443.2
4434,-4,443.298
4435,-4,443.398
4436,-4,443.499
4437,-4,443.598
4438,-4,443.699
4439,-4,443.798
4440,-4,443.897
4441,-4,443.998
4442,-4,444.098
4443,-4,444.199
4444,-4,444.298
4445,-4,444.398
4446,-4,444.498
4447,-4,444.598
4448,-4,444.699
4449,-4,444.798
4450,-4,444.898
4451,-4,444.998
4452,-4,445.098
4453,-4,445.201
4454,-4,445.297
4455,-4,445.398
4456,-4,445.498
4457,-4,445.598
4458,-4,445.699
4459,-4,445.798
4460,-4,445.898
4461,-4,445.998
4462,-4,446.099
4463,-4,446.198
4464,-4,446.299
4465,-4,446.399
4466,-4,446.499
4467,-4,446.599
4468,-4,446.698
4469,-4,446.798
4470,-4,446.898
4471,-4,446.998
4472,-4,447.098
4473,-4,447.198
4474,-4,447.298
4475,-4,447.398
4476,-4,447.497
4477,-4,447.598
4478,-4.2,447.7
4479,-4.2,447.797
4480,-4.2,447.898
4481,-4,447.998
4482,-4.2,448.098
4483,-4.2,448.199
4484,-4.2,448.298
4485,-4.2,448.398
4486,-4.2,448.498
4487,-4.2,448.598
4488,-4.2,448.699
4489,-4.2,448.798
4490,-4.2,448.898
4491,-4.2,448.999
4492,-4.2,449.098
4493,-4.2,449.199
4494,-4.2,449.298
4495,-4.2,449.397
4496,-4.2,449.498
4497,-4.2,449.598
4498,-4.2,449.699
4499,-4.2,449.798
4500,-4.2,449.898
4501,-4.2,449.998
4502,-4.2,450.098
4503,-4.2,450.198
4504,-4.2,450.298
4505,-4.2,450.398
4506,-4.2,450.498
4507,-4.2,450.599
4508,-4.2,450.698
4509,-4.2,450.798
4510,-4.4,450.898
4511,-6.4,450.998
4512,-10.4,451.098
4513,-10.4,451.199
4514,-14.4,451.298
4515,-17.8,451.398
4516,-20.4,451.498
4517,-22,451.598
4518,-23.6,451.699
4519,-23.6,451.798
4520,-25.6,451.897
4521,-27.2,451.998
4522,-28.4,452.097
4523,-29.2,452.199
4524,-30.2,452.298
4525,-30.2,452.398
4526,-31.4,452.498
4527,-31.6,452.597
4528,-31.6,452.699
4529,-31.4,452.798
4530,-31,452.898
4531,-31,452.998
4532,-30.6,453.097
4533,-30.4,453.199
4534,-30.2,453.298
4535,-30.2,453.398
4536,-30.2,453.498
4537,-30,453.598
4538,-30,453.699
4539,-29.8,453.798
4540,-29.8,453.899
4541,-29.8,453.998
4542,-29.8,454.097
4543,-29.6,454.199
4544,-29.6,454.298
4545,-29.4,454.398
4546,-29.4,454.497
4547,-29.4,454.598
4548,-29.4,454.699
4549,-29.4,454.799
4550,-29.4,454.899
4551,-29.4,454.999
4552,-29.2,455.099
4553,-29.2,455.198
4554,-29.2,455.299
4555,-29.2,455.399
4556,-29.2,455.499
4557,-29.2,455.599
4558,-29.2,455.7
4559,-29,455.799
4560,-29,455.898
4561,-29,455.999
4562,-29,456.099
4563,-29,456.198
4564,-29,456.299
4565,-29,456.399
4566,-29,456.499
4567,-29,456.599
4568,-28.8,456.698
4569,-28.8,456.798
4570,-28.8,456.898
4571,-28.8,456.999
4572,-28.8,457.099
4573,-28.8,457.199
4574,-28.8,457.299
4575,-28.8,457.398
4576,-28.8,457.498
4577,-28.8,457.598
4578,-28.8,457.7
4579,-28.8,457.798
4580,-28.6,457.899
4581,-28.6,457.998
4582,-28.6,458.099
4583,-28.6,458.199
4584,-28.6,458.299
4585,-28.6,458.399
4586,-28.6,458.499
4587,-28.6,458.599
4588,-28.6,458.7
4589,-28.6,458.798
4590,-28.6,458.898
4591,-28.6,458.998
4592,-28.6,459.101
4593,-28.4,459.199
4594,-28.4,459.299
4595,-28.4,459.398
4596,-28.4,459.498
4597,-28.4,459.599
4598,-28.4,459.698
4599,-28.4,459.799
4600,-28.4,459.898
4601,-28.4,459.998
4602,-28.4,460.099
4603,-28.4,460.198
4604,-28.4,460.301
4605,-28.4,460.398
4606,-28.4,460.499
4607,-28.4,460.598
4608,-28.4,460.699
4609,-28.4,460.799
4610,-28.4,460.899
4611,-28.4,460.998
4612,-28.4,461.099
4613,-28.4,461.199
4614,-28.4,461.298
4615,-28.4,461.399
4616,-28.4,461.5
4617,-28.4,461.6
4618,-28.4,461.699
4619,-28.4,461.8
4620,-28.2,461.898
4621,-28.2,461.999
4622,-28.2,462.1
4623,-28.2,462.199
4624,-28.2,462.298
4625,-28.2,462.398
4626,-28.2,462.498
4627,-28.2,462.599
4628,-28.2,462.698
4629,-28.2,462.799
4630,-28.2,462.898
4631,-28.2,462.998
4632,-28.2,463.099
4633,-28.2,463.199
4634,-28.2,463.298
4635,-28.2,463.398
4636,-28.2,463.498
4637,-28.2,463.599
4638,-28.2,463.699
4639,-28.2,463.799
4640,-28.2,463.898
4641,-28.2,463.999
4642,-28.2,464.099
4643,-28.2,464.199
4644,-28.2,464.299
4645,-28.2,464.399
4646,-28.2,464.499
4647,-28.2,464.599
4648,-28.2,464.698
4649,-28.2,464.799
4650,-28,464.898
4651,-28.2,464.998
4652,-28.2,465.099
4653,-28,465.198
4654,-28,465.299
4655,-28,465.399
4656,-28,465.498
4657,-28,465.598
4658,-28,465.7
4659,-28,465.798
4660,-28,465.898
4661,-28,465.998
4662,-28,466.098
4663,-28,466.2
4664,-28,466.298
4665,-28,466.398
4666,-28,466.498
4667,-28,466.601
4668,-28,466.699
4669,-28,466.798
4670,-28,466.899
4671,-28,466.998
4672,-28,467.098
4673,-28,467.201
4674,-28,467.298
4675,-28,467.399
4676,-28,467.498
4677,-28,467.599
4678,-28,467.698
4679,-28,467.799
4680,-28,467.898
4681,-28,467.999
4682,-28,468.098
4683,-28,468.2
4684,-28,468.299
4685,-28,468.398
4686,-28,468.498
4687,-28,468.598
4688,-28,468.7
4689,-28,468.799
4690,-28,468.898
4691,-28,468.999
4692,-28,469.1
4693,-28,469.199
4694,-28,469.299
4695,-28,469.399
4696,-28,469.499
4697,-28,469.599
4698,-28,469.699
4699,-28,469.8
4700,-28,469.899
4701,-27.8,469.998
4702,-27.8,470.099
4703,-27.8,470.199
4704,-27.8,470.299
4705,-27.8,470.398
4706,-27.8,470.499
4707,-27.8,470.599
4708,-27.8,470.7
4709,-27.8,470.799
4710,-27.8,470.899
4711,-27.8,470.998
4712,-27.8,471.098
4713,-27.8,471.2
4714,-27.8,471.299
4715,-27.8,471.399
4716,-27.8,471.498
4717,-27.8,471.598
4718,-27.8,471.699
4719,-27.8,471.798
4720,-27.8,471.898
4721,-27.8,471.999
4722,-27.8,472.098
4723,-27.8,472.198
4724,-27.8,472.298
4725,-27.8,472.398
4726,-27.8,472.499
4727,-27.8,472.598
4728,-27.8,472.7
4729,-27.8,472.799
4730,-27.8,472.9
4731,-27.8,472.998
4732,-27.8,473.098
4733,-27.8,473.199
4734,-27.8,473.298
4735,-27.8,473.403
4736,-27.8,473.499
4737,-27.8,473.599
4738,-27.8,473.699
4739,-27.8,473.798
4740,-27.8,473.9
4741,-27.8,474.002
4742,-27.8,474.1
4743,-27.8,474.199
4744,-27.8,474.298
4745,-27.8,474.401
4746,-27.8,474.498
4747,-27.8,474.598
4748,-27.8,474.699
4749,-27.8,474.798
4750,-27.8,474.898
4751,-27.8,474.999
4752,-27.8,475.098
4753,-27.8,475.199
4754,-27.8,475.298
4755,-27.8,475.398
4756,-27.8,475.499
4757,-27.8,475.598
4758,-27.8,475.7
4759,-27.8,475.798
4760,-27.8,475.898
4761,-27.8,475.998
4762,-27.8,476.098
4763,-27.8,476.199
4764,-27.8,476.298
4765,-27.8,476.399
4766,-27.8,476.497
4767,-27.8,476.598
4768,-27.8,476.699
4769,-27.8,476.798
4770,-27.8,476.897
4771,-27.8,477
4772,-27.8,477.098
4773,-27.8,477.199
4774,-27.8,477.298
4775,-27.6,477.398
4776,-27.8,477.498
4777,-27.6,477.599
4778,-27.6,477.698
4779,-27.6,477.799
4780,-27.6,477.899
4781,-27.6,477.998
4782,-27.6,478.099
4783,-27.6,478.198
4784,-27.6,478.298
4785,-27.6,478.399
4786,-27.6,478.499
4787,-27.6,478.598
4788,-27.6,478.699
4789,-27.6,478.798
4790,-27.6,478.899
4791,-27.6,478.998
4792,-27.6,479.099
4793,-27.6,479.199
4794,-27.6,479.298
4795,-27.6,479.398
4796,-27.6,479.499
4797,-27.6,479.598
4798,-27.6,479.7
4799,-27.6,479.799
4800,-27.6,479.899
4801,-27.6,479.998
4802,-27.6,480.098
4803,-27.6,480.2
4804,-27.6,480.299
4805,-27.6,480.398
4806,-27.6,480.498
4807,-27.6,480.598
4808,-27.6,480.7
4809,-27.6,480.798
4810,-27.6,480.899
4811,-27.6,480.998
4812,-27.6,481.099
4813,-27.6,481.199
4814,-27.6,481.298
4815,-27.6,481.398
4816,-27.6,481.499
4817,-27.6,481.598
4818,-27.6,481.699
4819,-27.6,481.799
4820,-27.6,481.899
4821,-27.6,481.998
4822,-27.6,482.098
4823,-27.6,482.2
4824,-27.6,482.299
4825,-27.6,482.398
4826,-27.6,482.498
4827,-27.6,482.598
4828,-27.6,482.699
4829,-27.6,482.799
4830,-27.6,482.899
4831,-27.6,482.998
4832,-27.6,483.098
4833,-27.6,483.199
4834,-27.6,483.298
4835,-27.6,483.398
4836,-27.6,483.499
4837,-27.6,483.598
4838,-27.6,483.699
4839,-27.6,483.798
4840,-27.6,483.899
4841,-27.6,483.998
4842,-27.6,484.098
4843,-27.6,484.199
4844,-27.6,484.298
4845,-27.6,484.402
4846,-27.6,484.505
4847,-27.6,484.602
4848,-27.6,484.701
4849,-27.6,484.8
4850,-27.6,484.899
4851,-27.6,485
4852,-27.4,485.097
4853,-27.6,485.2
4854,-27.6,485.297
4855,-27.6,485.397
4856,-27.4,485.498
4857,-27.4,485.598
4858,-27.4,485.699
4859,-27.6,485.798
4860,-27.6,485.9
4861,-27.6,485.999
4862,-27.6,486.098
4863,-27.6,486.2
4864,-27.6,486.297
4865,-27.6,486.398
4866,-27.6,486.498
4867,-27.6,486.597
4868,-27.6,486.699
4869,-27.4,486.799
4870,-27.4,486.901
4871,-27.4,487.002
4872,-27.4,487.104
4873,-27.4,487.199
4874,-27.4,487.299
4875,-27.4,487.402
4876,-27.4,487.502
4877,-27.4,487.598
4878,-27.4,487.699
4879,-27.4,487.799
4880,-27.4,487.899
4881,-27.4,487.999
4882,-27.4,488.099
4883,-27.4,488.198
4884,-27.4,488.298
4885,-27.4,488.398
4886,-27.4,488.498
4887,-27.4,488.598
4888,-27.4,488.698
4889,-27.4,488.8
4890,-27.4,488.898
4891,-27.4,488.999
4892,-27.4,489.1
4893,-27.4,489.199
4894,-27.4,489.299
4895,-27.4,489.399
4896,-27.4,489.499
4897,-27.4,489.598
4898,-27.4,489.699
4899,-27.4,489.798
4900,-27.4,489.899
4901,-27.4,489.999
4902,-27.4,490.098
4903,-27.4,490.199
4904,-27.4,490.298
4905,-27.4,490.398
4906,-27.4,490.499
4907,-27.4,490.598
4908,-27.4,490.699
4909,-27.4,490.799
4910,-27.4,490.899
4911,-27.4,490.999
4912,-27.4,491.099
4913,-27.4,491.199
4914,-27.4,491.298
4915,-27.4,491.399
4916,-27.4,491.499
4917,-27.4,491.598
4918,-27.4,491.699
4919,-27.4,491.798
4920,-27.4,491.899
4921,-27.4,491.999
4922,-27.4,492.098
4923,-27.4,492.2
4924,-27.4,492.298
4925,-27.4,492.398
4926,-27.4,492.498
4927,-27.4,492.599
4928,-27.4,492.698
4929,-27.4,492.799
4930,-27.4,492.898
4931,-27.4,492.999
4932,-27.4,493.098
4933,-27.4,493.2
4934,-27.4,493.298
4935,-27.4,493.398
4936,-27.4,493.499
4937,-27.4,493.599
4938,-27.4,493.698
4939,-27.4,493.798
4940,-27.4,493.898
4941,-27.4,493.998
4942,-27.4,494.098
4943,-27.4,494.2
4944,-27.4,494.298
4945,-27.4,494.397
4946,-27.4,494.498
4947,-27.4,494.603
4948,-27.4,494.699
4949,-27.4,494.798
4950,-27.4,494.898
4951,-27.4,494.998
4952,-27.4,495.098
4953,-27.4,495.2
4954,-27.4,495.298
4955,-27.4,495.398
4956,-27.4,495.498
4957,-27.4,495.606
4958,-27.4,495.7
4959,-27.4,495.798
4960,-27.4,495.898
4961,-27.4,496
4962,-27.4,496.099
4963,-27.4,496.201
4964,-27.4,496.304
4965,-27.4,496.401
4966,-27.4,496.499
4967,-27.4,496.598
4968,-27.4,496.7
4969,-27.4,496.798
4970,-27.4,496.898
4971,-27.4,496.999
4972,-27.4,497.098
4973,-27.4,497.2
4974,-27.4,497.298
4975,-27.4,497.398
4976,-27.4,497.498
4977,-27.4,497.598
4978,-27.4,497.7
4979,-27.4,497.799
4980,-27.4,497.898
4981,-27.4,497.999
4982,-27.4,498.098
4983,-27.4,498.2
4984,-27.4,498.298
4985,-27.4,498.398
4986,-27.4,498.498
4987,-27.4,498.599
4988,-27.4,498.698
4989,-27.4,498.798
4990,-27.4,498.898
4991,-27.4,498.998
4992,-27.4,499.099
4993,-27.4,499.198
4994,-27.4,499.299
4995,-27.4,499.398
4996,-27.4,499.498
4997,-27.4,499.598
4998,-27.4,499.7
4999,-27.4,499.798
5000,-27.4,499.899
