Reading,Load [0.0 N],Time [sec.]
1,0,0
2,0,0.101
3,0,0.198
4,0,0.299
5,0,0.399
6,0,0.501
7,0,0.605
8,0,0.703
9,0,0.8
10,0,0.9
11,0,0.999
12,0,1.098
13,0,1.198
14,0,1.298
15,0,1.402
16,0,1.502
17,0,1.603
18,0,1.701
19,0,1.8
20,0,1.901
21,0,2.002
22,0,2.101
23,0,2.199
24,0,2.302
25,0,2.403
26,0,2.502
27,0,2.601
28,0,2.699
29,0,2.798
30,0,2.898
31,0,2.999
32,0,3.101
33,0,3.2
34,0,3.302
35,0,3.399
36,0,3.498
37,0,3.598
38,0,3.698
39,0,3.798
40,0,3.898
41,0,4.002
42,0,4.099
43,0,4.199
44,0,4.298
45,0,4.405
46,0,4.5
47,0,4.598
48,0,4.7
49,0,4.802
50,0,4.902
51,0,5.006
52,0,5.1
53,0,5.199
54,0,5.299
55,0,5.412
56,0,5.503
57,0,5.602
58,0,5.703
59,0,5.799
60,0,5.905
61,0,6.002
62,0,6.099
63,0,6.2
64,0,6.299
65,0,6.398
66,0,6.499
67,0,6.598
68,0,6.698
69,0,6.798
70,0,6.899
71,0,6.998
72,0,7.1
73,0,7.198
74,0,7.298
75,0,7.398
76,0,7.499
77,0,7.598
78,0,7.698
79,0,7.798
80,0,7.899
81,0,7.999
82,0,8.099
83,0,8.198
84,0,8.298
85,0,8.398
86,0,8.499
87,0,8.598
88,0,8.698
89,0,8.798
90,0,8.898
91,0,8.999
92,0,9.098
93,0,9.198
94,0,9.298
95,0,9.398
96,0,9.499
97,0,9.598
98,0,9.698
99,0,9.799
100,0,9.898
101,0,9.999
102,0,10.097
103,0,10.198
104,0,10.298
105,0,10.398
106,0,10.499
107,0,10.598
108,0,10.698
109,0,10.798
110,0,10.898
111,0,10.999
112,0,11.098
113,0,11.198
114,0,11.298
115,0,11.397
116,0,11.499
117,0,11.598
118,0,11.698
119,0,11.799
120,0,11.898
121,0,11.999
122,0,12.098
123,0,12.197
124,0,12.297
125,0,12.398
126,0,12.499
127,0,12.598
128,0,12.698
129,0,12.798
130,0,12.898
131,0,12.999
132,0,13.098
133,0,13.198
134,0,13.298
135,0,13.398
136,0,13.498
137,0,13.598
138,0,13.698
139,0,13.798
140,0,13.898
141,0,13.999
142,0,14.098
143,0,14.197
144,0,14.297
145,0,14.397
146,0,14.499
147,0,14.598
148,0,14.699
149,0,14.798
150,0,14.898
151,0,14.998
152,0,15.098
153,0,15.198
154,0,15.298
155,0,15.402
156,0,15.502
157,0,15.602
158,0,15.699
159,0,15.799
160,0,15.899
161,0,15.999
162,0,16.099
163,0,16.198
164,0,16.3
165,0,16.402
166,0,16.499
167,0,16.598
168,0,16.699
169,0,16.799
170,0,16.9
171,0,16.999
172,0,17.099
173,0,17.199
174,0,17.299
175,0,17.398
176,0,17.5
177,0,17.599
178,0,17.698
179,0,17.799
180,0,17.899
181,0,17.999
182,0,18.099
183,0,18.199
184,0,18.3
185,0,18.399
186,0,18.498
187,0,18.598
188,0,18.699
189,0,18.799
190,0,18.9
191,0,19
192,0,19.112
193,0,19.199
194,0,19.297
195,0,19.398
196,0,19.499
197,0,19.598
198,0,19.698
199,0,19.798
200,0,19.902
201,0,20
202,0,20.098
203,0,20.198
204,0,20.298
205,0,20.397
206,0,20.499
207,0,20.598
208,0,20.698
209,0,20.798
210,0,20.898
211,0,20.999
212,0,21.098
213,0,21.197
214,0,21.298
215,0,21.398
216,0,21.499
217,0,21.598
218,0,21.698
219,0,21.798
220,0,21.898
221,0,21.999
222,0,22.098
223,0,22.198
224,0,22.298
225,0,22.399
226,0,22.498
227,0,22.598
228,0,22.698
229,0,22.799
230,0,22.898
231,0,22.999
232,0,23.098
233,0,23.199
234,0,23.298
235,0,23.397
236,0,23.499
237,0,23.598
238,0,23.699
239,0,23.798
240,0,23.898
241,0,24
242,0,24.099
243,0,24.198
244,0,24.298
245,0,24.398
246,0,24.499
247,0,24.599
248,0,24.698
249,0,24.798
250,0,24.903
251,0,25
252,0,25.099
253,0,25.199
254,0,25.299
255,0,25.399
256,0,25.506
257,0,25.609
258,0,25.701
259,0,25.8
260,0,25.901
261,0,26.003
262,0,26.101
263,0,26.198
264,0,26.3
265,0,26.398
266,0,26.499
267,0,26.599
268,0,26.699
269,0,26.8
270,0,26.898
271,0,26.999
272,0,27.099
273,0,27.199
274,0,27.298
275,0,27.399
276,0,27.498
277,0,27.598
278,0,27.698
279,0,27.799
280,0,27.899
281,0,27.999
282,0,28.1
283,0,28.198
284,0,28.298
285,0,28.399
286,0,28.499
287,0,28.599
288,0,28.699
289,0,28.798
290,0,28.898
291,0,28.999
292,0,29.098
293,0,29.199
294,0,29.299
295,0,29.398
296,0,29.499
297,0,29.598
298,0,29.698
299,0,29.798
300,0,29.898
301,0,29.999
302,0,30.098
303,0,30.198
304,0,30.298
305,0,30.399
306,0,30.498
307,0,30.598
308,0,30.699
309,0,30.798
310,0,30.898
311,0,31
312,0,31.098
313,0,31.199
314,0,31.298
315,0,31.398
316,0,31.499
317,0,31.598
318,0,31.699
319,0,31.798
320,0,31.899
321,0,31.998
322,0,32.098
323,0,32.198
324,0,32.299
325,0,32.399
326,0,32.498
327,0,32.599
328,0,32.698
329,0,32.798
330,0,32.898
331,0,33.001
332,0,33.098
333,0,33.198
334,0,33.298
335,0,33.398
336,0,33.5
337,0,33.599
338,0,33.698
339,0,33.798
340,0,33.898
341,0,34
342,0,34.099
343,0,34.199
344,0,34.299
345,0,34.398
346,0,34.5
347,0,34.598
348,0,34.698
349,0,34.798
350,0,34.899
351,0,34.998
352,0,35.098
353,0,35.199
354,0,35.298
355,0,35.399
356,0,35.498
357,0,35.598
358,0,35.699
359,0,35.798
360,0,35.898
361,0,35.999
362,0,36.099
363,0,36.198
364,0,36.298
365,0,36.399
366,0,36.498
367,0,36.598
368,0,36.699
369,0,36.798
370,0,36.898
371,0,36.999
372,0,37.098
373,0,37.198
374,0,37.298
375,0,37.398
376,0,37.499
377,0,37.598
378,0,37.699
379,0,37.8
380,0,37.898
381,0,37.999
382,0,38.098
383,0,38.199
384,0,38.298
385,0,38.4
386,0,38.498
387,0,38.599
388,0,38.699
389,0,38.801
390,0,38.9
391,0,38.999
392,0,39.103
393,0,39.2
394,0,39.298
395,0,39.398
396,0,39.499
397,0,39.598
398,0,39.698
399,0,39.798
400,0,39.898
401,0,39.999
402,0,40.099
403,0,40.198
404,0,40.298
405,0,40.398
406,0,40.499
407,0,40.598
408,0,40.698
409,0,40.798
410,0,40.899
411,0,40.998
412,0,41.098
413,0,41.199
414,0,41.298
415,0,41.398
416,0,41.502
417,0,41.599
418,0,41.698
419,0,41.798
420,0,41.902
421,0,42
422,0,42.098
423,0,42.199
424,0,42.298
425,0,42.398
426,0,42.499
427,0,42.598
428,0,42.699
429,0,42.798
430,0,42.899
431,0,42.998
432,0,43.098
433,0,43.198
434,0,43.298
435,0,43.399
436,0,43.502
437,0,43.6
438,0,43.699
439,0,43.799
440,0,43.899
441,0,43.998
442,0,44.099
443,0,44.198
444,0,44.298
445,0,44.399
446,0,44.499
447,0,44.599
448,0,44.699
449,0,44.799
450,0,44.899
451,0,44.999
452,0,45.099
453,0,45.199
454,0,45.299
455,0,45.399
456,0,45.499
457,0,45.598
458,0,45.699
459,0,45.799
460,0,45.899
461,0,45.999
462,0,46.098
463,0,46.199
464,0,46.3
465,0,46.4
466,0,46.499
467,0,46.598
468,0,46.698
469,0,46.798
470,0,46.898
471,0,46.999
472,0,47.098
473,0,47.198
474,0,47.298
475,0,47.398
476,0,47.5
477,0,47.599
478,0,47.699
479,0,47.798
480,0,47.898
481,0,47.999
482,0,48.099
483,0,48.198
484,0,48.3
485,0,48.399
486,0,48.499
487,0,48.598
488,0,48.698
489,0,48.799
490,0,48.898
491,0,49.001
492,0,49.099
493,0,49.198
494,0,49.298
495,0,49.398
496,0,49.502
497,0,49.599
498,0,49.699
499,0,49.798
500,0,49.898
501,0,49.999
502,0,50.098
503,0,50.199
504,0,50.299
505,0,50.399
506,0,50.498
507,0,50.6
508,0,50.699
509,0,50.799
510,0,50.9
511,0,50.998
512,0,51.099
513,0,51.199
514,0,51.302
515,0,51.399
516,0,51.498
517,0,51.6
518,0,51.698
519,0,51.799
520,0,51.898
521,0,52
522,0,52.101
523,0,52.199
524,0,52.299
525,0,52.398
526,0,52.499
527,0,52.599
528,0,52.699
529,0,52.799
530,0,52.899
531,0,52.998
532,0,53.099
533,0,53.2
534,0,53.299
535,0,53.398
536,0,53.499
537,0,53.599
538,0,53.699
539,0,53.799
540,0,53.898
541,0,53.999
542,0,54.099
543,0,54.199
544,0,54.299
545,0,54.398
546,0,54.499
547,0,54.599
548,0,54.698
549,0,54.8
550,0,54.9
551,0,54.999
552,0,55.098
553,0,55.198
554,0,55.299
555,0,55.398
556,0,55.5
557,0,55.599
558,0,55.701
559,0,55.803
560,0,55.9
561,0,55.998
562,0,56.098
563,0,56.198
564,0,56.298
565,0,56.398
566,0,56.499
567,0,56.599
568,0,56.698
569,0,56.798
570,0,56.898
571,0,56.999
572,0,57.099
573,0,57.198
574,0,57.298
575,0,57.398
576,0,57.499
577,0,57.598
578,0,57.699
579,0,57.799
580,0,57.899
581,0,57.999
582,0,58.099
583,0,58.198
584,0,58.3
585,0,58.398
586,0,58.499
587,0,58.598
588,0,58.699
589,0,58.798
590,0,58.898
591,0,58.999
592,0,59.099
593,0,59.198
594,0,59.298
595,0,59.398
596,0,59.499
597,0,59.598
598,0,59.698
599,0,59.798
600,0,59.899
601,0,59.998
602,0,60.098
603,0,60.199
604,0,60.299
605,0.2,60.398
606,0.2,60.498
607,0.4,60.598
608,0.4,60.699
609,0.4,60.798
610,0.4,60.898
611,0.4,61
612,0.4,61.098
613,0.4,61.198
614,0.4,61.298
615,0.4,61.399
616,0.2,61.498
617,-0.4,61.598
618,-0.4,61.698
619,-2,61.798
620,-3.6,61.899
621,-5.2,62
622,-6.2,62.099
623,-6.8,62.198
624,-6.8,62.298
625,-7,62.399
626,-6.8,62.499
627,-6.8,62.599
628,-6.8,62.699
629,-6.8,62.798
630,-6.8,62.898
631,-6.8,62.999
632,-6.6,63.098
633,-6.6,63.199
634,-6.6,63.298
635,-6.6,63.399
636,-6.6,63.499
637,-6.6,63.599
638,-6.4,63.699
639,-6.4,63.799
640,-6.4,63.9
641,-6.4,63.999
642,-6.4,64.098
643,-6.4,64.199
644,-6.4,64.298
645,-6.4,64.399
646,-6.4,64.498
647,-6.4,64.598
648,-6.4,64.698
649,-6.4,64.798
650,-6.4,64.898
651,-6.4,64.998
652,-6.4,65.098
653,-6.4,65.198
654,-6.4,65.301
655,-6.4,65.398
656,-6.4,65.499
657,-6.2,65.598
658,-6.2,65.698
659,-6.2,65.798
660,-6.2,65.898
661,-6.2,65.999
662,-6.2,66.098
663,-6.2,66.198
664,-6.2,66.298
665,-6.2,66.398
666,-6.2,66.499
667,-6.2,66.598
668,-6.2,66.699
669,-6.2,66.798
670,-6.2,66.898
671,-6.2,66.999
672,-6.2,67.098
673,-6.2,67.198
674,-6.2,67.298
675,-6.2,67.398
676,-6.2,67.499
677,-6.2,67.598
678,-6.2,67.698
679,-6.2,67.798
680,-6.2,67.898
681,-6.2,67.999
682,-6.2,68.099
683,-6.2,68.198
684,-6.2,68.298
685,-6.2,68.397
686,-6.2,68.499
687,-6.2,68.598
688,-6.2,68.698
689,-6.2,68.798
690,-6.2,68.899
691,-6.2,68.998
692,-6.2,69.098
693,-6.2,69.198
694,-6.2,69.298
695,-6.2,69.398
696,-6.2,69.499
697,-6.2,69.598
698,-6.2,69.698
699,-6,69.798
700,-6,69.9
701,-6,69.998
702,-6,70.098
703,-6,70.198
704,-6,70.298
705,-6,70.399
706,-6,70.498
707,-6,70.598
708,-6,70.698
709,-6,70.797
710,-6,70.898
711,-6,70.998
712,-6,71.098
713,-6,71.199
714,-6,71.298
715,-6,71.398
716,-6,71.499
717,-6,71.598
718,-6,71.698
719,-6,71.798
720,-6,71.898
721,-6,71.999
722,-6,72.098
723,-6,72.198
724,-6,72.298
725,-6,72.398
726,-6,72.5
727,-6,72.598
728,-6,72.698
729,-6,72.798
730,-6,72.897
731,-6,73
732,-6,73.098
733,-6,73.198
734,-6,73.298
735,-6,73.399
736,-6,73.498
737,-6,73.598
738,-6,73.698
739,-6,73.798
740,-6,73.898
741,-6,74
742,-6,74.099
743,-6,74.198
744,-6,74.298
745,-6,74.401
746,-6,74.499
747,-6,74.598
748,-6,74.698
749,-6,74.798
750,-6,74.898
751,-6,74.999
752,-6,75.098
753,-6,75.198
754,-6,75.297
755,-6,75.399
756,-6,75.498
757,-6,75.598
758,-6,75.698
759,-6,75.798
760,-6,75.898
761,-6,75.998
762,-6,76.098
763,-6,76.198
764,-6,76.298
765,-6,76.398
766,-6,76.499
767,-6,76.598
768,-6,76.698
769,-6,76.798
770,-6,76.897
771,-6,76.999
772,-6,77.098
773,-6,77.198
774,-6,77.298
775,-6,77.398
776,-6,77.498
777,-6,77.598
778,-6,77.698
779,-6,77.798
780,-6,77.897
781,-6,77.999
782,-6,78.098
783,-6,78.198
784,-6,78.298
785,-6,78.398
786,-6,78.501
787,-6,78.599
788,-6,78.697
789,-6,78.799
790,-6,78.898
791,-6,78.999
792,-6,79.098
793,-6,79.198
794,-6,79.298
795,-6,79.398
796,-6,79.499
797,-6,79.598
798,-6,79.698
799,-6,79.798
800,-6,79.897
801,-6,79.999
802,-6,80.098
803,-6,80.198
804,-6,80.298
805,-6,80.398
806,-6,80.499
807,-6,80.598
808,-6,80.698
809,-6,80.798
810,-6,80.898
811,-6,80.999
812,-6,81.097
813,-6,81.198
814,-6,81.298
815,-5.8,81.398
816,-6,81.499
817,-6,81.6
818,-6,81.698
819,-6,81.798
820,-6,81.898
821,-5.8,81.999
822,-5.8,82.098
823,-5.8,82.198
824,-5.8,82.298
825,-5.8,82.398
826,-5.8,82.499
827,-5.8,82.597
828,-5.8,82.698
829,-5.8,82.797
830,-5.8,82.898
831,-5.8,82.999
832,-5.8,83.098
833,-5.8,83.197
834,-5.8,83.298
835,-5.8,83.398
836,-5.8,83.499
837,-5.8,83.598
838,-5.8,83.698
839,-5.8,83.798
840,-5.8,83.898
841,-5.8,83.998
842,-5.8,84.098
843,-5.8,84.198
844,-5.8,84.298
845,-5.8,84.4
846,-5.8,84.5
847,-5.8,84.6
848,-5.8,84.7
849,-5.8,84.798
850,-5.8,84.898
851,-5.8,85
852,-5.8,85.1
853,-5.8,85.198
854,-5.8,85.298
855,-5.8,85.398
856,-5.8,85.499
857,-5.8,85.598
858,-5.8,85.698
859,-5.8,85.8
860,-5.8,85.9
861,-5.8,85.999
862,-5.8,86.1
863,-5.8,86.198
864,-5.8,86.298
865,-5.8,86.398
866,-5.8,86.499
867,-5.8,86.598
868,-5.8,86.698
869,-5.8,86.798
870,-5.8,86.901
871,-5.8,87
872,-5.8,87.101
873,-5.8,87.2
874,-5.8,87.302
875,-5.8,87.399
876,-5.8,87.498
877,-5.8,87.598
878,-5.8,87.698
879,-5.8,87.798
880,-5.8,87.898
881,-5.8,87.999
882,-5.8,88.098
883,-5.8,88.198
884,-5.8,88.297
885,-5.8,88.4
886,-5.8,88.5
887,-5.8,88.602
888,-5.8,88.701
889,-5.8,88.801
890,-5.8,88.898
891,-5.8,89
892,-5.8,89.099
893,-5.8,89.198
894,-5.8,89.298
895,-5.8,89.398
896,-5.8,89.498
897,-5.8,89.598
898,-5.8,89.698
899,-5.8,89.802
900,-5.8,89.9
901,-5.8,89.998
902,-5.8,90.099
903,-5.8,90.198
904,-5.8,90.298
905,-5.8,90.399
906,-5.8,90.498
907,-5.8,90.598
908,-5.8,90.698
909,-5.8,90.798
910,-5.8,90.897
911,-5.8,91
912,-5.8,91.099
913,-5.8,91.198
914,-5.8,91.297
915,-5.8,91.398
916,-5.8,91.502
917,-5.8,91.599
918,-5.8,91.699
919,-5.8,91.799
920,-5.8,91.898
921,-5.8,91.999
922,-5.8,92.098
923,-5.8,92.198
924,-5.8,92.301
925,-5.8,92.398
926,-5.8,92.503
927,-5.8,92.599
928,-5.8,92.698
929,-5.8,92.798
930,-5.8,92.9
931,-5.8,93
932,-5.8,93.1
933,-5.8,93.198
934,-5.8,93.298
935,-5.8,93.398
936,-5.8,93.502
937,-5.8,93.601
938,-5.8,93.701
939,-5.8,93.801
940,-5.8,93.9
941,-5.8,93.999
942,-5.8,94.1
943,-5.8,94.199
944,-5.8,94.3
945,-5.8,94.399
946,-5.8,94.499
947,-5.8,94.6
948,-5.8,94.699
949,-5.8,94.8
950,-5.8,94.899
951,-5.8,94.998
952,-5.8,95.099
953,-5.8,95.198
954,-5.8,95.299
955,-5.8,95.399
956,-5.8,95.498
957,-5.8,95.599
958,-5.8,95.699
959,-5.8,95.8
960,-5.8,95.897
961,-5.8,96
962,-5.8,96.099
963,-5.8,96.2
964,-5.8,96.301
965,-5.8,96.399
966,-5.8,96.5
967,-5.8,96.602
968,-5.8,96.698
969,-5.8,96.8
970,-5.8,96.899
971,-5.8,96.998
972,-5.8,97.1
973,-5.8,97.199
974,-5.8,97.299
975,-5.8,97.402
976,-5.8,97.499
977,-5.8,97.6
978,-5.8,97.699
979,-5.8,97.798
980,-5.8,97.899
981,-5.8,97.999
982,-5.8,98.101
983,-5.8,98.2
984,-5.8,98.3
985,-5.8,98.4
986,-5.8,98.498
987,-5.8,98.599
988,-5.8,98.703
989,-5.8,98.799
990,-5.8,98.9
991,-5.8,98.998
992,-5.8,99.097
993,-5.8,99.198
994,-5.8,99.298
995,-5.8,99.398
996,-5.8,99.499
997,-5.8,99.598
998,-5.8,99.698
999,-5.8,99.798
1000,-5.8,99.898
1001,-5.8,100
1002,-5.8,100.098
1003,-5.8,100.199
1004,-5.8,100.298
1005,-5.8,100.398
1006,-5.8,100.511
1007,-5.8,100.599
1008,-5.8,100.698
1009,-5.8,100.799
1010,-5.8,100.9
1011,-5.8,100.999
1012,-5.8,101.1
1013,-5.8,101.199
1014,-5.8,101.298
1015,-5.8,101.398
1016,-5.8,101.499
1017,-5.8,101.598
1018,-5.8,101.698
1019,-5.8,101.799
1020,-5.8,101.898
1021,-5.8,102
1022,-5.8,102.098
1023,-5.8,102.197
1024,-5.8,102.298
1025,-5.8,102.398
1026,-5.8,102.499
1027,-5.8,102.601
1028,-5.8,102.698
1029,-5.8,102.798
1030,-5.8,102.899
1031,-5.8,102.998
1032,-5.8,103.099
1033,-5.8,103.198
1034,-5.8,103.298
1035,-5.8,103.398
1036,-5.8,103.5
1037,-5.8,103.602
1038,-5.8,103.703
1039,-5.8,103.8
1040,-5.8,103.901
1041,-5.8,103.999
1042,-5.8,104.098
1043,-5.8,104.198
1044,-5.8,104.298
1045,-5.8,104.4
1046,-5.8,104.499
1047,-5.8,104.6
1048,-5.8,104.699
1049,-5.8,104.799
1050,-5.8,104.898
1051,-5.8,104.999
1052,-5.8,105.099
1053,-5.8,105.198
1054,-5.8,105.298
1055,-5.8,105.398
1056,-5.8,105.499
1057,-5.8,105.597
1058,-5.8,105.7
1059,-5.8,105.799
1060,-5.8,105.898
1061,-5.8,105.999
1062,-5.8,106.098
1063,-5.8,106.198
1064,-5.8,106.298
1065,-5.8,106.398
1066,-5.8,106.499
1067,-5.8,106.598
1068,-5.8,106.698
1069,-5.8,106.798
1070,-5.8,106.898
1071,-5.8,107
1072,-5.8,107.098
1073,-5.8,107.199
1074,-5.8,107.3
1075,-5.8,107.399
1076,-5.8,107.499
1077,-5.8,107.599
1078,-6.6,107.699
1079,-7.6,107.801
1080,-8.4,107.899
1081,-8.4,108
1082,-9,108.098
1083,-9.6,108.198
1084,-10.2,108.298
1085,-10.4,108.398
1086,-10.8,108.499
1087,-10.8,108.598
1088,-11.4,108.698
1089,-11.6,108.798
1090,-11.8,108.898
1091,-11.6,108.999
1092,-11.6,109.098
1093,-11.4,109.198
1094,-11.4,109.297
1095,-11.2,109.401
1096,-11.2,109.5
1097,-11,109.599
1098,-11,109.698
1099,-11,109.799
1100,-11,109.898
1101,-10.8,110.001
1102,-10.8,110.098
1103,-10.8,110.198
1104,-10.8,110.298
1105,-10.8,110.398
1106,-10.8,110.499
1107,-10.8,110.598
1108,-10.6,110.699
1109,-10.6,110.799
1110,-10.6,110.899
1111,-10.6,111
1112,-10.6,111.1
1113,-10.6,111.199
1114,-10.6,111.3
1115,-10.6,111.4
1116,-10.4,111.499
1117,-10.4,111.599
1118,-10.4,111.698
1119,-10.4,111.799
1120,-10.4,111.898
1121,-10.4,112
1122,-10.4,112.098
1123,-10.4,112.198
1124,-10.4,112.299
1125,-10.4,112.398
1126,-10.4,112.499
1127,-10.4,112.6
1128,-10.4,112.699
1129,-10.4,112.798
1130,-10.2,112.897
1131,-10.2,112.999
1132,-10.2,113.098
1133,-10.2,113.198
1134,-10.2,113.298
1135,-10.2,113.398
1136,-10.2,113.499
1137,-10.2,113.6
1138,-10.2,113.698
1139,-10.2,113.798
1140,-10.2,113.898
1141,-10.2,113.999
1142,-10.2,114.098
1143,-10.2,114.198
1144,-10.2,114.298
1145,-10.2,114.398
1146,-10.2,114.499
1147,-10.2,114.598
1148,-10.2,114.697
1149,-10.2,114.799
1150,-10.2,114.898
1151,-10.2,114.998
1152,-10,115.098
1153,-10,115.198
1154,-10,115.298
1155,-10,115.4
1156,-10,115.498
1157,-10,115.598
1158,-10,115.697
1159,-10,115.798
1160,-10,115.899
1161,-10,115.998
1162,-10,116.098
1163,-10,116.198
1164,-10,116.298
1165,-10,116.402
1166,-10,116.506
1167,-10,116.601
1168,-10,116.699
1169,-10,116.798
1170,-10,116.899
1171,-10,116.998
1172,-10,117.099
1173,-10,117.198
1174,-10,117.299
1175,-10,117.398
1176,-10,117.499
1177,-10,117.597
1178,-10,117.698
1179,-10,117.798
1180,-10,117.898
1181,-10,117.999
1182,-10,118.098
1183,-10,118.199
1184,-10,118.299
1185,-10,118.398
1186,-10,118.501
1187,-10,118.599
1188,-9.8,118.7
1189,-9.8,118.798
1190,-9.8,118.901
1191,-9.8,119
1192,-9.8,119.101
1193,-9.8,119.198
1194,-9.8,119.298
1195,-9.8,119.398
1196,-9.8,119.499
1197,-9.8,119.598
1198,-9.8,119.698
1199,-9.8,119.798
1200,-9.8,119.898
1201,-9.8,120.003
1202,-9.8,120.1
1203,-9.8,120.201
1204,-9.8,120.299
1205,-9.8,120.399
1206,-9.8,120.502
1207,-9.8,120.599
1208,-9.8,120.698
1209,-9.8,120.798
1210,-9.8,120.898
1211,-9.8,121.004
1212,-9.8,121.1
1213,-9.8,121.199
1214,-9.8,121.301
1215,-9.8,121.399
1216,-9.8,121.498
1217,-9.8,121.598
1218,-9.8,121.699
1219,-9.8,121.8
1220,-9.8,121.898
1221,-9.8,121.999
1222,-9.8,122.098
1223,-9.8,122.198
1224,-9.8,122.298
1225,-9.8,122.398
1226,-9.8,122.499
1227,-9.8,122.598
1228,-9.8,122.698
1229,-9.8,122.805
1230,-9.8,122.9
1231,-9.8,122.999
1232,-9.8,123.099
1233,-9.8,123.202
1234,-9.8,123.301
1235,-9.8,123.398
1236,-9.8,123.499
1237,-9.8,123.598
1238,-9.8,123.698
1239,-9.8,123.8
1240,-9.8,123.897
1241,-9.8,124
1242,-9.8,124.099
1243,-9.8,124.198
1244,-9.8,124.298
1245,-9.8,124.398
1246,-9.8,124.5
1247,-9.8,124.598
1248,-9.8,124.698
1249,-9.8,124.799
1250,-9.8,124.899
1251,-9.8,124.998
1252,-9.8,125.098
1253,-9.8,125.198
1254,-9.8,125.297
1255,-9.8,125.398
1256,-9.8,125.499
1257,-9.8,125.598
1258,-9.8,125.698
1259,-9.8,125.797
1260,-9.8,125.898
1261,-9.8,125.999
1262,-9.6,126.098
1263,-9.8,126.198
1264,-9.6,126.298
1265,-9.6,126.401
1266,-9.6,126.5
1267,-9.6,126.598
1268,-9.6,126.698
1269,-9.6,126.798
1270,-9.6,126.897
1271,-9.6,126.998
1272,-9.6,127.098
1273,-9.6,127.198
1274,-9.6,127.297
1275,-9.6,127.398
1276,-9.6,127.498
1277,-9.6,127.598
1278,-9.6,127.699
1279,-9.6,127.798
1280,-9.6,127.897
1281,-9.6,127.999
1282,-9.6,128.098
1283,-9.6,128.198
1284,-9.6,128.297
1285,-9.6,128.4
1286,-9.6,128.499
1287,-9.6,128.598
1288,-9.6,128.699
1289,-9.6,128.799
1290,-9.6,128.897
1291,-9.6,128.999
1292,-9.6,129.099
1293,-9.6,129.2
1294,-9.6,129.298
1295,-9.6,129.398
1296,-9.6,129.499
1297,-9.6,129.598
1298,-9.6,129.698
1299,-9.6,129.797
1300,-9.6,129.898
1301,-9.6,129.999
1302,-9.6,130.098
1303,-9.6,130.198
1304,-9.6,130.298
1305,-9.6,130.398
1306,-9.6,130.498
1307,-9.6,130.598
1308,-9.6,130.698
1309,-9.6,130.798
1310,-9.6,130.898
1311,-9.6,130.999
1312,-9.6,131.098
1313,-9.6,131.198
1314,-9.6,131.298
1315,-9.6,131.398
1316,-9.6,131.499
1317,-9.6,131.597
1318,-9.6,131.698
1319,-9.6,131.798
1320,-9.6,131.898
1321,-9.6,131.999
1322,-9.6,132.099
1323,-9.6,132.198
1324,-9.6,132.298
1325,-9.6,132.398
1326,-9.6,132.499
1327,-9.6,132.598
1328,-9.6,132.697
1329,-9.6,132.798
1330,-9.6,132.898
1331,-9.6,132.999
1332,-9.6,133.098
1333,-9.6,133.198
1334,-9.6,133.298
1335,-9.6,133.398
1336,-9.6,133.499
1337,-9.6,133.598
1338,-9.6,133.698
1339,-9.6,133.798
1340,-9.4,133.898
1341,-9.4,133.999
1342,-9.4,134.098
1343,-9.6,134.198
1344,-9.4,134.298
1345,-9.4,134.398
1346,-9.4,134.499
1347,-9.4,134.598
1348,-9.4,134.698
1349,-9.6,134.797
1350,-9.4,134.898
1351,-9.4,135.002
1352,-9.4,135.1
1353,-9.4,135.199
1354,-9.4,135.301
1355,-9.4,135.401
1356,-9.4,135.501
1357,-9.4,135.599
1358,-9.4,135.698
1359,-9.4,135.798
1360,-9.4,135.898
1361,-9.4,136
1362,-9.4,136.098
1363,-9.4,136.199
1364,-9.4,136.302
1365,-9.4,136.405
1366,-9.4,136.503
1367,-9.4,136.602
1368,-9.4,136.699
1369,-9.4,136.798
1370,-9.4,136.898
1371,-9.4,136.999
1372,-9.4,137.098
1373,-9.4,137.198
1374,-9.4,137.298
1375,-9.4,137.398
1376,-9.4,137.499
1377,-9.4,137.598
1378,-9.4,137.698
1379,-9.4,137.798
1380,-9.4,137.898
1381,-9.4,137.999
1382,-9.4,138.098
1383,-9.4,138.199
1384,-9.4,138.301
1385,-9.4,138.399
1386,-9.4,138.498
1387,-9.4,138.6
1388,-9.4,138.734
1389,-9.4,138.803
1390,-9.4,138.9
1391,-9.4,138.998
1392,-9.4,139.098
1393,-9.4,139.198
1394,-9.4,139.298
1395,-9.4,139.399
1396,-9.4,139.499
1397,-9.4,139.599
1398,-9.4,139.698
1399,-9.4,139.799
1400,-9.4,139.898
1401,-9.4,139.999
1402,-9.4,140.099
1403,-9.4,140.198
1404,-9.4,140.299
1405,-9.4,140.398
1406,-9.4,140.5
1407,-9.4,140.598
1408,-9.4,140.698
1409,-9.4,140.8
1410,-9.4,140.899
1411,-9.4,140.999
1412,-9.4,141.099
1413,-9.4,141.202
1414,-9.4,141.301
1415,-9.4,141.398
1416,-9.4,141.502
1417,-9.4,141.601
1418,-9.4,141.699
1419,-9.4,141.798
1420,-9.4,141.898
1421,-9.4,142.001
1422,-9.4,142.098
1423,-9.4,142.199
1424,-9.4,142.299
1425,-9.4,142.398
1426,-9.4,142.503
1427,-9.4,142.6
1428,-9.4,142.699
1429,-9.4,142.799
1430,-9.4,142.898
1431,-9.4,143.002
1432,-9.4,143.1
1433,-9.4,143.198
1434,-9.4,143.299
1435,-9.4,143.399
1436,-9.4,143.498
1437,-9.4,143.6
1438,-9.4,143.699
1439,-9.4,143.799
1440,-9.4,143.902
1441,-9.4,144.002
1442,-9.4,144.102
1443,-9.4,144.199
1444,-9.4,144.298
1445,-9.4,144.399
1446,-9.4,144.498
1447,-9.4,144.599
1448,-9.4,144.699
1449,-9.4,144.8
1450,-9.4,144.898
1451,-9.4,144.999
1452,-9.4,145.098
1453,-9.4,145.198
1454,-9.4,145.3
1455,-9.4,145.399
1456,-9.4,145.498
1457,-9.4,145.599
1458,-9.4,145.698
1459,-9.4,145.798
1460,-9.4,145.899
1461,-9.4,145.998
1462,-9.4,146.1
1463,-9.4,146.199
1464,-9.4,146.298
1465,-9.4,146.398
1466,-9.4,146.499
1467,-9.4,146.598
1468,-9.4,146.698
1469,-9.4,146.798
1470,-9.4,146.898
1471,-9.4,147
1472,-9.4,147.098
1473,-9.4,147.199
1474,-9.4,147.299
1475,-9.4,147.398
1476,-9.4,147.499
1477,-9.4,147.599
1478,-9.4,147.7
1479,-9.4,147.799
1480,-9.4,147.899
1481,-9.4,147.998
1482,-9.4,148.098
1483,-9.4,148.199
1484,-9.4,148.299
1485,-9.4,148.397
1486,-9.4,148.499
1487,-9.4,148.598
1488,-9.4,148.698
1489,-9.4,148.799
1490,-9.4,148.898
1491,-9.4,148.999
1492,-9.4,149.103
1493,-9.4,149.2
1494,-9.4,149.298
1495,-9.4,149.398
1496,-9.4,149.502
1497,-9.4,149.599
1498,-9.4,149.698
1499,-9.4,149.799
1500,-9.4,149.9
1501,-9.4,149.998
1502,-9.4,150.099
1503,-9.4,150.198
1504,-9.4,150.3
1505,-9.4,150.398
1506,-9.4,150.501
1507,-9.2,150.598
1508,-9.2,150.697
1509,-9.2,150.798
1510,-9.2,150.899
1511,-9.2,150.999
1512,-9.2,151.097
1513,-9.2,151.199
1514,-9.2,151.299
1515,-9.4,151.399
1516,-9.4,151.5
1517,-9.2,151.598
1518,-9.4,151.699
1519,-9.2,151.798
1520,-9.2,151.898
1521,-9.2,151.999
1522,-9.2,152.098
1523,-9.2,152.198
1524,-9.2,152.298
1525,-9.2,152.398
1526,-9.2,152.5
1527,-9.2,152.599
1528,-9.2,152.698
1529,-9.2,152.8
1530,-9.2,152.898
1531,-9.2,153.001
1532,-9.2,153.1
1533,-9.2,153.199
1534,-9.2,153.298
1535,-9.2,153.398
1536,-9.2,153.499
1537,-9.2,153.598
1538,-9.2,153.698
1539,-9.2,153.798
1540,-9.2,153.9
1541,-9.2,153.998
1542,-9.2,154.099
1543,-9.2,154.199
1544,-9.2,154.298
1545,-9.2,154.398
1546,-9.2,154.5
1547,-9.2,154.599
1548,-9.2,154.699
1549,-9.2,154.799
1550,-9.2,154.9
1551,-9.2,154.998
1552,-9.2,155.099
1553,-9.2,155.197
1554,-9.2,155.298
1555,-9.2,155.399
1556,-9.2,155.498
1557,-9.2,155.598
1558,-9.2,155.698
1559,-9.2,155.798
1560,-9.2,155.901
1561,-9.2,155.998
1562,-9.2,156.098
1563,-9.2,156.198
1564,-9.2,156.298
1565,-9.2,156.399
1566,-9.2,156.498
1567,-9.2,156.598
1568,-9.2,156.698
1569,-9.2,156.798
1570,-9.2,156.898
1571,-9.2,156.999
1572,-9.2,157.098
1573,-9.2,157.198
1574,-9.2,157.298
1575,-9.2,157.403
1576,-9.2,157.499
1577,-9.2,157.599
1578,-9.2,157.698
1579,-9.2,157.798
1580,-9.2,157.898
1581,-9.2,157.999
1582,-9.6,158.099
1583,-10.4,158.198
1584,-11.8,158.298
1585,-11.8,158.398
1586,-13,158.499
1587,-14.2,158.599
1588,-14.6,158.698
1589,-14.4,158.798
1590,-14.2,158.898
1591,-14.2,158.999
1592,-14,159.098
1593,-13.8,159.199
1594,-13.6,159.298
1595,-13.4,159.398
1596,-13.4,159.499
1597,-13.4,159.598
1598,-13.2,159.698
1599,-13.2,159.798
1600,-13.2,159.898
1601,-13,159.999
1602,-13,160.098
1603,-13,160.198
1604,-13,160.298
1605,-13,160.398
1606,-12.8,160.499
1607,-12.8,160.598
1608,-12.8,160.698
1609,-12.8,160.798
1610,-12.8,160.898
1611,-12.8,160.999
1612,-12.8,161.098
1613,-12.8,161.198
1614,-12.8,161.298
1615,-12.6,161.398
1616,-12.6,161.5
1617,-12.6,161.598
1618,-12.6,161.698
1619,-12.6,161.798
1620,-12.6,161.898
1621,-12.6,161.999
1622,-12.4,162.099
1623,-12.4,162.198
1624,-12.4,162.298
1625,-12.4,162.398
1626,-12.4,162.499
1627,-12.4,162.598
1628,-12.4,162.698
1629,-12.4,162.798
1630,-12.4,162.898
1631,-12.4,162.999
1632,-12.4,163.098
1633,-12.4,163.198
1634,-12.4,163.298
1635,-12.2,163.398
1636,-12.2,163.499
1637,-12.2,163.598
1638,-12.2,163.699
1639,-12.2,163.798
1640,-12.2,163.898
1641,-12.2,163.999
1642,-12.2,164.099
1643,-12.2,164.198
1644,-12.2,164.298
1645,-12.2,164.398
1646,-12.2,164.499
1647,-12.2,164.598
1648,-12.2,164.698
1649,-12.2,164.797
1650,-12.2,164.899
1651,-12.2,164.998
1652,-12.2,165.099
1653,-12,165.198
1654,-12,165.298
1655,-12,165.398
1656,-12,165.499
1657,-12,165.598
1658,-12,165.698
1659,-12,165.799
1660,-12,165.897
1661,-12,165.999
1662,-12,166.098
1663,-12,166.198
1664,-12,166.297
1665,-12,166.397
1666,-12,166.5
1667,-12,166.599
1668,-12,166.698
1669,-12,166.798
1670,-12,166.898
1671,-12,166.999
1672,-12,167.098
1673,-12,167.198
1674,-12,167.298
1675,-12,167.399
1676,-12,167.498
1677,-12,167.598
1678,-12,167.698
1679,-12,167.798
1680,-12,167.898
1681,-11.8,167.999
1682,-11.8,168.098
1683,-11.8,168.198
1684,-11.8,168.298
1685,-11.8,168.398
1686,-11.8,168.499
1687,-11.8,168.598
1688,-11.8,168.698
1689,-11.8,168.798
1690,-11.8,168.898
1691,-11.8,168.999
1692,-11.8,169.098
1693,-11.8,169.198
1694,-11.8,169.298
1695,-11.8,169.398
1696,-11.8,169.499
1697,-11.8,169.598
1698,-11.8,169.698
1699,-11.8,169.798
1700,-11.8,169.898
1701,-11.8,169.998
1702,-11.8,170.097
1703,-11.8,170.198
1704,-11.8,170.297
1705,-11.8,170.398
1706,-11.8,170.499
1707,-11.8,170.597
1708,-11.8,170.698
1709,-11.8,170.798
1710,-11.8,170.898
1711,-11.8,171
1712,-11.8,171.1
1713,-11.8,171.199
1714,-11.8,171.3
1715,-11.8,171.4
1716,-11.8,171.499
1717,-11.8,171.601
1718,-11.8,171.699
1719,-11.8,171.797
1720,-11.8,171.899
1721,-11.8,171.999
1722,-11.8,172.098
1723,-11.8,172.199
1724,-11.8,172.298
1725,-11.8,172.398
1726,-11.6,172.499
1727,-11.6,172.598
1728,-11.6,172.699
1729,-11.6,172.799
1730,-11.6,172.901
1731,-11.6,173
1732,-11.6,173.098
1733,-11.6,173.199
1734,-11.6,173.298
1735,-11.6,173.398
1736,-11.6,173.5
1737,-11.6,173.599
1738,-11.6,173.699
1739,-11.6,173.799
1740,-11.6,173.898
1741,-11.6,173.999
1742,-11.6,174.099
1743,-11.6,174.199
1744,-11.6,174.299
1745,-11.6,174.399
1746,-11.6,174.498
1747,-11.6,174.599
1748,-11.6,174.698
1749,-11.6,174.799
1750,-11.6,174.9
1751,-11.6,175
1752,-11.6,175.1
1753,-11.6,175.198
1754,-11.6,175.299
1755,-11.6,175.399
1756,-11.6,175.498
1757,-11.6,175.599
1758,-11.6,175.699
1759,-11.6,175.799
1760,-11.6,175.898
1761,-11.6,175.999
1762,-11.6,176.098
1763,-11.6,176.198
1764,-11.6,176.298
1765,-11.6,176.398
1766,-11.6,176.5
1767,-11.6,176.598
1768,-11.6,176.699
1769,-11.6,176.799
1770,-11.6,176.898
1771,-11.6,177
1772,-11.6,177.099
1773,-11.6,177.198
1774,-11.6,177.298
1775,-11.6,177.401
1776,-11.6,177.501
1777,-11.6,177.6
1778,-11.6,177.699
1779,-11.4,177.798
1780,-11.4,177.898
1781,-11.4,178
1782,-11.4,178.098
1783,-11.4,178.198
1784,-11.4,178.298
1785,-11.4,178.4
1786,-11.4,178.498
1787,-11.4,178.598
1788,-11.4,178.699
1789,-11.4,178.798
1790,-11.4,178.899
1791,-11.4,179.001
1792,-11.4,179.104
1793,-11.4,179.201
1794,-11.4,179.299
1795,-11.4,179.398
1796,-11.4,179.502
1797,-11.4,179.6
1798,-11.4,179.698
1799,-11.4,179.798
1800,-11.4,179.898
1801,-11.4,180.003
1802,-11.4,180.099
1803,-11.4,180.198
1804,-11.4,180.299
1805,-11.4,180.398
1806,-11.4,180.499
1807,-11.4,180.598
1808,-11.4,180.698
1809,-11.4,180.798
1810,-11.4,180.898
1811,-11.4,180.999
1812,-11.4,181.098
1813,-11.4,181.198
1814,-11.4,181.298
1815,-11.4,181.399
1816,-11.4,181.498
1817,-11.4,181.601
1818,-11.4,181.698
1819,-11.4,181.799
1820,-11.4,181.898
1821,-11.4,181.999
1822,-11.4,182.098
1823,-11.4,182.198
1824,-11.4,182.299
1825,-11.4,182.399
1826,-11.4,182.498
1827,-11.4,182.598
1828,-11.4,182.699
1829,-11.4,182.803
1830,-11.4,182.899
1831,-11.4,182.998
1832,-11.4,183.098
1833,-11.4,183.198
1834,-11.4,183.298
1835,-11.4,183.401
1836,-11.4,183.499
1837,-11.4,183.598
1838,-11.4,183.698
1839,-11.4,183.798
1840,-11.4,183.898
1841,-11.4,183.999
1842,-11.4,184.098
1843,-11.4,184.198
1844,-11.4,184.298
1845,-11.4,184.398
1846,-11.4,184.499
1847,-11.4,184.598
1848,-11.4,184.698
1849,-11.4,184.798
1850,-11.4,184.898
1851,-11.4,184.999
1852,-11.4,185.098
1853,-11.4,185.198
1854,-11.2,185.298
1855,-11.2,185.398
1856,-11.4,185.499
1857,-11.4,185.597
1858,-11.4,185.698
1859,-11.4,185.798
1860,-11.2,185.898
1861,-11.2,185.999
1862,-11.2,186.099
1863,-11.2,186.197
1864,-11.2,186.298
1865,-11.2,186.398
1866,-11.2,186.499
1867,-11.2,186.598
1868,-11.2,186.699
1869,-11.2,186.798
1870,-11.2,186.898
1871,-11.2,186.998
1872,-11.2,187.098
1873,-11.2,187.198
1874,-11.2,187.298
1875,-11.2,187.398
1876,-11.2,187.5
1877,-11.2,187.598
1878,-11.2,187.697
1879,-11.2,187.797
1880,-11.2,187.898
1881,-11.2,187.999
1882,-11.2,188.098
1883,-11.2,188.198
1884,-11.2,188.298
1885,-11.2,188.398
1886,-11.2,188.499
1887,-11.2,188.598
1888,-11.2,188.698
1889,-11.2,188.798
1890,-11.2,188.898
1891,-11.2,188.999
1892,-11.2,189.098
1893,-11.2,189.198
1894,-11.2,189.298
1895,-11.2,189.398
1896,-11.2,189.502
1897,-11.2,189.602
1898,-11.2,189.699
1899,-11.2,189.799
1900,-11.2,189.9
1901,-11.2,189.999
1902,-11.2,190.099
1903,-11.2,190.199
1904,-11.2,190.3
1905,-11.2,190.399
1906,-11.2,190.5
1907,-11.2,190.599
1908,-11.2,190.699
1909,-11.2,190.798
1910,-11.2,190.899
1911,-11.2,190.998
1912,-11.2,191.099
1913,-11.2,191.199
1914,-11.2,191.301
1915,-11.2,191.399
1916,-11.2,191.498
1917,-11.2,191.599
1918,-11.2,191.699
1919,-11.2,191.799
1920,-11.2,191.899
1921,-11.2,191.998
1922,-11.2,192.099
1923,-11.2,192.199
1924,-11.2,192.298
1925,-11.2,192.399
1926,-11.2,192.498
1927,-11.2,192.598
1928,-11.2,192.698
1929,-11.2,192.799
1930,-11.2,192.898
1931,-11.2,192.999
1932,-11.2,193.098
1933,-11.2,193.198
1934,-11.2,193.298
1935,-11.2,193.398
1936,-11.2,193.5
1937,-11.2,193.598
1938,-11.2,193.699
1939,-11.2,193.799
1940,-11.2,193.898
1941,-11.2,194
1942,-11.2,194.099
1943,-11.2,194.199
1944,-11.2,194.298
1945,-11.2,194.399
1946,-11.2,194.499
1947,-11.2,194.599
1948,-11.2,194.699
1949,-11.2,194.799
1950,-11.2,194.899
1951,-11.2,194.999
1952,-11.2,195.098
1953,-11.2,195.198
1954,-11.2,195.299
1955,-11.2,195.399
1956,-11.2,195.498
1957,-11.2,195.599
1958,-11.2,195.699
1959,-11.2,195.798
1960,-11.2,195.898
1961,-11.2,196
1962,-11.2,196.098
1963,-11,196.199
1964,-11,196.299
1965,-11.2,196.398
1966,-11.2,196.5
1967,-11.2,196.599
1968,-11,196.698
1969,-11,196.799
1970,-11,196.899
1971,-11,196.999
1972,-11,197.098
1973,-11,197.199
1974,-11,197.298
1975,-11.2,197.399
1976,-11,197.499
1977,-11,197.599
1978,-11,197.698
1979,-11,197.799
1980,-11,197.899
1981,-11,197.998
1982,-11,198.099
1983,-11,198.198
1984,-11,198.3
1985,-11,198.398
1986,-11,198.499
1987,-11,198.599
1988,-11,198.699
1989,-11,198.799
1990,-11,198.899
1991,-11,198.999
1992,-11,199.099
1993,-11,199.199
1994,-11,199.299
1995,-11,199.399
1996,-11,199.499
1997,-11,199.599
1998,-11,199.699
1999,-11,199.799
2000,-11,199.898
2001,-11,200.001
2002,-11,200.098
2003,-11,200.199
2004,-11,200.298
2005,-11,200.398
2006,-11,200.499
2007,-11,200.599
2008,-11,200.699
2009,-11,200.799
2010,-11,200.901
2011,-11,201.017
2012,-11,201.102
2013,-11,201.199
2014,-11,201.299
2015,-11,201.399
2016,-11,201.498
2017,-11,201.598
2018,-11,201.699
2019,-11,201.799
2020,-11,201.898
2021,-11,201.999
2022,-11,202.098
2023,-11,202.198
2024,-11,202.299
2025,-11,202.398
2026,-11,202.5
2027,-11,202.599
2028,-11,202.698
2029,-11,202.8
2030,-11,202.898
2031,-11,203.001
2032,-11,203.1
2033,-11,203.199
2034,-11,203.298
2035,-11,203.399
2036,-11,203.498
2037,-11,203.6
2038,-11,203.698
2039,-11,203.798
2040,-11,203.899
2041,-11,204
2042,-11,204.099
2043,-11,204.198
2044,-11,204.298
2045,-11,204.399
2046,-11,204.499
2047,-11,204.598
2048,-11,204.699
2049,-11,204.799
2050,-11,204.899
2051,-11,204.999
2052,-11.4,205.099
2053,-12.6,205.199
2054,-12.6,205.298
2055,-13.8,205.398
2056,-14,205.501
2057,-14,205.598
2058,-14,205.699
2059,-13.8,205.799
2060,-13.8,205.898
2061,-13.8,205.999
2062,-13.8,206.098
2063,-13.6,206.198
2064,-13.6,206.298
2065,-13.6,206.398
2066,-13.4,206.499
2067,-13.4,206.598
2068,-13.4,206.699
2069,-13.4,206.798
2070,-13.4,206.898
2071,-13.4,206.998
2072,-13.2,207.098
2073,-13.2,207.198
2074,-13.2,207.299
2075,-13.2,207.398
2076,-13.2,207.5
2077,-13.2,207.599
2078,-13.2,207.699
2079,-13.2,207.799
2080,-13.2,207.899
2081,-13.2,207.999
2082,-13,208.1
2083,-13,208.199
2084,-13,208.301
2085,-13,208.398
2086,-13,208.5
2087,-13,208.599
2088,-13,208.699
2089,-13,208.8
2090,-13,208.899
2091,-13,208.998
2092,-13,209.098
2093,-13,209.198
2094,-13,209.298
2095,-13,209.401
2096,-13,209.499
2097,-12.8,209.6
2098,-12.8,209.698
2099,-12.8,209.798
2100,-12.8,209.898
2101,-12.8,209.999
2102,-12.8,210.098
2103,-12.8,210.198
2104,-12.8,210.299
2105,-12.8,210.398
2106,-12.8,210.501
2107,-12.8,210.598
2108,-12.8,210.699
2109,-12.8,210.799
2110,-12.8,210.898
2111,-12.8,210.999
2112,-12.8,211.098
2113,-12.8,211.198
2114,-12.8,211.298
2115,-12.8,211.398
2116,-12.8,211.498
2117,-12.8,211.598
2118,-12.8,211.698
2119,-12.8,211.799
2120,-12.8,211.901
2121,-12.8,211.999
2122,-12.8,212.098
2123,-12.8,212.198
2124,-12.6,212.298
2125,-12.6,212.398
2126,-12.6,212.507
2127,-12.6,212.604
2128,-12.6,212.699
2129,-12.6,212.799
2130,-12.6,212.898
2131,-12.6,212.999
2132,-12.6,213.098
2133,-12.6,213.197
2134,-12.6,213.298
2135,-12.6,213.398
2136,-12.6,213.499
2137,-12.6,213.597
2138,-12.6,213.698
2139,-12.6,213.798
2140,-12.6,213.898
2141,-12.6,213.999
2142,-12.6,214.097
2143,-12.6,214.198
2144,-12.6,214.298
2145,-12.6,214.398
2146,-12.6,214.499
2147,-12.6,214.597
2148,-12.6,214.698
2149,-12.4,214.798
2150,-12.6,214.898
2151,-12.4,214.998
2152,-12.4,215.098
2153,-12.4,215.198
2154,-12.4,215.298
2155,-12.4,215.398
2156,-12.4,215.498
2157,-12.4,215.598
2158,-12.4,215.699
2159,-12.4,215.798
2160,-12.4,215.898
2161,-12.4,215.998
2162,-12.4,216.098
2163,-12.4,216.198
2164,-12.4,216.299
2165,-12.4,216.398
2166,-12.4,216.499
2167,-12.4,216.599
2168,-12.4,216.698
2169,-12.4,216.799
2170,-12.4,216.898
2171,-12.4,216.998
2172,-12.4,217.098
2173,-12.4,217.198
2174,-12.4,217.298
2175,-12.4,217.398
2176,-12.4,217.5
2177,-12.4,217.599
2178,-12.4,217.698
2179,-12.4,217.798
2180,-12.4,217.897
2181,-12.4,218
2182,-12.4,218.098
2183,-12.4,218.198
2184,-12.4,218.298
2185,-12.4,218.397
2186,-12.4,218.499
2187,-12.4,218.598
2188,-12.4,218.698
2189,-12.4,218.798
2190,-12.4,218.898
2191,-12.4,218.999
2192,-12.4,219.098
2193,-12.4,219.198
2194,-12.4,219.298
2195,-12.2,219.399
2196,-12.2,219.5
2197,-12.2,219.6
2198,-12.2,219.699
2199,-12.2,219.798
2200,-12.2,219.898
2201,-12.2,219.999
2202,-12.2,220.099
2203,-12.2,220.198
2204,-12.2,220.298
2205,-12.2,220.4
2206,-12.2,220.501
2207,-12.2,220.599
2208,-12.2,220.699
2209,-12.2,220.799
2210,-12.2,220.902
2211,-12.2,220.999
2212,-12.2,221.099
2213,-12.2,221.198
2214,-12.2,221.298
2215,-12.2,221.398
2216,-12.2,221.499
2217,-12.2,221.598
2218,-12.2,221.698
2219,-12.2,221.798
2220,-12.2,221.898
2221,-12.2,221.999
2222,-12.2,222.098
2223,-12.2,222.198
2224,-12.2,222.298
2225,-12.2,222.398
2226,-12.2,222.502
2227,-12.2,222.598
2228,-12.2,222.698
2229,-12.2,222.798
2230,-12.2,222.898
2231,-12.2,222.999
2232,-12.2,223.098
2233,-12.2,223.198
2234,-12.2,223.297
2235,-12.2,223.398
2236,-12.2,223.499
2237,-12.2,223.598
2238,-12.2,223.698
2239,-12.2,223.8
2240,-12.2,223.898
2241,-12.2,223.998
2242,-12.2,224.098
2243,-12.2,224.198
2244,-12.2,224.298
2245,-12.2,224.399
2246,-12.2,224.498
2247,-12.2,224.598
2248,-12.2,224.698
2249,-12.2,224.798
2250,-12.2,224.898
2251,-12.2,224.999
2252,-12.2,225.098
2253,-12.2,225.198
2254,-12.2,225.298
2255,-12,225.398
2256,-12,225.499
2257,-12,225.598
2258,-12,225.698
2259,-12,225.798
2260,-12,225.898
2261,-12,225.999
2262,-12,226.098
2263,-12,226.198
2264,-12,226.298
2265,-12,226.398
2266,-12,226.499
2267,-12,226.598
2268,-12,226.697
2269,-12,226.798
2270,-12,226.897
2271,-12,226.999
2272,-12,227.098
2273,-12,227.198
2274,-12,227.298
2275,-12,227.398
2276,-12,227.499
2277,-12,227.6
2278,-12,227.698
2279,-12,227.798
2280,-12,227.898
2281,-12,227.999
2282,-12,228.098
2283,-12,228.198
2284,-12,228.297
2285,-12,228.403
2286,-12,228.501
2287,-12,228.598
2288,-12,228.699
2289,-12,228.798
2290,-12,228.908
2291,-12,229
2292,-12,229.101
2293,-12,229.197
2294,-12,229.298
2295,-12,229.397
2296,-12,229.498
2297,-12,229.597
2298,-12,229.698
2299,-12,229.798
2300,-12,229.898
2301,-12,230.001
2302,-12,230.1
2303,-12,230.199
2304,-12,230.299
2305,-12,230.398
2306,-12,230.501
2307,-12,230.601
2308,-12,230.699
2309,-12,230.799
2310,-12,230.899
2311,-12,230.998
2312,-12,231.098
2313,-12,231.199
2314,-12,231.299
2315,-12,231.399
2316,-12,231.498
2317,-12,231.6
2318,-12,231.699
2319,-12,231.798
2320,-12,231.898
2321,-12,231.999
2322,-12,232.099
2323,-12,232.198
2324,-12,232.298
2325,-12,232.399
2326,-12,232.497
2327,-12,232.6
2328,-12,232.698
2329,-12,232.799
2330,-12,232.9
2331,-12,232.998
2332,-12,233.097
2333,-12,233.199
2334,-12,233.3
2335,-12,233.398
2336,-11.8,233.501
2337,-11.8,233.598
2338,-11.8,233.697
2339,-11.8,233.797
2340,-11.8,233.899
2341,-11.8,233.998
2342,-12,234.099
2343,-12,234.198
2344,-12,234.3
2345,-12,234.4
2346,-12,234.499
2347,-11.8,234.599
2348,-11.8,234.698
2349,-11.8,234.798
2350,-11.8,234.899
2351,-11.8,234.998
2352,-11.8,235.1
2353,-11.8,235.199
2354,-11.8,235.299
2355,-11.8,235.399
2356,-11.8,235.5
2357,-11.8,235.6
2358,-11.8,235.699
2359,-11.8,235.798
2360,-11.8,235.898
2361,-11.8,236
2362,-11.8,236.098
2363,-11.8,236.198
2364,-11.8,236.298
2365,-11.8,236.4
2366,-11.8,236.5
2367,-11.8,236.599
2368,-11.8,236.698
2369,-11.8,236.799
2370,-11.8,236.898
2371,-11.8,237
2372,-11.8,237.098
2373,-11.8,237.198
2374,-11.8,237.299
2375,-11.8,237.398
2376,-11.8,237.498
2377,-11.8,237.597
2378,-11.8,237.698
2379,-11.8,237.798
2380,-11.8,237.898
2381,-11.8,237.999
2382,-11.8,238.102
2383,-11.8,238.201
2384,-11.8,238.298
2385,-11.8,238.4
2386,-11.8,238.498
2387,-11.8,238.598
2388,-11.8,238.698
2389,-11.8,238.798
2390,-11.8,238.9
2391,-11.8,238.998
2392,-11.8,239.098
2393,-11.8,239.198
2394,-11.8,239.298
2395,-11.8,239.398
2396,-11.8,239.501
2397,-11.8,239.598
2398,-11.8,239.698
2399,-11.8,239.798
2400,-11.8,239.899
2401,-11.8,239.998
2402,-11.8,240.099
2403,-11.8,240.199
2404,-11.8,240.3
2405,-11.8,240.399
2406,-11.8,240.5
2407,-11.8,240.6
2408,-11.8,240.699
2409,-11.8,240.8
2410,-11.8,240.9
2411,-11.8,241.001
2412,-11.8,241.099
2413,-11.8,241.198
2414,-11.8,241.299
2415,-11.8,241.398
2416,-11.8,241.5
2417,-11.8,241.599
2418,-11.8,241.699
2419,-11.8,241.798
2420,-11.8,241.9
2421,-11.8,242
2422,-11.8,242.1
2423,-11.8,242.199
2424,-11.8,242.3
2425,-11.8,242.399
2426,-11.8,242.498
2427,-11.8,242.598
2428,-11.8,242.698
2429,-11.8,242.798
2430,-11.8,242.901
2431,-11.8,242.999
2432,-11.8,243.1
2433,-11.8,243.199
2434,-11.8,243.3
2435,-11.8,243.4
2436,-11.8,243.5
2437,-11.8,243.6
2438,-11.8,243.699
2439,-11.8,243.798
2440,-11.8,243.9
2441,-11.8,243.999
2442,-11.8,244.099
2443,-11.8,244.199
2444,-11.8,244.299
2445,-11.8,244.4
2446,-11.8,244.5
2447,-11.8,244.6
2448,-11.8,244.699
2449,-11.8,244.799
2450,-11.8,244.903
2451,-11.8,245.003
2452,-11.8,245.1
2453,-11.8,245.198
2454,-11.8,245.301
2455,-11.8,245.4
2456,-11.8,245.501
2457,-11.8,245.6
2458,-11.8,245.699
2459,-11.8,245.8
2460,-11.8,245.9
2461,-11.8,245.998
2462,-11.8,246.099
2463,-11.8,246.199
2464,-11.8,246.298
2465,-11.8,246.399
2466,-11.8,246.499
2467,-11.8,246.599
2468,-11.8,246.698
2469,-11.8,246.798
2470,-11.8,246.9
2471,-11.8,246.998
2472,-11.8,247.098
2473,-11.8,247.198
2474,-11.8,247.298
2475,-11.8,247.398
2476,-11.8,247.499
2477,-11.8,247.598
2478,-11.8,247.698
2479,-11.8,247.797
2480,-11.8,247.899
2481,-11.8,247.998
2482,-11.8,248.109
2483,-11.8,248.199
2484,-11.8,248.299
2485,-11.6,248.398
2486,-11.8,248.498
2487,-11.6,248.598
2488,-11.6,248.698
2489,-11.6,248.8
2490,-11.8,248.898
2491,-11.6,249.001
2492,-11.6,249.098
2493,-11.8,249.197
2494,-11.8,249.298
2495,-11.6,249.397
2496,-11.8,249.499
2497,-11.8,249.597
2498,-11.6,249.698
2499,-11.8,249.798
2500,-11.8,249.898
2501,-11.6,250
2502,-11.6,250.098
2503,-11.6,250.198
2504,-11.6,250.298
2505,-11.6,250.398
2506,-11.6,250.499
2507,-11.6,250.598
2508,-11.6,250.699
2509,-11.6,250.798
2510,-11.6,250.898
2511,-11.6,250.999
2512,-11.6,251.098
2513,-11.6,251.198
2514,-11.6,251.298
2515,-11.6,251.398
2516,-11.6,251.498
2517,-11.6,251.598
2518,-11.6,251.698
2519,-11.6,251.798
2520,-11.6,251.898
2521,-11.6,251.999
2522,-11.6,252.098
2523,-11.6,252.201
2524,-11.6,252.303
2525,-11.6,252.401
2526,-11.6,252.5
2527,-11.6,252.602
2528,-11.6,252.7
2529,-11.6,252.798
2530,-11.6,252.899
2531,-11.6,252.998
2532,-11.6,253.103
2533,-11.6,253.199
2534,-11.6,253.3
2535,-11.6,253.399
2536,-11.6,253.498
2537,-11.6,253.599
2538,-11.6,253.698
2539,-11.6,253.798
2540,-11.6,253.901
2541,-11.6,253.999
2542,-11.6,254.098
2543,-11.6,254.199
2544,-11.6,254.299
2545,-11.6,254.399
2546,-11.6,254.499
2547,-11.6,254.598
2548,-11.6,254.698
2549,-11.6,254.798
2550,-11.6,254.898
2551,-11.6,254.999
2552,-11.6,255.099
2553,-11.4,255.198
2554,-11,255.298
2555,-10.4,255.398
2556,-9.8,255.499
2557,-9,255.598
2558,-9,255.699
2559,-8.4,255.799
2560,-7.8,255.898
2561,-7.8,255.999
2562,-7.8,256.099
2563,-7.8,256.198
2564,-7.8,256.298
2565,-7.8,256.399
2566,-7.8,256.498
2567,-7.8,256.599
2568,-7.8,256.699
2569,-7.8,256.798
2570,-7.8,256.898
2571,-7.8,256.999
2572,-7.8,257.098
2573,-8,257.2
2574,-8,257.298
2575,-8,257.398
2576,-8,257.502
2577,-8,257.603
2578,-8,257.7
2579,-8,257.799
2580,-8,257.898
2581,-8,258
2582,-8,258.098
2583,-8,258.198
2584,-8,258.3
2585,-8,258.398
2586,-8,258.499
2587,-8,258.6
2588,-8,258.7
2589,-8,258.799
2590,-8,258.898
2591,-8,258.999
2592,-8,259.098
2593,-8,259.198
2594,-8,259.298
2595,-8,259.398
2596,-8,259.499
2597,-8,259.598
2598,-8,259.698
2599,-8,259.798
2600,-8.2,259.898
2601,-8.2,259.999
2602,-8.2,260.098
2603,-8.2,260.198
2604,-8.2,260.298
2605,-8.2,260.4
2606,-8.2,260.498
2607,-8.2,260.598
2608,-8.2,260.698
2609,-8.2,260.798
2610,-8.2,260.898
2611,-8.2,261.001
2612,-8.2,261.098
2613,-8.2,261.198
2614,-8.2,261.298
2615,-8.2,261.398
2616,-8.2,261.499
2617,-8.2,261.597
2618,-8.2,261.698
2619,-8.2,261.798
2620,-8.2,261.897
2621,-8.2,261.999
2622,-8.2,262.098
2623,-8.2,262.198
2624,-8.2,262.302
2625,-8.2,262.399
2626,-8.2,262.498
2627,-8.2,262.603
2628,-8.2,262.699
2629,-8.2,262.798
2630,-8.2,262.898
2631,-8.2,262.999
2632,-8.2,263.101
2633,-8.2,263.198
2634,-8.2,263.299
2635,-8.2,263.4
2636,-8.2,263.497
2637,-8.2,263.598
2638,-8.2,263.7
2639,-8.2,263.798
2640,-8.2,263.898
2641,-8.2,263.999
2642,-8.2,264.099
2643,-8.2,264.198
2644,-8.2,264.298
2645,-8.2,264.397
2646,-8.2,264.52
2647,-8.2,264.604
2648,-8.2,264.699
2649,-8.2,264.798
2650,-8.2,264.897
2651,-8.2,265
2652,-8.2,265.099
2653,-8.2,265.198
2654,-8.2,265.298
2655,-8.2,265.398
2656,-8.2,265.499
2657,-8.2,265.6
2658,-8.2,265.698
2659,-8.2,265.798
2660,-8.2,265.898
2661,-8.2,265.999
2662,-8.2,266.098
2663,-8.2,266.198
2664,-8.2,266.298
2665,-8.2,266.398
2666,-8.2,266.499
2667,-8.2,266.598
2668,-8.2,266.698
2669,-8.2,266.798
2670,-8.2,266.898
2671,-8.2,266.999
2672,-8.2,267.098
2673,-8.2,267.198
2674,-8.2,267.298
2675,-8.2,267.398
2676,-8.2,267.499
2677,-8.2,267.598
2678,-8.2,267.698
2679,-8.2,267.798
2680,-8.2,267.898
2681,-8.2,268
2682,-8.2,268.101
2683,-8.2,268.198
2684,-8.2,268.298
2685,-8.2,268.399
2686,-8.2,268.498
2687,-8.2,268.598
2688,-8.2,268.698
2689,-8.2,268.799
2690,-8.2,268.898
2691,-8.2,269
2692,-8.2,269.101
2693,-8.2,269.198
2694,-8.2,269.299
2695,-8.2,269.398
2696,-8.2,269.5
2697,-8.2,269.598
2698,-8.2,269.698
2699,-8.2,269.798
2700,-8.2,269.899
2701,-8.4,269.998
2702,-8.2,270.098
2703,-8.2,270.198
2704,-8.2,270.298
2705,-8.2,270.398
2706,-8.2,270.5
2707,-8.4,270.598
2708,-8.4,270.699
2709,-8.4,270.799
2710,-8.4,270.898
2711,-8.4,271.001
2712,-8.4,271.099
2713,-8.4,271.198
2714,-8.4,271.299
2715,-8.4,271.399
2716,-8.4,271.498
2717,-8.4,271.598
2718,-8.4,271.698
2719,-8.4,271.797
2720,-8.4,271.898
2721,-8.4,271.999
2722,-8.4,272.098
2723,-8.4,272.198
2724,-8.4,272.301
2725,-8.4,272.399
2726,-8.4,272.498
2727,-8.4,272.598
2728,-8.4,272.699
2729,-8.4,272.798
2730,-8.4,272.898
2731,-8.4,272.999
2732,-8.4,273.098
2733,-8.4,273.197
2734,-8.4,273.298
2735,-8.4,273.398
2736,-8.4,273.499
2737,-8.4,273.598
2738,-8.4,273.698
2739,-8.4,273.798
2740,-8.4,273.898
2741,-8.4,273.999
2742,-8.4,274.098
2743,-8.4,274.199
2744,-8.4,274.301
2745,-8.4,274.398
2746,-8.4,274.499
2747,-8.4,274.598
2748,-8.4,274.698
2749,-8.4,274.797
2750,-8.4,274.898
2751,-8.4,274.998
2752,-8.4,275.099
2753,-8.4,275.2
2754,-8.4,275.301
2755,-8.4,275.4
2756,-8.4,275.498
2757,-8.4,275.6
2758,-8.4,275.699
2759,-8.4,275.799
2760,-8.4,275.898
2761,-8.4,276
2762,-8.4,276.098
2763,-8.4,276.198
2764,-8.4,276.298
2765,-8.4,276.398
2766,-8.4,276.497
2767,-8.4,276.597
2768,-8.4,276.698
2769,-8.4,276.798
2770,-8.4,276.898
2771,-8.4,277
2772,-8.4,277.098
2773,-8.4,277.198
2774,-8.4,277.299
2775,-8.4,277.398
2776,-8.4,277.502
2777,-8.4,277.6
2778,-8.4,277.7
2779,-8.4,277.799
2780,-8.4,277.899
2781,-8.4,277.999
2782,-8.4,278.099
2783,-8.4,278.199
2784,-8.4,278.298
2785,-8.4,278.402
2786,-8.4,278.5
2787,-8.4,278.599
2788,-8.4,278.699
2789,-8.4,278.798
2790,-8.4,278.898
2791,-8.4,279.001
2792,-8.4,279.099
2793,-8.4,279.199
2794,-8.4,279.298
2795,-8.4,279.398
2796,-8.4,279.499
2797,-8.4,279.598
2798,-8.4,279.698
2799,-8.4,279.799
2800,-8.4,279.898
2801,-8.4,279.999
2802,-8.4,280.098
2803,-8.4,280.198
2804,-8.4,280.298
2805,-8.4,280.399
2806,-8.4,280.498
2807,-8.4,280.599
2808,-8.4,280.698
2809,-8.4,280.798
2810,-8.4,280.898
2811,-8.4,281
2812,-8.4,281.099
2813,-8.4,281.199
2814,-8.4,281.299
2815,-8.4,281.399
2816,-8.4,281.498
2817,-8.4,281.6
2818,-8.4,281.701
2819,-8.4,281.8
2820,-8.4,281.898
2821,-8.4,281.999
2822,-8.4,282.1
2823,-8.4,282.198
2824,-8.4,282.298
2825,-8.4,282.398
2826,-8.4,282.498
2827,-8.4,282.598
2828,-8.4,282.698
2829,-8.4,282.798
2830,-8.4,282.898
2831,-8.4,282.999
2832,-8.4,283.098
2833,-8.4,283.198
2834,-8.4,283.299
2835,-8.4,283.399
2836,-8.4,283.498
2837,-8.4,283.598
2838,-8.4,283.699
2839,-8.4,283.798
2840,-8.4,283.899
2841,-8.4,283.999
2842,-8.4,284.099
2843,-8.4,284.199
2844,-8.4,284.299
2845,-8.4,284.399
2846,-8.4,284.498
2847,-8.4,284.598
2848,-8.4,284.698
2849,-8.4,284.798
2850,-8.4,284.899
2851,-8.4,285.001
2852,-8.4,285.1
2853,-8.4,285.2
2854,-8.4,285.301
2855,-8.4,285.399
2856,-8.4,285.501
2857,-8.4,285.599
2858,-8.4,285.699
2859,-8.4,285.798
2860,-8.4,285.898
2861,-8.4,285.999
2862,-8.4,286.098
2863,-8.4,286.198
2864,-8.4,286.298
2865,-8.4,286.398
2866,-8.4,286.498
2867,-8.4,286.598
2868,-8.4,286.699
2869,-8.4,286.8
2870,-8.4,286.899
2871,-8.4,286.998
2872,-8.4,287.098
2873,-8.4,287.198
2874,-8.4,287.299
2875,-8.4,287.398
2876,-8.4,287.5
2877,-8.4,287.6
2878,-8.4,287.698
2879,-8.4,287.799
2880,-8.4,287.898
2881,-8.4,287.999
2882,-8.4,288.098
2883,-8.4,288.198
2884,-8.4,288.298
2885,-8.4,288.401
2886,-8.4,288.5
2887,-8.4,288.599
2888,-8.4,288.698
2889,-8.4,288.799
2890,-8.4,288.9
2891,-8.4,288.998
2892,-8.4,289.098
2893,-8.4,289.199
2894,-8.4,289.298
2895,-8.4,289.398
2896,-8.4,289.499
2897,-8.4,289.598
2898,-8.4,289.698
2899,-8.4,289.798
2900,-8.4,289.899
2901,-8.4,289.998
2902,-8.4,290.099
2903,-8.4,290.199
2904,-8.4,290.301
2905,-8.4,290.398
2906,-8.4,290.499
2907,-8.4,290.598
2908,-8.4,290.698
2909,-8.4,290.799
2910,-8.4,290.898
2911,-8.4,291
2912,-8.4,291.098
2913,-8.4,291.199
2914,-8.4,291.298
2915,-8.4,291.399
2916,-8.4,291.499
2917,-8.4,291.598
2918,-8.4,291.698
2919,-8.4,291.798
2920,-8.4,291.9
2921,-8.4,292
2922,-8.4,292.097
2923,-8.4,292.203
2924,-8.4,292.303
2925,-8.4,292.399
2926,-8.4,292.498
2927,-8.4,292.599
2928,-8.4,292.699
2929,-8.4,292.798
2930,-8.4,292.898
2931,-8.4,292.999
2932,-8.4,293.098
2933,-8.4,293.199
2934,-8.4,293.3
2935,-8.4,293.398
2936,-8.4,293.503
2937,-8.4,293.6
2938,-8.4,293.699
2939,-8.4,293.798
2940,-8.4,293.899
2941,-8.4,293.998
2942,-8.4,294.098
2943,-8.4,294.198
2944,-8.4,294.298
2945,-8.4,294.397
2946,-8.4,294.499
2947,-8.4,294.598
2948,-8.4,294.698
2949,-8.4,294.798
2950,-8.4,294.899
2951,-8.4,294.998
2952,-8.4,295.098
2953,-8.4,295.198
2954,-8.4,295.298
2955,-8.4,295.398
2956,-8.4,295.499
2957,-8.4,295.598
2958,-8.4,295.698
2959,-8.4,295.798
2960,-8.4,295.898
2961,-8.4,295.999
2962,-8.4,296.098
2963,-8.4,296.198
2964,-8.4,296.298
2965,-8.4,296.397
2966,-8.4,296.499
2967,-8.4,296.598
2968,-8.4,296.698
2969,-8.4,296.798
2970,-8.4,296.898
2971,-8.4,296.999
2972,-8.4,297.1
2973,-8.4,297.198
2974,-8.4,297.298
2975,-8.4,297.398
2976,-8.4,297.501
2977,-8.4,297.599
2978,-8.4,297.698
2979,-8.4,297.798
2980,-8.4,297.902
2981,-8.4,298.001
2982,-8.4,298.1
2983,-8.4,298.199
2984,-8.4,298.3
2985,-8.4,298.402
2986,-8.4,298.5
2987,-8.4,298.599
2988,-8.4,298.699
2989,-8.4,298.8
2990,-8.4,298.901
2991,-8.4,299
2992,-8.4,299.101
2993,-8.4,299.2
2994,-8.4,299.3
2995,-8.4,299.4
2996,-8.4,299.5
2997,-8.4,299.602
2998,-8.4,299.7
2999,-8.4,299.8
3000,-8.4,299.899
3001,-8.4,300
3002,-8.4,300.101
3003,-8.4,300.2
3004,-8.4,300.299
3005,-8.4,300.399
3006,-8.4,300.502
3007,-8.4,300.601
3008,-8.4,300.699
3009,-8.4,300.8
3010,-8.4,300.899
3011,-8.4,301
3012,-8.4,301.099
3013,-8.4,301.199
3014,-8.4,301.299
3015,-8.4,301.401
3016,-8.4,301.499
3017,-8.4,301.598
3018,-8.4,301.698
3019,-8.4,301.801
3020,-8.4,301.899
3021,-8.4,301.999
3022,-8.4,302.099
3023,-8.4,302.199
3024,-8.4,302.298
3025,-8.4,302.398
3026,-8.4,302.5
3027,-8.4,302.599
3028,-8.4,302.698
3029,-8.4,302.798
3030,-8.4,302.898
3031,-8.4,302.999
3032,-8.4,303.099
3033,-8.4,303.199
3034,-8.4,303.298
3035,-8.4,303.4
3036,-8.4,303.5
3037,-8.4,303.599
3038,-8.4,303.699
3039,-8.4,303.8
3040,-8.4,303.898
3041,-8.4,304
3042,-8.4,304.099
3043,-8.4,304.199
3044,-8.4,304.299
3045,-8.4,304.398
3046,-8.4,304.502
3047,-8.4,304.6
3048,-8.4,304.699
3049,-8.4,304.799
3050,-8.4,304.899
3051,-8.4,304.998
3052,-8.4,305.098
3053,-8.4,305.198
3054,-8.4,305.299
3055,-8.4,305.398
3056,-8.4,305.5
3057,-8.4,305.599
3058,-8.4,305.699
3059,-8.4,305.799
3060,-8.4,305.898
3061,-8.4,306
3062,-8.4,306.099
3063,-8.4,306.199
3064,-8.4,306.299
3065,-8.4,306.399
3066,-8.4,306.499
3067,-8.4,306.598
3068,-8.4,306.698
3069,-8.4,306.798
3070,-8.4,306.9
3071,-8.4,306.999
3072,-8.4,307.098
3073,-8.4,307.198
3074,-8.4,307.299
3075,-8.4,307.399
3076,-8.4,307.499
3077,-8.4,307.599
3078,-8.4,307.699
3079,-8.4,307.798
3080,-8.4,307.898
3081,-8.4,307.999
3082,-8.4,308.098
3083,-8.4,308.199
3084,-8.4,308.299
3085,-8.4,308.398
3086,-8.4,308.499
3087,-8.4,308.598
3088,-8.4,308.698
3089,-8.4,308.8
3090,-8.4,308.898
3091,-8.4,309
3092,-8.4,309.099
3093,-8.4,309.198
3094,-8.4,309.298
3095,-8.4,309.398
3096,-8.4,309.499
3097,-8.4,309.598
3098,-8.4,309.698
3099,-8.4,309.799
3100,-8.4,309.899
3101,-8.4,309.999
3102,-8.4,310.098
3103,-8.4,310.198
3104,-8.4,310.298
3105,-8.4,310.398
3106,-8.4,310.499
3107,-8.4,310.599
3108,-8.4,310.705
3109,-8.4,310.801
3110,-8.4,310.898
3111,-8.4,310.999
3112,-8.4,311.098
3113,-8.4,311.199
3114,-8.4,311.298
3115,-8.4,311.398
3116,-8.4,311.499
3117,-8.4,311.597
3118,-8.4,311.698
3119,-8.4,311.798
3120,-8.4,311.898
3121,-8.4,311.999
3122,-8.4,312.1
3123,-8.4,312.198
3124,-8.4,312.298
3125,-8.4,312.406
3126,-8.4,312.499
3127,-8.4,312.599
3128,-8.4,312.698
3129,-8.4,312.798
3130,-8.4,312.899
3131,-8.4,312.998
3132,-8.4,313.098
3133,-8.4,313.198
3134,-8.4,313.298
3135,-8.4,313.405
3136,-8.4,313.499
3137,-8.4,313.598
3138,-8.4,313.698
3139,-8.4,313.798
3140,-8.4,313.898
3141,-8.4,313.999
3142,-8.4,314.098
3143,-8.4,314.197
3144,-8.4,314.297
3145,-8.4,314.398
3146,-8.4,314.498
3147,-8.4,314.602
3148,-8.4,314.698
3149,-8.4,314.798
3150,-8.4,314.898
3151,-8.4,314.999
3152,-8.4,315.099
3153,-8.4,315.198
3154,-8.2,315.299
3155,-7.6,315.398
3156,-6.8,315.499
3157,-6,315.598
3158,-5.6,315.698
3159,-5.6,315.798
3160,-5.4,315.898
3161,-5.4,316.001
3162,-5.4,316.098
3163,-5.4,316.198
3164,-5.4,316.298
3165,-5.4,316.398
3166,-5.4,316.499
3167,-5.6,316.598
3168,-5.6,316.698
3169,-5.6,316.798
3170,-5.6,316.898
3171,-5.6,316.999
3172,-5.6,317.098
3173,-5.6,317.198
3174,-5.6,317.298
3175,-5.6,317.397
3176,-5.6,317.499
3177,-5.6,317.598
3178,-5.6,317.698
3179,-5.6,317.799
3180,-5.6,317.899
3181,-5.6,317.999
3182,-5.6,318.098
3183,-5.6,318.198
3184,-5.6,318.299
3185,-5.8,318.398
3186,-5.8,318.499
3187,-5.8,318.598
3188,-5.8,318.698
3189,-5.8,318.798
3190,-5.8,318.899
3191,-5.8,318.998
3192,-5.8,319.098
3193,-5.8,319.198
3194,-5.8,319.298
3195,-5.8,319.398
3196,-5.8,319.5
3197,-5.8,319.6
3198,-5.8,319.699
3199,-5.8,319.798
3200,-5.8,319.898
3201,-5.8,320.001
3202,-5.8,320.098
3203,-5.8,320.199
3204,-5.8,320.298
3205,-5.8,320.398
3206,-5.8,320.498
3207,-5.8,320.598
3208,-5.8,320.698
3209,-5.8,320.797
3210,-5.8,320.898
3211,-5.8,321
3212,-5.8,321.098
3213,-5.8,321.199
3214,-5.8,321.298
3215,-5.8,321.399
3216,-5.8,321.498
3217,-5.8,321.598
3218,-5.8,321.698
3219,-5.8,321.798
3220,-5.8,321.898
3221,-5.8,321.999
3222,-5.8,322.099
3223,-5.8,322.198
3224,-5.8,322.298
3225,-5.8,322.399
3226,-5.8,322.498
3227,-5.8,322.598
3228,-5.8,322.698
3229,-5.8,322.798
3230,-5.8,322.9
3231,-5.8,322.998
3232,-6,323.099
3233,-5.8,323.198
3234,-5.8,323.298
3235,-5.8,323.399
3236,-6,323.498
3237,-6,323.598
3238,-6,323.698
3239,-6,323.798
3240,-6,323.899
3241,-6,323.998
3242,-6,324.098
3243,-6,324.199
3244,-6,324.298
3245,-6,324.398
3246,-6,324.499
3247,-6,324.598
3248,-6,324.698
3249,-6,324.799
3250,-6,324.898
3251,-6,324.999
3252,-6,325.098
3253,-6,325.198
3254,-6,325.298
3255,-6,325.398
3256,-6,325.499
3257,-6,325.598
3258,-6,325.697
3259,-6,325.798
3260,-6,325.898
3261,-6,325.998
3262,-6,326.098
3263,-6,326.198
3264,-6,326.298
3265,-6,326.398
3266,-6,326.499
3267,-6,326.598
3268,-6,326.698
3269,-6,326.798
3270,-6,326.897
3271,-6,326.999
3272,-6,327.098
3273,-6,327.198
3274,-6,327.298
3275,-6,327.398
3276,-6,327.499
3277,-6,327.598
3278,-6,327.698
3279,-6,327.798
3280,-6,327.898
3281,-6,327.999
3282,-6,328.098
3283,-6,328.198
3284,-6,328.298
3285,-6,328.398
3286,-6,328.499
3287,-6,328.598
3288,-6,328.698
3289,-6,328.798
3290,-6,328.898
3291,-6,328.999
3292,-6,329.097
3293,-6,329.198
3294,-6,329.298
3295,-6,329.398
3296,-6,329.499
3297,-6,329.598
3298,-6,329.698
3299,-6,329.798
3300,-6,329.897
3301,-6,329.999
3302,-6,330.098
3303,-6,330.198
3304,-6,330.298
3305,-6,330.398
3306,-6,330.499
3307,-6,330.6
3308,-6,330.698
3309,-6,330.798
3310,-6,330.898
3311,-6,330.999
3312,-6,331.098
3313,-6,331.197
3314,-6,331.298
3315,-6,331.398
3316,-6,331.498
3317,-6,331.598
3318,-6,331.699
3319,-6,331.799
3320,-6,331.903
3321,-6,332.002
3322,-6,332.101
3323,-6,332.2
3324,-6,332.3
3325,-6,332.398
3326,-6,332.498
3327,-6,332.598
3328,-6,332.698
3329,-6,332.799
3330,-6,332.899
3331,-6,332.998
3332,-6,333.097
3333,-6,333.199
3334,-6,333.3
3335,-6,333.401
3336,-6,333.5
3337,-6,333.599
3338,-6,333.698
3339,-6,333.8
3340,-6,333.898
3341,-6,334.001
3342,-6,334.099
3343,-6,334.199
3344,-6,334.299
3345,-6,334.398
3346,-6,334.5
3347,-6,334.598
3348,-6,334.699
3349,-6,334.798
3350,-6,334.899
3351,-6,334.998
3352,-6,335.098
3353,-6,335.198
3354,-6,335.297
3355,-6,335.398
3356,-6,335.498
3357,-6,335.598
3358,-6,335.698
3359,-6,335.798
3360,-6,335.897
3361,-6,335.999
3362,-6,336.099
3363,-6,336.198
3364,-6,336.298
3365,-6,336.398
3366,-6,336.498
3367,-6,336.598
3368,-6,336.697
3369,-6,336.798
3370,-6,336.898
3371,-6,337
3372,-6,337.098
3373,-6,337.197
3374,-6,337.298
3375,-6,337.398
3376,-6,337.498
3377,-6,337.598
3378,-6,337.698
3379,-6,337.798
3380,-6,337.901
3381,-6,338.001
3382,-6,338.099
3383,-6,338.198
3384,-6,338.299
3385,-6,338.399
3386,-6,338.501
3387,-6,338.599
3388,-6,338.699
3389,-6,338.8
3390,-6,338.899
3391,-6,339
3392,-6,339.099
3393,-6,339.2
3394,-6,339.298
3395,-6,339.398
3396,-6,339.499
3397,-6,339.604
3398,-6,339.702
3399,-6,339.8
3400,-6,339.898
3401,-6.2,339.999
3402,-6.2,340.098
3403,-6,340.198
3404,-6.2,340.298
3405,-6.2,340.398
3406,-6.2,340.498
3407,-6.2,340.598
3408,-6.2,340.7
3409,-6.2,340.803
3410,-6.2,340.9
3411,-6.2,341
3412,-6.2,341.1
3413,-6.2,341.202
3414,-6.2,341.304
3415,-6.2,341.401
3416,-6.2,341.502
3417,-6.2,341.599
3418,-6.2,341.699
3419,-6.2,341.8
3420,-6.2,341.901
3421,-6.2,342.003
3422,-6.2,342.101
3423,-6.2,342.198
3424,-6.2,342.3
3425,-6.2,342.401
3426,-6.2,342.498
3427,-6.2,342.598
3428,-6.2,342.699
3429,-6.2,342.803
3430,-6.2,342.902
3431,-6.2,343.002
3432,-6.2,343.1
3433,-6.2,343.198
3434,-6.2,343.299
3435,-6.2,343.399
3436,-6.2,343.498
3437,-6.2,343.6
3438,-6.2,343.7
3439,-6.2,343.799
3440,-6.2,343.901
3441,-6.2,343.999
3442,-6.2,344.102
3443,-6.2,344.198
3444,-6.2,344.298
3445,-6.2,344.397
3446,-6.2,344.499
3447,-6.2,344.598
3448,-6.2,344.698
3449,-6.2,344.799
3450,-6.2,344.9
3451,-6.2,345.001
3452,-6.2,345.101
3453,-6.2,345.2
3454,-6.2,345.298
3455,-6.2,345.4
3456,-6.2,345.499
3457,-6.2,345.598
3458,-6.2,345.699
3459,-6.2,345.799
3460,-6.2,345.898
3461,-6.2,345.999
3462,-6.2,346.099
3463,-6.2,346.199
3464,-6.2,346.3
3465,-6.2,346.398
3466,-6.2,346.498
3467,-6.2,346.598
3468,-6.2,346.698
3469,-6.2,346.798
3470,-6.2,346.898
3471,-6.2,347.003
3472,-6.2,347.099
3473,-6.2,347.198
3474,-6.2,347.299
3475,-6.2,347.398
3476,-6.2,347.499
3477,-6.2,347.599
3478,-6.2,347.7
3479,-6.2,347.799
3480,-6.2,347.901
3481,-6.2,348.001
3482,-6.2,348.099
3483,-6.2,348.198
3484,-6.2,348.3
3485,-6.2,348.399
3486,-6.2,348.498
3487,-6.2,348.598
3488,-6.2,348.699
3489,-6.2,348.799
3490,-6.2,348.898
3491,-6.2,348.998
3492,-6.2,349.098
3493,-6.2,349.199
3494,-6.2,349.3
3495,-6.2,349.399
3496,-6.2,349.499
3497,-6.2,349.601
3498,-6.2,349.699
3499,-6.2,349.8
3500,-6.2,349.9
3501,-6.2,349.999
3502,-6.2,350.101
3503,-6.2,350.199
3504,-6.2,350.302
3505,-6.2,350.402
3506,-6.2,350.5
3507,-6.2,350.601
3508,-6.2,350.699
3509,-6.2,350.799
3510,-6.2,350.898
3511,-6.2,351
3512,-6.2,351.099
3513,-6.2,351.198
3514,-6.2,351.298
3515,-6.2,351.398
3516,-6.2,351.499
3517,-6.2,351.599
3518,-6.2,351.698
3519,-6.2,351.798
3520,-6.2,351.899
3521,-6.2,352.002
3522,-6.2,352.101
3523,-6.2,352.199
3524,-6.2,352.298
3525,-6.2,352.399
3526,-6.2,352.498
3527,-6.2,352.599
3528,-6.2,352.698
3529,-6.2,352.799
3530,-6.2,352.899
3531,-6.2,352.998
3532,-6.2,353.099
3533,-6.2,353.208
3534,-6.2,353.301
3535,-6.2,353.398
3536,-6.2,353.499
3537,-6.2,353.598
3538,-6.2,353.699
3539,-6.2,353.798
3540,-6.2,353.898
3541,-6.2,354
3542,-6.2,354.101
3543,-6.2,354.199
3544,-6.2,354.3
3545,-6.2,354.401
3546,-6.2,354.5
3547,-6.2,354.611
3548,-6.2,354.699
3549,-6.2,354.8
3550,-6.2,354.899
3551,-6.2,354.999
3552,-6.2,355.099
3553,-6.2,355.198
3554,-6.2,355.298
3555,-6.2,355.398
3556,-6.2,355.499
3557,-6.2,355.597
3558,-6.2,355.698
3559,-6.2,355.797
3560,-6.2,355.898
3561,-6.2,355.999
3562,-6.2,356.098
3563,-6.2,356.198
3564,-6.2,356.299
3565,-6.2,356.398
3566,-6.2,356.501
3567,-6.2,356.6
3568,-6.2,356.698
3569,-6.2,356.799
3570,-6.2,356.898
3571,-6.2,356.999
3572,-6.2,357.098
3573,-6.2,357.198
3574,-6.2,357.298
3575,-6.2,357.397
3576,-6.2,357.499
3577,-6.2,357.597
3578,-6.2,357.698
3579,-6.2,357.799
3580,-6.2,357.897
3581,-6.2,358
3582,-6.2,358.098
3583,-6.2,358.199
3584,-6.2,358.299
3585,-6.2,358.399
3586,-6.2,358.499
3587,-6.2,358.599
3588,-6.2,358.698
3589,-6.2,358.798
3590,-6.2,358.898
3591,-6.2,358.999
3592,-6.2,359.098
3593,-6.2,359.198
3594,-6.2,359.298
3595,-6.2,359.398
3596,-6.2,359.499
3597,-6.2,359.598
3598,-6.2,359.698
3599,-6.2,359.798
3600,-6.2,359.898
3601,-6.2,359.999
3602,-6.2,360.098
3603,-6.2,360.198
3604,-6.2,360.297
3605,-6.2,360.398
3606,-6.2,360.498
3607,-6.2,360.598
3608,-6.2,360.697
3609,-6.2,360.797
3610,-6.2,360.898
3611,-6.2,360.999
3612,-6.2,361.098
3613,-6.2,361.198
3614,-6.2,361.298
3615,-6.2,361.399
3616,-6.2,361.498
3617,-6.2,361.598
3618,-6.2,361.698
3619,-6.2,361.798
3620,-6.2,361.897
3621,-6.2,361.999
3622,-6.2,362.098
3623,-6.2,362.198
3624,-6.2,362.298
3625,-6.2,362.398
3626,-6.2,362.499
3627,-6.2,362.598
3628,-6.2,362.698
3629,-6.2,362.798
3630,-6.2,362.898
3631,-6.2,362.999
3632,-6.2,363.1
3633,-6.2,363.197
3634,-6.6,363.298
3635,-7,363.398
3636,-7.8,363.499
3637,-8.2,363.599
3638,-8.4,363.698
3639,-8.4,363.798
3640,-8.4,363.899
3641,-8,363.999
3642,-7,364.099
3643,-5.6,364.198
3644,-4.6,364.298
3645,-4.6,364.399
3646,-4,364.498
3647,-3.8,364.598
3648,-3.8,364.698
3649,-3.8,364.798
3650,-3.8,364.898
3651,-3.8,364.999
3652,-3.8,365.099
3653,-4,365.198
3654,-4,365.298
3655,-4,365.398
3656,-4,365.499
3657,-4,365.598
3658,-4,365.698
3659,-4,365.798
3660,-4,365.898
3661,-4,365.999
3662,-4,366.098
3663,-4,366.198
3664,-4,366.298
3665,-4,366.398
3666,-4,366.499
3667,-4,366.598
3668,-4,366.698
3669,-4,366.798
3670,-4,366.899
3671,-4.2,366.999
3672,-4.2,367.098
3673,-4.2,367.198
3674,-4.2,367.298
3675,-4.2,367.398
3676,-4.2,367.499
3677,-4.2,367.597
3678,-4.2,367.698
3679,-4.2,367.798
3680,-4.2,367.898
3681,-4.2,367.999
3682,-4.2,368.098
3683,-4.2,368.198
3684,-4.2,368.298
3685,-4.2,368.398
3686,-4.2,368.499
3687,-4.2,368.598
3688,-4.2,368.698
3689,-4.2,368.8
3690,-4.2,368.899
3691,-4.2,368.998
3692,-4.2,369.099
3693,-4.2,369.198
3694,-4.2,369.297
3695,-4.2,369.398
3696,-4.2,369.499
3697,-4.2,369.598
3698,-4.2,369.699
3699,-4.2,369.798
3700,-4.2,369.898
3701,-4.2,369.999
3702,-4.2,370.098
3703,-4.2,370.198
3704,-4.2,370.298
3705,-4.2,370.398
3706,-4.2,370.499
3707,-4.2,370.6
3708,-4.2,370.698
3709,-4.2,370.798
3710,-4.2,370.898
3711,-4.2,370.999
3712,-4.2,371.098
3713,-4.2,371.198
3714,-4.2,371.299
3715,-4.2,371.399
3716,-4.2,371.5
3717,-4.2,371.598
3718,-4.2,371.699
3719,-4.2,371.799
3720,-4.2,371.902
3721,-4.2,372
3722,-4.2,372.099
3723,-4.2,372.199
3724,-4.2,372.3
3725,-4.2,372.399
3726,-4.4,372.499
3727,-4.2,372.598
3728,-4.4,372.698
3729,-4.4,372.797
3730,-4.4,372.898
3731,-4.4,372.999
3732,-4.4,373.114
3733,-4.4,373.197
3734,-4.4,373.3
3735,-4.4,373.399
3736,-4.4,373.499
3737,-4.4,373.6
3738,-4.4,373.698
3739,-4.4,373.798
3740,-4.4,373.899
3741,-4.4,373.999
3742,-4.4,374.098
3743,-4.4,374.199
3744,-4.4,374.298
3745,-4.4,374.398
3746,-4.4,374.5
3747,-4.4,374.599
3748,-4.4,374.699
3749,-4.4,374.798
3750,-4.4,374.899
3751,-4.4,374.998
3752,-4.4,375.099
3753,-4.4,375.198
3754,-4.4,375.299
3755,-4.4,375.399
3756,-4.4,375.498
3757,-4.4,375.599
3758,-4.4,375.699
3759,-4.4,375.798
3760,-4.4,375.899
3761,-4.4,375.998
3762,-4.4,376.098
3763,-4.4,376.198
3764,-4.4,376.301
3765,-4.4,376.398
3766,-4.4,376.5
3767,-4.4,376.598
3768,-4.4,376.699
3769,-4.4,376.799
3770,-4.4,376.898
3771,-4.4,376.999
3772,-4.4,377.099
3773,-4.4,377.198
3774,-4.4,377.3
3775,-4.4,377.399
3776,-4.4,377.499
3777,-4.4,377.6
3778,-4.4,377.704
3779,-4.4,377.8
3780,-4.4,377.902
3781,-4.4,378
3782,-4.4,378.1
3783,-4.4,378.199
3784,-4.4,378.299
3785,-4.4,378.4
3786,-4.4,378.5
3787,-4.4,378.601
3788,-4.4,378.701
3789,-4.4,378.803
3790,-4.4,378.901
3791,-4.4,379.001
3792,-4.4,379.1
3793,-4.4,379.198
3794,-4.4,379.3
3795,-4.4,379.399
3796,-4.4,379.5
3797,-4.4,379.599
3798,-4.4,379.699
3799,-4.4,379.797
3800,-4.4,379.898
3801,-4.4,379.999
3802,-4.4,380.099
3803,-4.4,380.198
3804,-4.4,380.299
3805,-4.4,380.399
3806,-4.4,380.501
3807,-4.4,380.6
3808,-4.4,380.698
3809,-4.4,380.798
3810,-4.4,380.898
3811,-4.4,380.999
3812,-4.4,381.098
3813,-4.4,381.198
3814,-4.4,381.298
3815,-4.4,381.399
3816,-4.4,381.498
3817,-4.4,381.598
3818,-4.4,381.699
3819,-4.4,381.798
3820,-4.4,381.898
3821,-4.4,382.001
3822,-4.4,382.098
3823,-4.4,382.198
3824,-4.4,382.298
3825,-4.4,382.398
3826,-4.4,382.502
3827,-4.4,382.599
3828,-4.4,382.699
3829,-4.4,382.798
3830,-4.4,382.898
3831,-4.4,382.999
3832,-4.4,383.099
3833,-4.4,383.199
3834,-4.4,383.298
3835,-4.4,383.398
3836,-4.4,383.498
3837,-4.4,383.598
3838,-4.4,383.698
3839,-4.4,383.798
3840,-4.4,383.898
3841,-4.4,383.999
3842,-4.4,384.098
3843,-4.4,384.198
3844,-4.4,384.299
3845,-4.4,384.398
3846,-4.4,384.5
3847,-4.4,384.6
3848,-4.4,384.699
3849,-4.4,384.799
3850,-4.4,384.899
3851,-4.4,384.999
3852,-4.4,385.098
3853,-4.4,385.198
3854,-4.4,385.302
3855,-4.4,385.399
3856,-4.4,385.498
3857,-4.4,385.601
3858,-4.4,385.698
3859,-4.4,385.798
3860,-4.4,385.899
3861,-4.4,385.998
3862,-4.4,386.098
3863,-4.4,386.201
3864,-4.4,386.3
3865,-4.4,386.4
3866,-4.4,386.5
3867,-4.4,386.6
3868,-4.4,386.698
3869,-4.4,386.798
3870,-4.4,386.898
3871,-4.4,386.999
3872,-4.4,387.098
3873,-4.4,387.199
3874,-4.4,387.298
3875,-4.4,387.398
3876,-4.4,387.499
3877,-4.4,387.598
3878,-4.4,387.698
3879,-4.4,387.798
3880,-4.4,387.899
3881,-4.4,388.001
3882,-4.4,388.1
3883,-4.4,388.198
3884,-4.4,388.298
3885,-4.4,388.398
3886,-4.4,388.499
3887,-4.4,388.6
3888,-4.4,388.698
3889,-4.4,388.798
3890,-4.4,388.898
3891,-4.4,389
3892,-4.4,389.101
3893,-4.4,389.199
3894,-4.4,389.3
3895,-4.4,389.4
3896,-4.4,389.5
3897,-4.4,389.627
3898,-4.4,389.698
3899,-4.4,389.801
3900,-4.4,389.898
3901,-4.4,390.001
3902,-4.4,390.098
3903,-4.4,390.197
3904,-4.4,390.299
3905,-4.4,390.399
3906,-4.4,390.5
3907,-4.4,390.599
3908,-4.4,390.699
3909,-4.4,390.799
3910,-4.4,390.9
3911,-4.4,390.999
3912,-4.4,391.099
3913,-4.4,391.199
3914,-4.6,391.299
3915,-4.4,391.399
3916,-4.4,391.499
3917,-4.4,391.599
3918,-4.4,391.699
3919,-4.4,391.799
3920,-4.4,391.899
3921,-4.4,391.998
3922,-4.4,392.099
3923,-4.4,392.198
3924,-4.6,392.299
3925,-4.6,392.399
3926,-4.6,392.499
3927,-4.4,392.598
3928,-4.4,392.699
3929,-4.6,392.798
3930,-4.4,392.899
3931,-4.6,392.999
3932,-4.6,393.099
3933,-4.4,393.198
3934,-4.4,393.298
3935,-4.6,393.398
3936,-4.6,393.501
3937,-4.6,393.6
3938,-4.6,393.699
3939,-4.6,393.798
3940,-4.6,393.898
3941,-4.6,393.998
3942,-4.6,394.097
3943,-4.6,394.199
3944,-4.6,394.3
3945,-4.6,394.399
3946,-4.6,394.497
3947,-4.6,394.598
3948,-4.6,394.699
3949,-4.6,394.799
3950,-4.6,394.899
3951,-4.6,394.998
3952,-4.6,395.098
3953,-4.6,395.199
3954,-4.6,395.298
3955,-4.6,395.398
3956,-4.6,395.5
3957,-4.6,395.599
3958,-4.6,395.699
3959,-4.6,395.799
3960,-4.6,395.899
3961,-4.6,395.998
3962,-4.6,396.098
3963,-4.6,396.199
3964,-4.6,396.299
3965,-4.6,396.398
3966,-4.6,396.5
3967,-4.6,396.598
3968,-4.6,396.699
3969,-4.6,396.799
3970,-4.6,396.899
3971,-4.6,396.998
3972,-4.6,397.098
3973,-4.6,397.198
3974,-4.6,397.299
3975,-4.6,397.398
3976,-4.6,397.499
3977,-4.6,397.598
3978,-4.6,397.698
3979,-4.6,397.799
3980,-4.6,397.898
3981,-4.6,398
3982,-4.6,398.099
3983,-4.6,398.199
3984,-4.6,398.299
3985,-4.6,398.399
3986,-4.6,398.499
3987,-4.6,398.599
3988,-4.6,398.698
3989,-4.6,398.799
3990,-4.6,398.898
3991,-4.6,399
3992,-4.6,399.098
3993,-4.6,399.199
3994,-4.6,399.298
3995,-4.6,399.398
3996,-4.6,399.499
3997,-4.6,399.598
3998,-4.6,399.698
3999,-4.6,399.798
4000,-4.6,399.898
4001,-4.6,400
4002,-4.6,400.098
4003,-4.6,400.199
4004,-4.6,400.298
4005,-4.6,400.398
4006,-4.6,400.499
4007,-4.6,400.598
4008,-4.6,400.698
4009,-4.6,400.797
4010,-4.6,400.898
4011,-4.6,400.999
4012,-4.6,401.099
4013,-4.6,401.199
4014,-4.6,401.299
4015,-4.6,401.398
4016,-4.6,401.499
4017,-4.6,401.6
4018,-4.6,401.698
4019,-4.6,401.799
4020,-4.6,401.898
4021,-4.6,402
4022,-4.6,402.099
4023,-4.6,402.198
4024,-4.6,402.298
4025,-4.6,402.398
4026,-4.6,402.499
4027,-4.6,402.599
4028,-4.6,402.698
4029,-4.6,402.799
4030,-4.6,402.898
4031,-4.6,403
4032,-4.6,403.098
4033,-4.6,403.199
4034,-4.6,403.301
4035,-4.6,403.399
4036,-4.6,403.498
4037,-4.6,403.598
4038,-4.6,403.699
4039,-4.6,403.798
4040,-4.6,403.899
4041,-4.6,403.999
4042,-4.6,404.098
4043,-4.6,404.199
4044,-4.6,404.299
4045,-4.6,404.398
4046,-4.6,404.499
4047,-4.6,404.598
4048,-4.6,404.699
4049,-4.6,404.798
4050,-4.6,404.898
4051,-4.6,404.999
4052,-4.6,405.1
4053,-4.6,405.199
4054,-4.6,405.298
4055,-4.6,405.399
4056,-4.6,405.499
4057,-4.6,405.603
4058,-4.6,405.699
4059,-4.6,405.799
4060,-4.6,405.898
4061,-4.6,406
4062,-4.6,406.098
4063,-4.6,406.198
4064,-4.6,406.299
4065,-4.6,406.399
4066,-4.6,406.499
4067,-4.6,406.599
4068,-4.6,406.698
4069,-4.6,406.798
4070,-4.6,406.899
4071,-4.6,407
4072,-4.6,407.098
4073,-4.6,407.198
4074,-4.6,407.299
4075,-4.6,407.398
4076,-4.6,407.5
4077,-4.6,407.599
4078,-4.6,407.698
4079,-4.6,407.798
4080,-4.6,407.898
4081,-4.6,408
4082,-4.6,408.099
4083,-4.6,408.198
4084,-4.6,408.299
4085,-4.6,408.398
4086,-4.6,408.5
4087,-4.6,408.6
4088,-4.6,408.698
4089,-4.6,408.798
4090,-4.6,408.899
4091,-4.6,408.998
4092,-4.6,409.099
4093,-4.6,409.199
4094,-4.6,409.304
4095,-4.6,409.399
4096,-4.6,409.498
4097,-4.6,409.599
4098,-4.6,409.699
4099,-4.6,409.799
4100,-4.6,409.911
4101,-4.6,410.004
4102,-4.6,410.099
4103,-4.6,410.198
4104,-4.6,410.298
4105,-4.6,410.398
4106,-4.6,410.5
4107,-4.6,410.598
4108,-4.6,410.699
4109,-4.6,410.798
4110,-4.6,410.899
4111,-4.6,410.998
4112,-4.6,411.099
4113,-4.6,411.198
4114,-4.6,411.298
4115,-4.6,411.399
4116,-4.6,411.499
4117,-4.6,411.599
4118,-4.6,411.699
4119,-4.6,411.799
4120,-4.6,411.898
4121,-4.6,412
4122,-4.6,412.1
4123,-4.6,412.199
4124,-4.6,412.299
4125,-4.6,412.398
4126,-4.6,412.501
4127,-4.6,412.599
4128,-4.6,412.699
4129,-4.6,412.799
4130,-4.6,412.898
4131,-4.6,412.999
4132,-4.6,413.099
4133,-4.6,413.198
4134,-4.6,413.299
4135,-4.6,413.399
4136,-4.6,413.499
4137,-4.6,413.599
4138,-4.6,413.698
4139,-4.6,413.799
4140,-4.6,413.9
4141,-4.6,413.999
4142,-4.6,414.1
4143,-4.6,414.199
4144,-4.6,414.304
4145,-4.6,414.401
4146,-4.6,414.499
4147,-4.6,414.601
4148,-4.6,414.699
4149,-4.6,414.798
4150,-4.6,414.9
4151,-4.6,414.998
4152,-4.6,415.098
4153,-4.6,415.198
4154,-4.6,415.298
4155,-4.6,415.399
4156,-4.6,415.499
4157,-4.6,415.598
4158,-4.6,415.698
4159,-4.6,415.799
4160,-4.6,415.899
4161,-4.6,415.999
4162,-4.6,416.098
4163,-4.6,416.199
4164,-4.6,416.298
4165,-4.6,416.398
4166,-4.6,416.499
4167,-4.6,416.602
4168,-4.6,416.699
4169,-4.6,416.798
4170,-4.6,416.898
4171,-4.6,417
4172,-4.6,417.1
4173,-4.6,417.199
4174,-4.6,417.299
4175,-4.6,417.399
4176,-4.6,417.499
4177,-4.6,417.598
4178,-4.6,417.699
4179,-4.6,417.798
4180,-4.6,417.898
4181,-4.6,417.999
4182,-4.6,418.098
4183,-4.6,418.198
4184,-4.6,418.298
4185,-4.6,418.398
4186,-4.6,418.5
4187,-4.6,418.598
4188,-4.6,418.697
4189,-4.6,418.798
4190,-4.6,418.898
4191,-4.6,418.998
4192,-4.6,419.098
4193,-4.6,419.199
4194,-4.6,419.298
4195,-4.6,419.398
4196,-4.6,419.5
4197,-4.6,419.599
4198,-4.6,419.699
4199,-4.6,419.798
4200,-4.6,419.898
4201,-4.6,419.999
4202,-4.6,420.098
4203,-4.6,420.199
4204,-4.6,420.298
4205,-4.6,420.399
4206,-4.6,420.498
4207,-4.6,420.598
4208,-4.6,420.698
4209,-4.6,420.798
4210,-4.6,420.898
4211,-4.6,421
4212,-4.6,421.099
4213,-4.6,421.199
4214,-4.6,421.298
4215,-4.6,421.398
4216,-4.6,421.5
4217,-4.6,421.599
4218,-4.6,421.699
4219,-4.6,421.798
4220,-4.6,421.897
4221,-4.6,421.999
4222,-4.6,422.099
4223,-4.6,422.198
4224,-4.6,422.3
4225,-4.6,422.399
4226,-4.6,422.498
4227,-4.6,422.601
4228,-4.6,422.698
4229,-4.6,422.799
4230,-4.6,422.9
4231,-4.6,422.999
4232,-4.6,423.099
4233,-4.6,423.199
4234,-4.6,423.298
4235,-4.6,423.398
4236,-4.6,423.499
4237,-4.4,423.598
4238,-3.6,423.698
4239,-2.8,423.798
4240,-2,423.898
4241,-1,423.999
4242,-1,424.098
4243,-0.8,424.198
4244,-0.8,424.298
4245,-0.8,424.399
4246,-0.8,424.499
4247,-0.8,424.599
4248,-0.8,424.698
4249,-0.8,424.801
4250,-1,424.899
4251,-1,424.998
4252,-1,425.098
4253,-1,425.198
4254,-1,425.298
4255,-1,425.398
4256,-1,425.5
4257,-1,425.599
4258,-1,425.698
4259,-1,425.798
4260,-1,425.899
4261,-1,426.001
4262,-1.2,426.101
4263,-1.2,426.198
4264,-1.2,426.298
4265,-1.2,426.398
4266,-1.2,426.499
4267,-1.2,426.598
4268,-1.2,426.698
4269,-1.2,426.798
4270,-1.2,426.9
4271,-1.2,426.998
4272,-1.2,427.098
4273,-1.2,427.198
4274,-1.2,427.299
4275,-1.2,427.398
4276,-1.2,427.498
4277,-1.2,427.599
4278,-1.2,427.698
4279,-1.2,427.798
4280,-1.2,427.898
4281,-1.2,427.998
4282,-1.2,428.097
4283,-1.2,428.199
4284,-1.2,428.298
4285,-1.2,428.398
4286,-1.2,428.499
4287,-1.2,428.599
4288,-1.2,428.699
4289,-1.2,428.798
4290,-1.2,428.898
4291,-1.2,429
4292,-1.2,429.099
4293,-1.4,429.198
4294,-1.4,429.298
4295,-1.4,429.398
4296,-1.4,429.501
4297,-1.4,429.598
4298,-1.4,429.698
4299,-1.4,429.798
4300,-1.4,429.898
4301,-1.4,429.999
4302,-1.4,430.098
4303,-1.4,430.198
4304,-1.4,430.298
4305,-1.4,430.398
4306,-1.4,430.501
4307,-1.4,430.598
4308,-1.4,430.698
4309,-1.4,430.798
4310,-1.4,430.898
4311,-1.4,430.999
4312,-1.4,431.098
4313,-1.4,431.198
4314,-1.4,431.298
4315,-1.4,431.399
4316,-1.4,431.498
4317,-1.4,431.598
4318,-1.4,431.698
4319,-1.4,431.798
4320,-1.4,431.898
4321,-1.4,431.999
4322,-1.4,432.099
4323,-1.4,432.198
4324,-1.4,432.297
4325,-1.4,432.398
4326,-1.4,432.5
4327,-1.4,432.601
4328,-1.4,432.698
4329,-1.4,432.798
4330,-1.4,432.898
4331,-1.4,432.998
4332,-1.4,433.098
4333,-1.4,433.198
4334,-1.4,433.297
4335,-1.4,433.398
4336,-1.4,433.498
4337,-1.4,433.599
4338,-1.4,433.698
4339,-1.4,433.803
4340,-1.4,433.9
4341,-1.4,433.998
4342,-1.4,434.099
4343,-1.4,434.199
4344,-1.4,434.3
4345,-1.4,434.404
4346,-1.4,434.499
4347,-1.4,434.601
4348,-1.4,434.698
4349,-1.4,434.799
4350,-1.4,434.898
4351,-1.4,434.999
4352,-1.4,435.1
4353,-1.4,435.199
4354,-1.4,435.299
4355,-1.4,435.399
4356,-1.4,435.499
4357,-1.4,435.599
4358,-1.4,435.698
4359,-1.4,435.798
4360,-1.4,435.898
4361,-1.4,436
4362,-1.4,436.098
4363,-1.4,436.198
4364,-1.4,436.298
4365,-1.4,436.399
4366,-1.4,436.499
4367,-1.4,436.599
4368,-1.4,436.698
4369,-1.4,436.798
4370,-1.6,436.898
4371,-1.4,436.999
4372,-1.6,437.099
4373,-1.6,437.198
4374,-1.6,437.299
4375,-1.6,437.399
4376,-1.6,437.499
4377,-1.6,437.599
4378,-1.6,437.699
4379,-1.6,437.799
4380,-1.6,437.898
4381,-1.6,437.999
4382,-1.6,438.099
4383,-1.6,438.198
4384,-1.6,438.299
4385,-1.6,438.399
4386,-1.6,438.498
4387,-1.6,438.599
4388,-1.6,438.698
4389,-1.6,438.799
4390,-1.6,438.899
4391,-1.6,438.999
4392,-1.6,439.099
4393,-1.6,439.198
4394,-1.6,439.299
4395,-1.6,439.399
4396,-1.6,439.499
4397,-1.6,439.598
4398,-1.6,439.698
4399,-1.6,439.798
4400,-1.6,439.9
4401,-1.6,439.998
4402,-1.6,440.098
4403,-1.6,440.198
4404,-1.6,440.298
4405,-1.6,440.399
4406,-1.6,440.498
4407,-1.6,440.598
4408,-1.6,440.698
4409,-1.6,440.798
4410,-1.6,440.899
4411,-1.6,440.998
4412,-1.6,441.098
4413,-1.6,441.198
4414,-1.6,441.3
4415,-1.6,441.398
4416,-1.6,441.499
4417,-1.6,441.599
4418,-1.6,441.699
4419,-1.6,441.799
4420,-1.6,441.899
4421,-1.6,441.998
4422,-1.6,442.099
4423,-1.6,442.198
4424,-1.6,442.298
4425,-1.6,442.398
4426,-1.6,442.5
4427,-1.6,442.599
4428,-1.6,442.699
4429,-1.6,442.799
4430,-1.6,442.898
4431,-1.6,442.999
4432,-1.6,443.099
4433,-1.6,443.198
4434,-1.6,443.299
4435,-1.6,443.398
4436,-1.6,443.499
4437,-1.6,443.599
4438,-1.6,443.699
4439,-1.6,443.799
4440,-1.6,443.898
4441,-1.6,444
4442,-1.6,444.099
4443,-1.6,444.198
4444,-1.6,444.298
4445,-1.6,444.398
4446,-1.6,444.5
4447,-1.6,444.598
4448,-1.6,444.698
4449,-1.6,444.799
4450,-1.6,444.898
4451,-1.6,444.999
4452,-1.6,445.099
4453,-1.6,445.199
4454,-1.6,445.298
4455,-1.6,445.398
4456,-1.6,445.499
4457,-1.6,445.598
4458,-1.6,445.698
4459,-1.6,445.799
4460,-1.6,445.898
4461,-1.6,446
4462,-1.6,446.098
4463,-1.6,446.198
4464,-1.6,446.298
4465,-1.6,446.399
4466,-1.6,446.498
4467,-1.6,446.599
4468,-1.6,446.698
4469,-1.6,446.798
4470,-1.6,446.899
4471,-1.6,446.998
4472,-1.6,447.099
4473,-1.6,447.201
4474,-1.6,447.298
4475,-1.6,447.398
4476,-1.6,447.499
4477,-1.6,447.599
4478,-1.6,447.698
4479,-1.6,447.798
4480,-1.6,447.899
4481,-1.6,447.999
4482,-1.6,448.099
4483,-1.6,448.198
4484,-1.6,448.298
4485,-1.6,448.399
4486,-1.6,448.498
4487,-1.6,448.598
4488,-1.6,448.699
4489,-1.6,448.798
4490,-1.6,448.898
4491,-1.6,449
4492,-1.6,449.099
4493,-1.6,449.199
4494,-1.6,449.298
4495,-1.6,449.398
4496,-1.6,449.499
4497,-1.6,449.598
4498,-1.6,449.698
4499,-1.6,449.799
4500,-1.6,449.898
4501,-1.6,449.999
4502,-1.6,450.098
4503,-1.6,450.199
4504,-1.6,450.298
4505,-1.6,450.398
4506,-1.6,450.499
4507,-1.6,450.599
4508,-1.6,450.699
4509,-1.6,450.798
4510,-1.6,450.898
4511,-1.6,451
4512,-1.6,451.098
4513,-1.6,451.199
4514,-1.6,451.298
4515,-1.6,451.398
4516,-1.6,451.499
4517,-1.6,451.598
4518,-1.6,451.698
4519,-1.6,451.798
4520,-1.6,451.898
4521,-1.6,452
4522,-1.6,452.101
4523,-1.6,452.198
4524,-1.6,452.298
4525,-1.6,452.398
4526,-1.6,452.499
4527,-1.6,452.599
4528,-1.6,452.698
4529,-1.6,452.798
4530,-1.6,452.898
4531,-1.6,453
4532,-1.6,453.098
4533,-1.6,453.198
4534,-1.6,453.298
4535,-1.6,453.398
4536,-1.6,453.499
4537,-1.6,453.599
4538,-1.6,453.698
4539,-1.6,453.798
4540,-1.6,453.898
4541,-1.6,453.999
4542,-1.6,454.098
4543,-1.6,454.197
4544,-1.6,454.298
4545,-1.6,454.399
4546,-1.6,454.498
4547,-1.6,454.598
4548,-1.6,454.699
4549,-1.6,454.798
4550,-1.6,454.898
4551,-1.6,454.999
4552,-1.6,455.099
4553,-1.6,455.198
4554,-1.6,455.298
4555,-1.6,455.398
4556,-1.6,455.499
4557,-1.6,455.598
4558,-1.6,455.699
4559,-1.6,455.798
4560,-1.6,455.899
4561,-1.6,455.998
4562,-1.8,456.099
4563,-1.8,456.198
4564,-1.6,456.3
4565,-1.6,456.399
4566,-1.6,456.498
4567,-1.6,456.598
4568,-1.8,456.699
4569,-1.6,456.798
4570,-1.6,456.898
4571,-1.8,457
4572,-1.8,457.098
4573,-1.6,457.198
4574,-1.8,457.299
4575,-1.6,457.399
4576,-1.6,457.499
4577,-1.8,457.598
4578,-1.8,457.698
4579,-1.8,457.798
4580,-1.6,457.899
4581,-1.6,458
4582,-1.6,458.104
4583,-1.8,458.201
4584,-1.8,458.298
4585,-1.8,458.398
4586,-1.8,458.499
4587,-1.8,458.636
4588,-1.8,458.698
4589,-1.8,458.799
4590,-1.8,458.898
4591,-1.8,458.999
4592,-1.8,459.098
4593,-1.8,459.198
4594,-1.8,459.298
4595,-1.8,459.397
4596,-1.8,459.499
4597,-1.8,459.598
4598,-1.8,459.698
4599,-1.8,459.798
4600,-1.8,459.898
4601,-1.8,459.999
4602,-1.8,460.098
4603,-1.8,460.197
4604,-1.8,460.297
4605,-1.8,460.398
4606,-1.8,460.499
4607,-1.8,460.598
4608,-1.8,460.698
4609,-1.8,460.798
4610,-1.8,460.898
4611,-1.8,460.999
4612,-1.8,461.098
4613,-1.8,461.198
4614,-1.8,461.298
4615,-1.8,461.398
4616,-1.8,461.499
4617,-1.8,461.598
4618,-1.8,461.698
4619,-1.8,461.797
4620,-1.8,461.898
4621,-1.8,461.999
4622,-1.8,462.097
4623,-1.8,462.197
4624,-1.8,462.297
4625,-1.8,462.398
4626,-1.8,462.499
4627,-1.8,462.598
4628,-1.8,462.699
4629,-1.8,462.8
4630,-1.8,462.899
4631,-1.8,462.998
4632,-1.8,463.099
4633,-1.8,463.199
4634,-1.8,463.299
4635,-1.8,463.399
4636,-1.8,463.498
4637,-1.8,463.598
4638,-1.8,463.699
4639,-1.8,463.799
4640,-1.8,463.899
4641,-1.8,463.998
4642,-1.8,464.099
4643,-1.8,464.199
4644,-1.8,464.299
4645,-1.8,464.399
4646,-1.8,464.498
4647,-1.8,464.598
4648,-1.8,464.699
4649,-1.8,464.799
4650,-1.8,464.899
4651,-1.8,464.999
4652,-1.8,465.099
4653,-1.8,465.198
4654,-1.8,465.299
4655,-1.8,465.399
4656,-1.8,465.499
4657,-1.8,465.599
4658,-1.8,465.698
4659,-1.8,465.798
4660,-1.8,465.899
4661,-1.8,465.998
4662,-1.8,466.099
4663,-1.8,466.198
4664,-1.8,466.299
4665,-1.8,466.399
4666,-1.8,466.499
4667,-1.8,466.598
4668,-1.8,466.699
4669,-1.8,466.798
4670,-1.8,466.899
4671,-1.8,466.999
4672,-1.8,467.099
4673,-1.8,467.199
4674,-1.8,467.298
4675,-1.8,467.398
4676,-1.8,467.499
4677,-1.8,467.598
4678,-1.8,467.697
4679,-1.8,467.798
4680,-1.8,467.898
4681,-1.8,467.999
4682,-1.8,468.098
4683,-1.8,468.198
4684,-1.8,468.298
4685,-1.8,468.398
4686,-1.8,468.499
4687,-1.8,468.597
4688,-1.8,468.699
4689,-1.8,468.798
4690,-1.8,468.897
4691,-1.8,468.999
4692,-1.6,469.098
4693,-1,469.198
4694,-0.2,469.298
4695,0,469.398
4696,0.2,469.499
4697,0.2,469.598
4698,0.2,469.698
4699,0.2,469.798
4700,0.2,469.898
4701,0.2,469.999
4702,0.2,470.098
4703,0.2,470.198
4704,0.2,470.298
4705,0.2,470.398
4706,0.2,470.499
4707,0.2,470.598
4708,0.2,470.698
4709,0.2,470.8
4710,0.2,470.9
4711,0.2,470.998
4712,0.2,471.099
4713,0.2,471.198
4714,0.2,471.298
4715,0.2,471.398
4716,0.2,471.499
4717,0.2,471.598
4718,0.2,471.698
4719,0.2,471.798
4720,0.2,471.898
4721,0.2,471.999
4722,0.2,472.098
4723,0.2,472.198
4724,0.2,472.297
4725,0.2,472.399
4726,0.2,472.498
4727,0.2,472.598
4728,0.2,472.698
4729,0.2,472.798
4730,0.2,472.898
4731,0.2,472.999
4732,0.2,473.098
4733,0.2,473.198
4734,0.2,473.298
4735,0.2,473.397
4736,0.2,473.499
4737,0.2,473.598
4738,0.2,473.704
4739,0.2,473.799
4740,0.2,473.899
4741,0.2,473.998
4742,0.2,474.099
4743,0.2,474.214
4744,0.2,474.32
4745,0.2,474.406
4746,0.2,474.501
4747,0.2,474.599
4748,0.2,474.699
4749,0.2,474.799
4750,0.2,474.898
4751,0.2,475
4752,0.2,475.099
4753,0.2,475.199
4754,0.2,475.299
4755,0.2,475.398
4756,0.2,475.499
4757,0.2,475.598
4758,0.2,475.698
4759,0.2,475.799
4760,0.2,475.899
4761,0.2,475.999
4762,0.2,476.099
4763,0.2,476.199
4764,0.2,476.299
4765,0.2,476.399
4766,0.2,476.499
4767,0.2,476.599
4768,0.2,476.698
4769,0.2,476.798
4770,0.2,476.901
4771,0.2,476.999
4772,0.2,477.098
4773,0.2,477.198
4774,0.2,477.299
4775,0.2,477.399
4776,0.2,477.498
4777,0.2,477.599
4778,0.2,477.699
4779,0.2,477.798
4780,0.2,477.899
4781,0.2,477.998
4782,0.2,478.099
4783,0.2,478.199
4784,0.2,478.298
4785,0.2,478.398
4786,0.2,478.501
4787,0.2,478.599
4788,0.2,478.699
4789,0.2,478.798
4790,0.2,478.899
4791,0.2,478.999
4792,0,479.1
4793,0,479.199
4794,0.2,479.299
4795,0.2,479.403
4796,0.2,479.499
4797,0.2,479.599
4798,0.2,479.698
4799,0.2,479.8
4800,0,479.9
4801,0,479.999
4802,0,480.098
4803,0,480.199
4804,0,480.3
4805,0,480.399
4806,0,480.499
4807,0,480.599
4808,0,480.698
4809,0,480.799
4810,0,480.9
4811,0,481
4812,0,481.1
4813,0,481.198
4814,0,481.298
4815,0,481.399
4816,0,481.499
4817,0,481.599
4818,0,481.699
4819,0,481.799
4820,0,481.899
4821,0,481.999
4822,0,482.098
4823,0,482.201
4824,0,482.298
4825,0,482.399
4826,0,482.499
4827,0,482.598
4828,0,482.698
4829,0,482.798
4830,0,482.898
4831,0,482.999
4832,0,483.098
4833,0,483.198
4834,0,483.298
4835,0,483.398
4836,0,483.499
4837,0,483.597
4838,0,483.698
4839,0,483.799
4840,0,483.898
4841,0,483.999
4842,0,484.098
4843,0,484.199
4844,0,484.298
4845,0,484.399
4846,0,484.498
4847,0,484.598
4848,0,484.698
4849,0,484.798
4850,0,484.9
4851,0,484.998
4852,0,485.098
4853,0,485.198
4854,0,485.298
4855,0,485.398
4856,0,485.499
4857,0,485.599
4858,0,485.698
4859,0,485.798
4860,0,485.898
4861,0,486.001
4862,0,486.098
4863,0,486.198
4864,0,486.298
4865,0,486.398
4866,0,486.499
4867,0,486.599
4868,0,486.698
4869,0,486.798
4870,0,486.898
4871,0,486.999
4872,0,487.098
4873,0,487.199
4874,0,487.298
4875,0,487.398
4876,0,487.5
4877,0,487.599
4878,0,487.699
4879,0,487.8
4880,0,487.898
4881,0,488
4882,0,488.099
4883,0,488.199
4884,0,488.298
4885,0,488.399
4886,0,488.499
4887,0,488.599
4888,0,488.699
4889,0,488.799
4890,0,488.899
4891,0,488.998
4892,0,489.099
4893,0,489.199
4894,0,489.298
4895,0,489.399
4896,0,489.499
4897,0,489.598
4898,0,489.699
4899,0,489.798
4900,0,489.899
4901,0,489.999
4902,0,490.099
4903,0,490.198
4904,0,490.299
4905,0,490.398
4906,0,490.499
4907,0,490.599
4908,0,490.698
4909,0,490.799
4910,0,490.899
4911,0,490.999
4912,0,491.099
4913,0,491.199
4914,0,491.299
4915,0,491.399
4916,0,491.499
4917,0,491.598
4918,0,491.698
4919,0,491.799
4920,0,491.899
4921,0,491.998
4922,0,492.099
4923,0,492.198
4924,0,492.298
4925,0,492.399
4926,0,492.498
4927,0,492.599
4928,0,492.698
4929,0,492.798
4930,0,492.899
4931,0,492.999
4932,0,493.098
4933,0,493.199
4934,0,493.299
4935,0,493.398
4936,0,493.499
4937,0,493.599
4938,0,493.699
4939,0,493.798
4940,0,493.898
4941,0,493.999
4942,0,494.099
4943,0,494.198
4944,0,494.297
4945,0,494.398
4946,0,494.499
4947,0,494.599
4948,0,494.698
4949,0,494.798
4950,0,494.899
4951,0,494.998
4952,0,495.098
4953,0,495.199
4954,0,495.299
4955,0,495.398
4956,0,495.5
4957,0,495.599
4958,0,495.698
4959,0,495.799
4960,0,495.898
4961,0,495.999
4962,0,496.098
4963,0,496.199
4964,0,496.298
4965,0,496.399
4966,0,496.498
4967,0,496.599
4968,0,496.699
4969,0,496.799
4970,0,496.898
4971,0,497
4972,0,497.098
4973,0,497.199
4974,0,497.298
4975,0,497.399
4976,0,497.499
4977,0,497.599
4978,0,497.699
4979,0,497.799
4980,0,497.898
4981,0,497.999
4982,0,498.098
4983,0,498.199
4984,0,498.298
4985,0,498.398
4986,0,498.5
4987,0,498.599
4988,0,498.699
4989,0,498.799
4990,0,498.898
4991,0,498.999
4992,0,499.1
4993,0,499.198
4994,0,499.298
4995,0,499.399
4996,0,499.499
4997,0,499.598
4998,0,499.699
4999,0,499.798
5000,0,499.898
