Reading,Load [55.2 N],Time [sec.]
1,0,0
2,0,0.088
3,0,0.188
4,0,0.287
5,0,0.387
6,0,0.488
7,0,0.587
8,0,0.687
9,0,0.788
10,0,0.886
11,0,0.988
12,0,1.087
13,0,1.187
14,0,1.29
15,0,1.387
16,0,1.494
17,0,1.588
18,0,1.688
19,0,1.788
20,0,1.888
21,0,1.987
22,0,2.087
23,0,2.187
24,0,2.287
25,0,2.386
26,0,2.487
27,0,2.587
28,0,2.687
29,0,2.788
30,0,2.886
31,0,2.987
32,0,3.087
33,0,3.187
34,0,3.287
35,0,3.392
36,0,3.496
37,0,3.588
38,0,3.69
39,0,3.789
40,0,3.892
41,0,3.988
42,0,4.087
43,0,4.188
44,0,4.287
45,0,4.386
46,0,4.487
47,0,4.587
48,0,4.688
49,0,4.787
50,0,4.886
51,0,4.988
52,0,5.089
53,0,5.187
54,0,5.288
55,0,5.386
56,0,5.487
57,0,5.587
58,0,5.689
59,0,5.789
60,0,5.888
61,0,6.001
62,0,6.093
63,0,6.188
64,0,6.287
65,0,6.386
66,0,6.487
67,0,6.587
68,0,6.692
69,0,6.788
70,0,6.885
71,0,6.989
72,0,7.087
73,0,7.188
74,0,7.287
75,0,7.386
76,0,7.489
77,0,7.589
78,0,7.692
79,0,7.788
80,0,7.889
81,0,7.987
82,0,8.087
83,0,8.189
84,0,8.287
85,0,8.386
86,0,8.487
87,0,8.587
88,0,8.691
89,0,8.791
90,0,8.887
91,0,8.988
92,0,9.087
93,0,9.187
94,0,9.287
95,0,9.386
96,0,9.488
97,0,9.588
98,0,9.687
99,0,9.788
100,0,9.888
101,0,9.987
102,0,10.087
103,0,10.19
104,0,10.288
105,0,10.389
106,0,10.487
107,0,10.587
108,0,10.69
109,0,10.787
110,0,10.886
111,0,10.987
112,0,11.088
113,0,11.188
114,0,11.287
115,0,11.386
116,0,11.488
117,0,11.588
118,0,11.688
119,0,11.788
120,0,11.887
121,0,11.99
122,0,12.087
123,0,12.187
124,0,12.288
125,0,12.387
126,0,12.487
127,0,12.587
128,0,12.687
129,0,12.789
130,0,12.886
131,0,12.988
132,0,13.088
133,0,13.187
134,0,13.288
135,0,13.388
136,0,13.487
137,0,13.588
138,0,13.688
139,0,13.791
140,0,13.886
141,0,13.987
142,0,14.091
143,0,14.188
144,0,14.287
145,0,14.386
146,0,14.487
147,0,14.586
148,0,14.687
149,0,14.787
150,0,14.887
151,0,14.987
152,0,15.088
153,0,15.188
154,0,15.289
155,0,15.388
156,0,15.488
157,0,15.587
158,0,15.686
159,0,15.787
160,0,15.888
161,0,15.991
162,0,16.088
163,0,16.186
164,0,16.287
165,0,16.387
166,0,16.489
167,0,16.588
168,0,16.689
169,0,16.787
170,0,16.887
171,0,16.987
172,0,17.087
173,0,17.188
174,0,17.288
175,0,17.386
176,0,17.487
177,0,17.587
178,0,17.687
179,0,17.787
180,0,17.886
181,0,17.986
182,0,18.087
183,0,18.187
184,0,18.29
185,0,18.387
186,0,18.487
187,0,18.587
188,0,18.687
189,0,18.787
190,0,18.886
191,0,18.987
192,0,19.087
193,0,19.187
194,0,19.287
195,0,19.386
196,0,19.487
197,0,19.587
198,0,19.687
199,0,19.787
200,0,19.889
201,0,19.99
202,0,20.088
203,0,20.188
204,0,20.287
205,0,20.386
206,0,20.487
207,0,20.587
208,0,20.687
209,0,20.787
210,0,20.886
211,0,20.987
212,0,21.088
213,0,21.187
214,0,21.286
215,0,21.386
216,0,21.491
217,0,21.588
218,0,21.687
219,0,21.787
220,0,21.887
221,0,21.987
222,0,22.087
223,0,22.187
224,0,22.287
225,0,22.387
226,0,22.488
227,0,22.587
228,0,22.687
229,0,22.787
230,0,22.886
231,0,22.987
232,0,23.087
233,0,23.188
234,0,23.287
235,0,23.386
236,0,23.487
237,0,23.587
238,0,23.687
239,0,23.787
240,0,23.886
241,0,23.987
242,0,24.087
243,0,24.187
244,0,24.287
245,0,24.386
246,0,24.487
247,0,24.588
248,0,24.687
249,0,24.79
250,0,24.886
251,0,24.987
252,0,25.087
253,0,25.187
254,0,25.294
255,0,25.385
256,0,25.487
257,0,25.586
258,0,25.687
259,0,25.787
260,0,25.886
261,0,25.987
262,0,26.088
263,0,26.186
264,0,26.287
265,0,26.387
266,0,26.489
267,0,26.588
268,0,26.687
269,0,26.787
270,0,26.885
271,0,26.987
272,0,27.087
273,0,27.187
274,0,27.287
275,0,27.386
276,0,27.487
277,0,27.587
278,0,27.687
279,0,27.787
280,0,27.886
281,0,27.987
282,0,28.087
283,0,28.187
284,0,28.287
285,0,28.386
286,0,28.488
287,0,28.588
288,0,28.687
289,0,28.788
290,0,28.887
291,0,28.987
292,0,29.088
293,0,29.187
294,0,29.287
295,0,29.386
296,0,29.487
297,0,29.588
298,0,29.687
299,0,29.787
300,0,29.886
301,0,29.988
302,0,30.088
303,0,30.188
304,0,30.288
305,0,30.387
306,0,30.488
307,0,30.588
308,0,30.688
309,0,30.787
310,0,30.887
311,0,30.987
312,0,31.088
313,0,31.187
314,0,31.287
315,0,31.386
316,0,31.487
317,0,31.588
318,0,31.689
319,0,31.787
320,0,31.887
321,0,31.987
322,0,32.087
323,0,32.187
324,0,32.288
325,0,32.391
326,0,32.489
327,0,32.588
328,0,32.69
329,0,32.787
330,0,32.886
331,0,32.987
332,0,33.088
333,0,33.188
334,0,33.288
335,0,33.386
336,0,33.487
337,0,33.587
338,0,33.687
339,0,33.787
340,0,33.886
341,0,33.986
342,0,34.088
343,0,34.187
344,0,34.288
345,0,34.388
346,0,34.491
347,0,34.592
348,0,34.688
349,0,34.788
350,0,34.886
351,0,34.987
352,0,35.087
353,0,35.187
354,0,35.287
355,0,35.386
356,0,35.487
357,0,35.587
358,0,35.69
359,0,35.791
360,0,35.89
361,0,35.99
362,0,36.093
363,0,36.191
364,0,36.293
365,0,36.39
366,0,36.49
367,0,36.588
368,0,36.689
369,0,36.791
370,0,36.893
371,0,36.992
372,0,37.091
373,0,37.191
374,0,37.291
375,0,37.388
376,0,37.489
377,0,37.589
378,0,37.687
379,0,37.789
380,0,37.886
381,0,37.988
382,0,38.088
383,0,38.188
384,0,38.288
385,0,38.386
386,0,38.488
387,0,38.588
388,0,38.688
389,0,38.787
390,0,38.887
391,0,38.987
392,0,39.087
393,0,39.188
394,0,39.288
395,0,39.388
396,0,39.487
397,0,39.587
398,0,39.687
399,0,39.788
400,0,39.886
401,0,39.989
402,0,40.088
403,0,40.188
404,0,40.288
405,0,40.387
406,0,40.488
407,0,40.59
408,0,40.688
409,0,40.788
410,0,40.887
411,0,40.987
412,0,41.087
413,0,41.189
414,0,41.288
415,0,41.387
416,0,41.487
417,0,41.587
418,0,41.687
419,0,41.788
420,0,41.886
421,0,41.989
422,0,42.088
423,0,42.187
424,0,42.288
425,0,42.386
426,0,42.487
427,0,42.589
428,0,42.688
429,0,42.788
430,0,42.89
431,0,42.988
432,0,43.087
433,0,43.188
434,0,43.289
435,0,43.387
436,0,43.487
437,0,43.587
438,0,43.688
439,0,43.787
440,0,43.886
441,0,43.996
442,0,44.089
443,0,44.188
444,0,44.288
445,0,44.387
446,0,44.487
447,0,44.587
448,0,44.687
449,0,44.788
450,0,44.888
451,0,44.988
452,0,45.088
453,0,45.188
454,0,45.287
455,0,45.387
456,0,45.487
457,0,45.588
458,0,45.688
459,0,45.787
460,0,45.887
461,0,45.988
462,0,46.088
463,0,46.188
464,0,46.287
465,0,46.387
466,0,46.488
467,0,46.588
468,0,46.688
469,0,46.787
470,0,46.886
471,0,46.987
472,0,47.087
473,0,47.188
474,0,47.288
475,0,47.387
476,0,47.487
477,0,47.588
478,0,47.687
479,-0.2,47.788
480,-2,47.886
481,-9.8,47.988
482,-19.4,48.089
483,-19.4,48.187
484,-30.2,48.291
485,-39.2,48.387
486,-48.8,48.487
487,-56.2,48.587
488,-72.2,48.687
489,-72.2,48.787
490,-84,48.886
491,-88.4,48.988
492,-90.4,49.088
493,-94.6,49.187
494,-99.8,49.287
495,-99.8,49.387
496,-105.8,49.488
497,-110.2,49.587
498,-114,49.689
499,-121.4,49.787
500,-121.4,49.886
501,-123,49.987
502,-124,50.088
503,-126.4,50.188
504,-129.6,50.287
505,-134.4,50.386
506,-134.4,50.487
507,-139.4,50.588
508,-144.2,50.687
509,-151,50.788
510,-152.4,50.886
511,-151.2,50.987
512,-151.2,51.087
513,-149,51.188
514,-146.8,51.288
515,-148,51.386
516,-156.8,51.488
517,-161.4,51.59
518,-161.4,51.688
519,-160.2,51.787
520,-157.8,51.889
521,-155.8,51.987
522,-157.6,52.087
523,-162.6,52.188
524,-162.6,52.287
525,-165,52.386
526,-163.6,52.49
527,-161.4,52.588
528,-161.2,52.687
529,-161.2,52.788
530,-164,52.885
531,-167,52.988
532,-167.4,53.088
533,-166.2,53.188
534,-164.6,53.287
535,-164.6,53.386
536,-163,53.487
537,-161.6,53.588
538,-160.4,53.687
539,-159.2,53.787
540,-158.2,53.886
541,-158.2,53.989
542,-157.4,54.088
543,-156.6,54.189
544,-155.8,54.288
545,-155.2,54.386
546,-154.6,54.487
547,-154.6,54.587
548,-154,54.687
549,-153.4,54.788
550,-153,54.886
551,-152.6,54.988
552,-152.2,55.087
553,-152.2,55.187
554,-151.8,55.287
555,-151.4,55.386
556,-151,55.488
557,-150.6,55.587
558,-150.6,55.687
559,-150.2,55.787
560,-150,55.886
561,-149.6,55.988
562,-149.4,56.087
563,-149,56.187
564,-149,56.288
565,-148.8,56.386
566,-148.4,56.487
567,-148.2,56.588
568,-147.8,56.687
569,-147.4,56.787
570,-147.4,56.887
571,-147.2,56.989
572,-147,57.087
573,-146.6,57.187
574,-146.4,57.29
575,-146.2,57.386
576,-146.2,57.488
577,-146,57.59
578,-145.8,57.693
579,-145.6,57.788
580,-145.4,57.886
581,-145.4,57.987
582,-145.4,58.087
583,-145.2,58.187
584,-145,58.287
585,-144.8,58.387
586,-144.8,58.487
587,-144.8,58.587
588,-144.6,58.688
589,-144.4,58.788
590,-144.2,58.886
591,-144.2,58.99
592,-144,59.087
593,-144,59.188
594,-143.8,59.287
595,-143.8,59.386
596,-143.6,59.488
597,-143.4,59.586
598,-143.4,59.687
599,-143.4,59.787
600,-143.2,59.886
601,-143,59.987
602,-143,60.087
603,-142.8,60.19
604,-142.8,60.287
605,-142.8,60.386
606,-142.6,60.487
607,-142.4,60.587
608,-142.4,60.687
609,-142.2,60.787
610,-142.2,60.885
611,-142.2,60.989
612,-142,61.088
613,-142,61.186
614,-141.8,61.287
615,-141.8,61.386
616,-141.8,61.487
617,-141.6,61.587
618,-141.4,61.687
619,-141.4,61.787
620,-141.2,61.886
621,-141.2,61.987
622,-141.2,62.087
623,-141,62.187
624,-141,62.287
625,-141,62.386
626,-140.8,62.489
627,-140.8,62.588
628,-140.8,62.689
629,-140.8,62.788
630,-140.6,62.891
631,-140.4,62.993
632,-140.4,63.091
633,-140.4,63.191
634,-140.4,63.288
635,-140.2,63.386
636,-140.2,63.487
637,-140,63.587
638,-140,63.688
639,-139.8,63.787
640,-139.8,63.886
641,-139.8,63.987
642,-139.8,64.087
643,-139.6,64.187
644,-139.6,64.287
645,-139.6,64.386
646,-139.6,64.487
647,-139.4,64.587
648,-139.4,64.687
649,-139.2,64.787
650,-139.2,64.886
651,-139.2,64.987
652,-139.2,65.086
653,-139,65.187
654,-139,65.287
655,-139,65.386
656,-138.8,65.487
657,-138.8,65.587
658,-138.8,65.687
659,-138.8,65.787
660,-138.6,65.886
661,-138.6,65.986
662,-138.6,66.087
663,-138.6,66.187
664,-138.4,66.287
665,-138.4,66.386
666,-138.4,66.488
667,-138.2,66.587
668,-138.2,66.687
669,-138.2,66.787
670,-138.2,66.886
671,-138.2,66.987
672,-138,67.089
673,-138,67.191
674,-138,67.29
675,-138,67.391
676,-137.8,67.49
677,-137.8,67.587
678,-137.8,67.687
679,-137.6,67.787
680,-137.6,67.886
681,-137.6,67.987
682,-137.6,68.088
683,-137.6,68.187
684,-137.4,68.287
685,-137.4,68.386
686,-137.4,68.487
687,-137.4,68.587
688,-137.2,68.687
689,-137.2,68.787
690,-137.2,68.886
691,-137.2,68.987
692,-137.2,69.088
693,-137,69.187
694,-137,69.287
695,-137,69.386
696,-137,69.487
697,-137,69.587
698,-136.8,69.687
699,-136.8,69.787
700,-136.8,69.886
701,-136.8,69.987
702,-136.6,70.087
703,-136.6,70.187
704,-136.6,70.287
705,-136.6,70.386
706,-136.6,70.487
707,-136.4,70.587
708,-136.4,70.687
709,-136.4,70.788
710,-136.4,70.886
711,-136.4,70.987
712,-136.4,71.088
713,-136.2,71.188
714,-136.2,71.287
715,-136.2,71.387
716,-136.2,71.487
717,-136.2,71.587
718,-136,71.687
719,-136,71.787
720,-136,71.886
721,-136,71.987
722,-136,72.087
723,-136,72.187
724,-135.8,72.287
725,-135.8,72.386
726,-135.8,72.487
727,-135.8,72.587
728,-135.8,72.687
729,-135.8,72.787
730,-135.6,72.885
731,-135.6,72.986
732,-135.6,73.087
733,-135.6,73.191
734,-135.6,73.292
735,-135.4,73.389
736,-135.4,73.491
737,-135.4,73.594
738,-135.4,73.69
739,-135.4,73.789
740,-135.4,73.889
741,-135.2,73.991
742,-135.2,74.09
743,-135.2,74.188
744,-135.2,74.287
745,-135.2,74.386
746,-135.2,74.487
747,-135.2,74.587
748,-135,74.687
749,-135,74.787
750,-135,74.886
751,-135,74.987
752,-135,75.086
753,-135,75.187
754,-134.8,75.287
755,-134.8,75.386
756,-134.8,75.487
757,-134.8,75.587
758,-134.8,75.687
759,-134.8,75.788
760,-134.6,75.888
761,-134.6,75.988
762,-134.6,76.091
763,-134.6,76.191
764,-134.6,76.289
765,-134.6,76.386
766,-134.6,76.487
767,-134.6,76.587
768,-134.4,76.687
769,-134.4,76.788
770,-134.4,76.886
771,-134.4,76.987
772,-134.4,77.087
773,-134.4,77.187
774,-134.4,77.287
775,-134.2,77.386
776,-134.2,77.487
777,-134.2,77.588
778,-134.2,77.687
779,-134.2,77.788
780,-134.2,77.886
781,-134.2,77.987
782,-134,78.086
783,-134,78.187
784,-134,78.286
785,-134,78.386
786,-134,78.486
787,-134,78.587
788,-134,78.687
789,-134,78.787
790,-133.8,78.885
791,-133.8,78.987
792,-133.8,79.087
793,-133.8,79.186
794,-133.8,79.286
795,-133.8,79.386
796,-133.8,79.487
797,-133.6,79.587
798,-133.6,79.687
799,-133.6,79.787
800,-133.6,79.886
801,-133.6,79.986
802,-133.6,80.087
803,-133.6,80.186
804,-133.6,80.287
805,-133.4,80.386
806,-133.4,80.487
807,-133.4,80.587
808,-133.4,80.686
809,-133.4,80.787
810,-133.4,80.886
811,-133.4,80.987
812,-133.4,81.087
813,-133.4,81.187
814,-133.2,81.287
815,-133.2,81.385
816,-133.2,81.487
817,-133.2,81.587
818,-133.2,81.687
819,-133.2,81.788
820,-133.2,81.886
821,-133.2,81.988
822,-133,82.088
823,-133,82.187
824,-133,82.287
825,-133,82.386
826,-133,82.487
827,-133,82.586
828,-133,82.688
829,-133,82.787
830,-133,82.886
831,-132.8,82.988
832,-132.8,83.087
833,-132.8,83.188
834,-132.8,83.287
835,-132.8,83.386
836,-132.8,83.487
837,-132.8,83.59
838,-132.8,83.688
839,-132.8,83.787
840,-132.6,83.886
841,-132.6,83.987
842,-132.6,84.087
843,-132.6,84.186
844,-132.6,84.287
845,-132.6,84.386
846,-132.6,84.487
847,-132.6,84.587
848,-132.6,84.687
849,-132.6,84.787
850,-132.4,84.886
851,-132.4,84.987
852,-132.4,85.087
853,-132.4,85.187
854,-132.4,85.287
855,-132.4,85.387
856,-132.4,85.489
857,-132.4,85.587
858,-132.4,85.687
859,-132.4,85.787
860,-132.4,85.886
861,-132.2,85.987
862,-132.2,86.087
863,-132.2,86.187
864,-132.2,86.289
865,-132.2,86.386
866,-132.2,86.489
867,-132.2,86.589
868,-132.2,86.688
869,-132.2,86.789
870,-132.2,86.889
871,-132,86.986
872,-132,87.088
873,-132,87.187
874,-132,87.286
875,-132,87.386
876,-132,87.486
877,-132,87.586
878,-132,87.686
879,-132,87.787
880,-131.8,87.888
881,-131.8,87.988
882,-131.8,88.087
883,-131.8,88.188
884,-131.8,88.288
885,-131.8,88.386
886,-131.8,88.486
887,-131.8,88.587
888,-131.8,88.687
889,-131.8,88.786
890,-131.8,88.886
891,-131.6,88.989
892,-131.6,89.087
893,-131.6,89.186
894,-131.6,89.287
895,-131.6,89.386
896,-131.6,89.488
897,-131.6,89.587
898,-131.6,89.687
899,-131.6,89.787
900,-131.6,89.886
901,-131.6,89.987
902,-131.4,90.088
903,-131.4,90.188
904,-131.4,90.287
905,-131.4,90.386
906,-131.4,90.487
907,-131.4,90.587
908,-131.4,90.687
909,-131.4,90.788
910,-131.4,90.887
911,-131.4,90.987
912,-131.4,91.088
913,-131.2,91.187
914,-131.2,91.288
915,-131.2,91.386
916,-131.2,91.488
917,-131.2,91.587
918,-131.2,91.688
919,-131.2,91.787
920,-131.2,91.886
921,-131.2,91.987
922,-131.2,92.088
923,-131.2,92.188
924,-131.2,92.287
925,-131.2,92.386
926,-131,92.488
927,-131,92.587
928,-131,92.687
929,-131,92.787
930,-131,92.886
931,-131,92.988
932,-131,93.088
933,-131,93.187
934,-131,93.287
935,-131,93.387
936,-131,93.488
937,-131,93.588
938,-130.8,93.688
939,-130.8,93.787
940,-130.8,93.887
941,-130.8,93.987
942,-130.8,94.087
943,-130.8,94.187
944,-130.8,94.288
945,-130.8,94.388
946,-130.8,94.488
947,-130.8,94.588
948,-128,94.687
949,-119,94.788
950,-119,94.887
951,-111.2,94.989
952,-100.2,95.087
953,-85.6,95.187
954,-75.8,95.287
955,-69.2,95.386
956,-69.2,95.486
957,-64,95.586
958,-59.6,95.687
959,-56.4,95.787
960,-54.2,95.886
961,-52.2,95.986
962,-52.2,96.087
963,-50.2,96.187
964,-49,96.287
965,-49.2,96.386
966,-49.8,96.486
967,-49.8,96.587
968,-50.4,96.687
969,-51,96.787
970,-51.6,96.885
971,-52,96.987
972,-52.4,97.087
973,-52.4,97.187
974,-52.8,97.286
975,-53.2,97.386
976,-53.4,97.487
977,-53.8,97.587
978,-54,97.687
979,-54,97.787
980,-54.2,97.886
981,-54.4,97.988
982,-54.6,98.088
983,-54.8,98.187
984,-55,98.286
985,-55,98.387
986,-55.2,98.487
987,-55.2,98.587
988,-55.4,98.687
989,-55.2,98.787
990,-54.8,98.887
991,-54.8,98.987
992,-54.8,99.087
993,-54.8,99.187
994,-55,99.287
995,-55.2,99.385
996,-55.2,99.487
997,-55.2,99.587
998,-55.4,99.687
999,-55.4,99.787
1000,-55.6,99.886
1001,-55.8,99.986
1002,-55.8,100.087
1003,-55.8,100.187
1004,-55.8,100.287
1005,-56,100.385
1006,-56.2,100.487
1007,-56.2,100.587
1008,-56.2,100.687
1009,-56.2,100.788
1010,-56.4,100.886
1011,-56.4,100.986
1012,-56.4,101.087
1013,-56.6,101.187
1014,-56.6,101.287
1015,-56.6,101.386
1016,-56.8,101.487
1017,-56.8,101.587
1018,-56.8,101.687
1019,-56.8,101.787
1020,-57,101.886
1021,-57,101.987
1022,-57,102.086
1023,-57.2,102.187
1024,-57.2,102.287
1025,-57.2,102.386
1026,-57.2,102.486
1027,-57.2,102.587
1028,-57.4,102.687
1029,-57.4,102.787
1030,-57.4,102.886
1031,-57.4,102.987
1032,-57.6,103.087
1033,-57.6,103.186
1034,-57.6,103.287
1035,-57.6,103.386
1036,-57.6,103.487
1037,-57.6,103.587
1038,-57.8,103.687
1039,-57.8,103.786
1040,-57.8,103.886
1041,-57.8,103.988
1042,-57.8,104.087
1043,-58,104.186
1044,-58,104.287
1045,-58,104.386
1046,-58,104.487
1047,-58.2,104.587
1048,-58.2,104.687
1049,-58.2,104.787
1050,-58.2,104.885
1051,-58.2,104.987
1052,-58.2,105.087
1053,-58.2,105.187
1054,-58.2,105.286
1055,-58.2,105.386
1056,-58.4,105.487
1057,-58.4,105.587
1058,-58.4,105.687
1059,-58.4,105.786
1060,-58.4,105.886
1061,-58.4,105.99
1062,-58.6,106.089
1063,-58.6,106.19
1064,-58.6,106.287
1065,-58.6,106.386
1066,-58.6,106.487
1067,-58.6,106.59
1068,-58.6,106.688
1069,-58.6,106.787
1070,-58.8,106.888
1071,-58.8,106.988
1072,-58.8,107.089
1073,-58.8,107.19
1074,-58.8,107.29
1075,-58.8,107.388
1076,-58.8,107.489
1077,-58.8,107.588
1078,-58.8,107.687
1079,-59,107.787
1080,-59,107.886
1081,-59,107.987
1082,-59,108.087
1083,-59,108.187
1084,-59,108.287
1085,-59,108.386
1086,-59,108.487
1087,-59.2,108.587
1088,-59.2,108.687
1089,-59.2,108.787
1090,-59.2,108.887
1091,-59.2,108.987
1092,-59.2,109.087
1093,-59.2,109.187
1094,-59.2,109.287
1095,-59.2,109.387
1096,-59.2,109.487
1097,-59.2,109.587
1098,-59.2,109.687
1099,-59.4,109.787
1100,-59.4,109.887
1101,-59.4,109.988
1102,-59.4,110.087
1103,-59.4,110.187
1104,-59.4,110.288
1105,-59.4,110.387
1106,-59.4,110.488
1107,-59.4,110.588
1108,-59.4,110.689
1109,-59.4,110.788
1110,-59.4,110.886
1111,-59.6,110.989
1112,-59.6,111.088
1113,-59.6,111.188
1114,-59.6,111.288
1115,-59.6,111.386
1116,-59.6,111.487
1117,-59.6,111.587
1118,-59.6,111.688
1119,-59.6,111.788
1120,-59.6,111.886
1121,-59.6,111.987
1122,-59.6,112.087
1123,-59.6,112.188
1124,-59.6,112.287
1125,-59.6,112.386
1126,-59.8,112.488
1127,-59.8,112.587
1128,-59.8,112.688
1129,-59.8,112.787
1130,-59.8,112.887
1131,-59.8,112.988
1132,-59.8,113.087
1133,-59.8,113.187
1134,-59.8,113.288
1135,-59.8,113.387
1136,-59.8,113.488
1137,-59.8,113.588
1138,-59.8,113.689
1139,-59.8,113.788
1140,-59.8,113.887
1141,-59.8,113.987
1142,-60,114.087
1143,-60,114.188
1144,-60,114.288
1145,-60,114.387
1146,-60,114.488
1147,-60,114.588
1148,-60,114.688
1149,-60,114.787
1150,-60,114.887
1151,-60,114.988
1152,-60,115.087
1153,-60,115.188
1154,-60,115.288
1155,-60,115.386
1156,-60.2,115.487
1157,-60.2,115.587
1158,-60.2,115.687
1159,-60.2,115.788
1160,-60.2,115.887
1161,-60.2,115.988
1162,-60.2,116.088
1163,-60.2,116.188
1164,-60.2,116.287
1165,-60.2,116.387
1166,-60.2,116.487
1167,-60.2,116.588
1168,-60.2,116.687
1169,-60.2,116.788
1170,-60.2,116.887
1171,-60.2,116.988
1172,-60.2,117.087
1173,-60.2,117.187
1174,-60.2,117.287
1175,-60.2,117.386
1176,-60.2,117.487
1177,-60.4,117.588
1178,-60.4,117.688
1179,-60.4,117.788
1180,-60.4,117.886
1181,-60.4,117.988
1182,-60.4,118.088
1183,-60.4,118.188
1184,-60.4,118.288
1185,-60.4,118.387
1186,-60.4,118.487
1187,-60.4,118.587
1188,-60.4,118.688
1189,-60.4,118.788
1190,-60.4,118.887
1191,-60.4,118.988
1192,-60.4,119.088
1193,-60.4,119.188
1194,-60.4,119.288
1195,-60.4,119.387
1196,-60.4,119.488
1197,-60.4,119.588
1198,-60.4,119.688
1199,-60.4,119.788
1200,-60.4,119.887
1201,-60.4,119.988
1202,-60.6,120.087
1203,-60.6,120.187
1204,-60.6,120.288
1205,-60.6,120.387
1206,-60.6,120.487
1207,-60.6,120.588
1208,-60.6,120.688
1209,-60.6,120.787
1210,-60.6,120.887
1211,-60.6,120.988
1212,-60.6,121.088
1213,-60.6,121.187
1214,-60.6,121.288
1215,-60.6,121.387
1216,-60.6,121.487
1217,-60.6,121.588
1218,-60.6,121.687
1219,-60.6,121.788
1220,-60.6,121.886
1221,-60.6,121.987
1222,-60.6,122.088
1223,-60.6,122.187
1224,-60.6,122.287
1225,-60.6,122.386
1226,-60.8,122.488
1227,-60.8,122.591
1228,-60.8,122.689
1229,-60.8,122.788
1230,-60.8,122.887
1231,-60.8,122.987
1232,-60.8,123.088
1233,-60.8,123.188
1234,-60.8,123.288
1235,-60.8,123.386
1236,-60.8,123.488
1237,-60.8,123.589
1238,-60.8,123.687
1239,-60.8,123.787
1240,-60.8,123.886
1241,-60.8,123.988
1242,-60.8,124.088
1243,-60.8,124.187
1244,-60.8,124.288
1245,-60.8,124.386
1246,-60.8,124.487
1247,-60.8,124.587
1248,-60.8,124.688
1249,-60.8,124.788
1250,-60.8,124.886
1251,-60.8,124.988
1252,-60.8,125.087
1253,-60.8,125.188
1254,-60.8,125.288
1255,-60.8,125.386
1256,-60.8,125.488
1257,-60.8,125.587
1258,-61,125.688
1259,-61,125.788
1260,-61,125.886
1261,-61,125.987
1262,-61,126.087
1263,-61,126.188
1264,-61,126.288
1265,-61,126.386
1266,-61,126.487
1267,-61,126.589
1268,-61,126.688
1269,-61,126.788
1270,-61,126.888
1271,-61,126.988
1272,-61,127.087
1273,-61,127.187
1274,-61,127.289
1275,-61,127.386
1276,-61,127.487
1277,-61,127.587
1278,-61,127.687
1279,-61,127.787
1280,-61,127.886
1281,-61,127.99
1282,-61,128.087
1283,-61,128.188
1284,-61,128.29
1285,-61,128.386
1286,-61,128.488
1287,-61,128.587
1288,-61,128.688
1289,-61.2,128.787
1290,-61.2,128.886
1291,-61.2,128.989
1292,-61.2,129.089
1293,-61.2,129.189
1294,-61.2,129.288
1295,-61.2,129.387
1296,-61.2,129.488
1297,-61.2,129.587
1298,-61.2,129.687
1299,-61.2,129.787
1300,-61.2,129.888
1301,-61.2,129.989
1302,-61.2,130.088
1303,-61.2,130.187
1304,-61.2,130.288
1305,-61.2,130.386
1306,-61.2,130.489
1307,-61.2,130.588
1308,-61.2,130.687
1309,-61.2,130.787
1310,-61.2,130.886
1311,-61.2,130.988
1312,-61.2,131.089
1313,-61.2,131.187
1314,-61.2,131.287
1315,-61.2,131.386
1316,-61.2,131.487
1317,-61.2,131.587
1318,-61.2,131.689
1319,-61.2,131.788
1320,-61.2,131.886
1321,-61.2,131.988
1322,-61.2,132.088
1323,-61.2,132.187
1324,-61.2,132.287
1325,-61.2,132.386
1326,-61.2,132.487
1327,-61.2,132.588
1328,-61.4,132.687
1329,-61.4,132.787
1330,-61.2,132.886
1331,-61.2,132.988
1332,-61.2,133.087
1333,-61.4,133.187
1334,-61.4,133.287
1335,-61.4,133.386
1336,-61.4,133.487
1337,-61.4,133.587
1338,-61.4,133.69
1339,-61.4,133.789
1340,-61.4,133.886
1341,-61.4,133.987
1342,-61.4,134.088
1343,-61.4,134.187
1344,-61.4,134.287
1345,-61.4,134.388
1346,-61.4,134.487
1347,-61.4,134.587
1348,-61.4,134.688
1349,-61.4,134.788
1350,-61.4,134.886
1351,-61.4,134.987
1352,-61.4,135.087
1353,-61.4,135.187
1354,-61.4,135.287
1355,-61.4,135.387
1356,-61.4,135.488
1357,-61.4,135.587
1358,-61.4,135.688
1359,-61.4,135.788
1360,-61.4,135.886
1361,-61.4,135.987
1362,-61.4,136.087
1363,-61.4,136.187
1364,-61.4,136.287
1365,-61.4,136.387
1366,-61.4,136.487
1367,-61.4,136.587
1368,-61.4,136.687
1369,-61.4,136.79
1370,-61.4,136.887
1371,-61.4,136.986
1372,-61.4,137.087
1373,-61.4,137.187
1374,-61.4,137.287
1375,-61.4,137.386
1376,-61.4,137.487
1377,-61.4,137.586
1378,-61.4,137.687
1379,-61.4,137.787
1380,-61.4,137.885
1381,-61.4,137.987
1382,-61.4,138.087
1383,-61.4,138.189
1384,-61.4,138.287
1385,-61.4,138.386
1386,-61.4,138.487
1387,-61.4,138.593
1388,-61.4,138.693
1389,-61.4,138.788
1390,-61.4,138.889
1391,-61.6,138.99
1392,-61.4,139.087
1393,-61.4,139.187
1394,-61.6,139.287
1395,-61.6,139.386
1396,-61.6,139.487
1397,-61.6,139.586
1398,-61.6,139.687
1399,-61.6,139.787
1400,-61.6,139.886
1401,-61.6,139.986
1402,-61.6,140.087
1403,-63.6,140.187
1404,-70.2,140.287
1405,-80.2,140.386
1406,-90.6,140.487
1407,-90.6,140.587
1408,-97.6,140.687
1409,-104.6,140.786
1410,-111.8,140.886
1411,-122.2,140.987
1412,-122.2,141.087
1413,-129.8,141.187
1414,-131.8,141.287
1415,-133.2,141.386
1416,-137.2,141.487
1417,-143.8,141.587
1418,-143.8,141.687
1419,-148.6,141.787
1420,-153,141.886
1421,-155.6,141.986
1422,-156.2,142.086
1423,-161.2,142.187
1424,-161.2,142.287
1425,-164.4,142.386
1426,-164.4,142.486
1427,-163.6,142.587
1428,-162.2,142.687
1429,-162.2,142.787
1430,-161,142.885
1431,-159.8,142.987
1432,-159,143.087
1433,-158.2,143.187
1434,-157.4,143.287
1435,-157.4,143.386
1436,-156.8,143.487
1437,-156.2,143.587
1438,-155.6,143.686
1439,-155.2,143.787
1440,-154.6,143.886
1441,-154.6,143.989
1442,-154.2,144.087
1443,-153.8,144.187
1444,-153.4,144.287
1445,-153,144.386
1446,-152.6,144.489
1447,-152.6,144.589
1448,-152.4,144.686
1449,-152,144.788
1450,-151.8,144.886
1451,-151.4,144.986
1452,-151.4,145.087
1453,-151.2,145.187
1454,-151,145.286
1455,-150.6,145.386
1456,-150.4,145.487
1457,-150.2,145.587
1458,-150.2,145.687
1459,-150,145.787
1460,-149.6,145.886
1461,-149.4,145.987
1462,-149,146.087
1463,-149,146.187
1464,-149,146.287
1465,-148.8,146.386
1466,-148.6,146.487
1467,-148.4,146.587
1468,-148.2,146.687
1469,-148,146.787
1470,-148,146.885
1471,-148,146.987
1472,-147.8,147.087
1473,-147.6,147.186
1474,-147.4,147.287
1475,-147.4,147.386
1476,-147.4,147.487
1477,-147.2,147.587
1478,-147,147.686
1479,-147,147.787
1480,-146.8,147.886
1481,-146.8,147.987
1482,-146.8,148.087
1483,-146.6,148.187
1484,-146.4,148.287
1485,-146.4,148.385
1486,-146.2,148.486
1487,-146.2,148.586
1488,-146.2,148.688
1489,-146,148.788
1490,-146,148.886
1491,-145.8,148.986
1492,-145.8,149.087
1493,-145.8,149.187
1494,-145.6,149.286
1495,-145.4,149.386
1496,-145.4,149.487
1497,-145.4,149.587
1498,-145.2,149.687
1499,-145.2,149.787
1500,-145.2,149.886
1501,-145,149.986
1502,-145,150.086
1503,-145,150.187
1504,-145,150.287
1505,-144.8,150.386
1506,-144.8,150.487
1507,-144.6,150.587
1508,-144.6,150.687
1509,-144.4,150.788
1510,-144.4,150.885
1511,-144.4,150.987
1512,-144.2,151.087
1513,-144.2,151.187
1514,-144.2,151.287
1515,-144,151.385
1516,-144,151.486
1517,-144,151.587
1518,-144,151.687
1519,-143.8,151.787
1520,-143.8,151.886
1521,-143.8,151.986
1522,-143.8,152.087
1523,-143.6,152.187
1524,-143.6,152.287
1525,-143.4,152.385
1526,-143.4,152.487
1527,-143.4,152.587
1528,-143.4,152.687
1529,-143.2,152.787
1530,-143.2,152.886
1531,-143.2,152.987
1532,-143,153.087
1533,-143,153.186
1534,-143,153.287
1535,-143,153.386
1536,-142.8,153.486
1537,-142.8,153.587
1538,-142.8,153.687
1539,-142.8,153.787
1540,-142.8,153.885
1541,-142.6,153.987
1542,-142.6,154.087
1543,-142.6,154.186
1544,-142.4,154.286
1545,-142.4,154.386
1546,-142.4,154.487
1547,-142.4,154.587
1548,-142.2,154.686
1549,-142.2,154.788
1550,-142.2,154.886
1551,-142.2,154.987
1552,-142.2,155.086
1553,-142,155.187
1554,-142,155.287
1555,-142,155.385
1556,-142,155.486
1557,-141.8,155.587
1558,-141.8,155.687
1559,-141.8,155.787
1560,-141.8,155.886
1561,-141.8,155.987
1562,-141.8,156.087
1563,-141.6,156.187
1564,-141.6,156.286
1565,-141.6,156.386
1566,-141.4,156.486
1567,-141.4,156.587
1568,-141.4,156.687
1569,-141.4,156.787
1570,-141.4,156.886
1571,-141.2,156.986
1572,-141.2,157.087
1573,-141.2,157.187
1574,-141.2,157.286
1575,-141.2,157.385
1576,-141,157.486
1577,-141,157.587
1578,-141,157.687
1579,-141,157.787
1580,-141,157.886
1581,-141,157.987
1582,-140.8,158.087
1583,-140.8,158.189
1584,-140.8,158.288
1585,-140.8,158.386
1586,-140.8,158.487
1587,-140.8,158.587
1588,-140.6,158.687
1589,-140.6,158.787
1590,-140.6,158.887
1591,-140.6,158.987
1592,-140.6,159.087
1593,-140.4,159.187
1594,-140.4,159.287
1595,-140.4,159.386
1596,-140.4,159.487
1597,-140.4,159.588
1598,-140.4,159.687
1599,-140.2,159.787
1600,-140.2,159.886
1601,-140.2,159.986
1602,-140.2,160.087
1603,-140.2,160.187
1604,-140.2,160.287
1605,-140,160.386
1606,-140,160.487
1607,-140,160.587
1608,-140,160.687
1609,-140,160.787
1610,-140,160.886
1611,-139.8,160.986
1612,-139.8,161.087
1613,-139.8,161.187
1614,-139.8,161.287
1615,-139.8,161.388
1616,-139.8,161.487
1617,-139.6,161.586
1618,-139.6,161.687
1619,-139.6,161.788
1620,-139.6,161.886
1621,-139.6,161.986
1622,-139.6,162.087
1623,-139.6,162.187
1624,-139.4,162.29
1625,-139.4,162.386
1626,-139.4,162.487
1627,-139.4,162.587
1628,-139.4,162.686
1629,-139.4,162.787
1630,-139.2,162.886
1631,-139.2,162.988
1632,-139.2,163.089
1633,-139.2,163.191
1634,-139.2,163.292
1635,-139.2,163.392
1636,-139.2,163.491
1637,-139.2,163.592
1638,-139,163.689
1639,-139,163.787
1640,-139,163.887
1641,-139,163.988
1642,-139,164.087
1643,-139,164.187
1644,-139,164.286
1645,-139,164.386
1646,-138.8,164.487
1647,-138.8,164.588
1648,-138.8,164.688
1649,-138.8,164.788
1650,-138.8,164.886
1651,-138.8,164.987
1652,-138.8,165.088
1653,-138.6,165.191
1654,-138.6,165.287
1655,-138.6,165.387
1656,-138.6,165.487
1657,-138.6,165.586
1658,-138.6,165.687
1659,-138.6,165.788
1660,-138.6,165.888
1661,-138.6,165.989
1662,-138.4,166.088
1663,-138.4,166.188
1664,-138.4,166.288
1665,-138.4,166.391
1666,-138.4,166.491
1667,-138.4,166.59
1668,-138.4,166.69
1669,-138.4,166.788
1670,-138.2,166.886
1671,-138.2,166.987
1672,-138.2,167.091
1673,-138.2,167.191
1674,-138.2,167.289
1675,-138.2,167.389
1676,-138.2,167.487
1677,-138.2,167.588
1678,-138.2,167.687
1679,-138,167.787
1680,-138,167.886
1681,-138,167.988
1682,-138,168.088
1683,-138,168.187
1684,-138,168.287
1685,-138,168.388
1686,-138,168.487
1687,-137.8,168.587
1688,-137.8,168.688
1689,-137.8,168.788
1690,-137.8,168.886
1691,-137.8,168.987
1692,-137.8,169.088
1693,-137.8,169.187
1694,-137.8,169.287
1695,-137.8,169.386
1696,-137.8,169.487
1697,-137.6,169.588
1698,-137.6,169.688
1699,-137.6,169.788
1700,-137.6,169.887
1701,-137.6,169.987
1702,-137.6,170.088
1703,-137.6,170.188
1704,-137.6,170.288
1705,-137.6,170.387
1706,-137.6,170.488
1707,-137.4,170.588
1708,-137.4,170.689
1709,-137.4,170.787
1710,-137.4,170.891
1711,-137.4,170.99
1712,-137.4,171.088
1713,-137.4,171.187
1714,-137.4,171.29
1715,-137.2,171.39
1716,-137.2,171.489
1717,-137.2,171.59
1718,-137.2,171.688
1719,-137.2,171.79
1720,-137.2,171.887
1721,-137.2,171.987
1722,-137.2,172.087
1723,-137.2,172.187
1724,-137.2,172.287
1725,-137.2,172.386
1726,-137,172.487
1727,-137,172.586
1728,-137,172.687
1729,-137,172.788
1730,-137,172.886
1731,-137,172.987
1732,-137,173.087
1733,-137,173.187
1734,-137,173.287
1735,-137,173.386
1736,-137,173.487
1737,-136.8,173.587
1738,-136.8,173.686
1739,-136.8,173.787
1740,-136.8,173.886
1741,-136.8,173.986
1742,-136.8,174.087
1743,-136.8,174.187
1744,-136.8,174.287
1745,-136.8,174.386
1746,-136.6,174.487
1747,-136.6,174.587
1748,-136.6,174.686
1749,-136.6,174.787
1750,-136.6,174.886
1751,-136.6,174.987
1752,-136.6,175.088
1753,-136.6,175.187
1754,-136.6,175.287
1755,-136.6,175.386
1756,-136.6,175.487
1757,-136.6,175.587
1758,-136.6,175.687
1759,-136.6,175.787
1760,-136.4,175.886
1761,-136.4,175.987
1762,-136.4,176.089
1763,-136.4,176.187
1764,-136.4,176.288
1765,-136.4,176.386
1766,-136.4,176.488
1767,-136.4,176.588
1768,-136.4,176.687
1769,-136.4,176.788
1770,-136.4,176.887
1771,-136.2,176.988
1772,-136.2,177.087
1773,-136.2,177.187
1774,-136.2,177.287
1775,-136.2,177.385
1776,-136.2,177.487
1777,-136.2,177.587
1778,-136.2,177.687
1779,-136.2,177.787
1780,-136.2,177.886
1781,-136.2,177.987
1782,-136.2,178.088
1783,-136,178.187
1784,-136,178.288
1785,-136,178.386
1786,-136,178.487
1787,-136,178.587
1788,-136,178.688
1789,-136,178.787
1790,-136,178.887
1791,-136,178.987
1792,-136,179.091
1793,-136,179.188
1794,-136,179.288
1795,-135.8,179.387
1796,-135.8,179.487
1797,-135.8,179.586
1798,-135.8,179.687
1799,-135.8,179.788
1800,-135.8,179.886
1801,-135.8,179.988
1802,-135.8,180.087
1803,-135.8,180.187
1804,-135.8,180.287
1805,-135.8,180.387
1806,-135.8,180.488
1807,-135.6,180.588
1808,-135.6,180.688
1809,-135.6,180.787
1810,-135.6,180.885
1811,-135.6,180.988
1812,-135.6,181.087
1813,-135.6,181.186
1814,-135.6,181.287
1815,-135.6,181.387
1816,-135.6,181.487
1817,-135.6,181.588
1818,-135.6,181.688
1819,-135.6,181.787
1820,-135.4,181.887
1821,-135.4,181.99
1822,-135.4,182.087
1823,-135.4,182.188
1824,-135.4,182.288
1825,-135.4,182.386
1826,-135.4,182.487
1827,-135.4,182.588
1828,-135.4,182.687
1829,-135.4,182.787
1830,-135.4,182.887
1831,-135.4,182.99
1832,-135.4,183.088
1833,-135.4,183.188
1834,-135.4,183.289
1835,-135.2,183.387
1836,-135.2,183.487
1837,-135.2,183.587
1838,-135.2,183.687
1839,-135.2,183.787
1840,-135,183.888
1841,-132.8,183.987
1842,-128,184.087
1843,-119.4,184.187
1844,-111.4,184.287
1845,-111.4,184.386
1846,-105.6,184.487
1847,-100.2,184.587
1848,-97.4,184.686
1849,-90.4,184.787
1850,-77,184.886
1851,-77,184.987
1852,-70.8,185.087
1853,-64,185.187
1854,-57,185.287
1855,-51,185.385
1856,-44.2,185.488
1857,-44.2,185.587
1858,-34.6,185.687
1859,-27,185.787
1860,-21.6,185.886
1861,-19,185.987
1862,-17.4,186.087
1863,-17.4,186.187
1864,-14.2,186.287
1865,-9.4,186.386
1866,-6.8,186.487
1867,-4.8,186.587
1868,-4.8,186.687
1869,-3.6,186.787
1870,-4,186.886
1871,-4.8,186.989
1872,-5.4,187.087
1873,-6.2,187.187
1874,-6.2,187.287
1875,-6.8,187.387
1876,-7.2,187.488
1877,-7.8,187.588
1878,-8.2,187.689
1879,-8.4,187.788
1880,-8.4,187.886
1881,-8.8,187.989
1882,-9,188.089
1883,-9.4,188.188
1884,-9.8,188.287
1885,-10,188.387
1886,-10,188.488
1887,-10.4,188.587
1888,-10.6,188.687
1889,-10.8,188.788
1890,-11,188.886
1891,-11,188.987
1892,-11.2,189.087
1893,-11.4,189.187
1894,-11.6,189.288
1895,-11.6,189.386
1896,-11.8,189.487
1897,-11.8,189.587
1898,-12,189.687
1899,-12.2,189.789
1900,-12.2,189.886
1901,-12.4,189.987
1902,-12.6,190.087
1903,-12.6,190.187
1904,-12.8,190.287
1905,-12.8,190.386
1906,-12.8,190.489
1907,-13,190.587
1908,-13.2,190.688
1909,-13.2,190.787
1910,-13.2,190.886
1911,-13.4,190.986
1912,-13.4,191.087
1913,-13.6,191.187
1914,-13.6,191.287
1915,-13.6,191.385
1916,-13.8,191.487
1917,-13.8,191.591
1918,-14,191.688
1919,-14,191.787
1920,-14,191.886
1921,-14,191.987
1922,-14.2,192.087
1923,-14.2,192.187
1924,-14.4,192.291
1925,-14.4,192.387
1926,-14.4,192.487
1927,-14.4,192.587
1928,-14.6,192.687
1929,-14.6,192.787
1930,-14.8,192.886
1931,-14.8,192.988
1932,-14.8,193.086
1933,-14.8,193.187
1934,-15,193.292
1935,-15,193.39
1936,-15,193.487
1937,-15,193.587
1938,-15,193.687
1939,-15.2,193.79
1940,-15.2,193.886
1941,-15.2,193.991
1942,-15.2,194.089
1943,-15.2,194.187
1944,-15.4,194.289
1945,-15.4,194.386
1946,-15.4,194.486
1947,-15.6,194.587
1948,-15.6,194.687
1949,-15.6,194.787
1950,-15.6,194.886
1951,-15.8,194.992
1952,-15.8,195.088
1953,-15.8,195.187
1954,-15.8,195.287
1955,-15.8,195.387
1956,-16,195.487
1957,-16,195.587
1958,-16,195.688
1959,-16,195.789
1960,-16,195.886
1961,-16,195.987
1962,-16.2,196.087
1963,-16.2,196.187
1964,-16.2,196.286
1965,-16.2,196.386
1966,-16.2,196.487
1967,-16.4,196.587
1968,-16.4,196.686
1969,-16.4,196.787
1970,-16.4,196.886
1971,-16.4,196.987
1972,-16.4,197.087
1973,-16.4,197.187
1974,-16.6,197.287
1975,-16.6,197.387
1976,-16.6,197.49
1977,-16.6,197.587
1978,-16.6,197.687
1979,-16.8,197.786
1980,-16.8,197.885
1981,-16.8,197.986
1982,-16.8,198.087
1983,-16.8,198.187
1984,-16.8,198.287
1985,-16.8,198.386
1986,-17,198.487
1987,-17,198.587
1988,-17,198.687
1989,-17,198.787
1990,-17,198.886
1991,-17,198.987
1992,-17,199.089
1993,-17,199.187
1994,-17.2,199.286
1995,-17.2,199.386
1996,-17.2,199.486
1997,-17.2,199.587
1998,-17.2,199.687
1999,-17.2,199.786
2000,-17.2,199.886
2001,-17.2,199.987
2002,-17.4,200.087
2003,-17.4,200.187
2004,-17.4,200.287
2005,-17.4,200.386
2006,-17.4,200.486
2007,-17.4,200.587
2008,-17.4,200.688
2009,-17.4,200.787
2010,-17.6,200.886
2011,-17.6,200.987
2012,-17.6,201.086
2013,-17.6,201.188
2014,-17.6,201.287
2015,-17.6,201.385
2016,-17.6,201.487
2017,-17.8,201.587
2018,-17.8,201.687
2019,-17.8,201.787
2020,-17.8,201.886
2021,-17.8,201.987
2022,-17.8,202.087
2023,-17.8,202.189
2024,-17.8,202.288
2025,-17.8,202.385
2026,-17.8,202.486
2027,-18,202.588
2028,-18,202.687
2029,-18,202.787
2030,-18,202.885
2031,-18,202.986
2032,-18,203.087
2033,-18,203.188
2034,-18,203.287
2035,-18,203.386
2036,-18,203.487
2037,-18,203.586
2038,-18,203.687
2039,-18.2,203.787
2040,-18.2,203.886
2041,-18.2,203.988
2042,-18.2,204.087
2043,-18.2,204.187
2044,-18.2,204.287
2045,-18.2,204.386
2046,-18.2,204.487
2047,-18.2,204.59
2048,-18.2,204.688
2049,-18.2,204.787
2050,-18.4,204.886
2051,-18.4,204.987
2052,-18.4,205.087
2053,-18.4,205.189
2054,-18.4,205.287
2055,-18.4,205.386
2056,-18.4,205.487
2057,-18.4,205.587
2058,-18.4,205.686
2059,-18.4,205.787
2060,-18.4,205.887
2061,-18.6,205.987
2062,-18.6,206.089
2063,-18.6,206.188
2064,-18.6,206.286
2065,-18.6,206.386
2066,-18.6,206.488
2067,-18.6,206.588
2068,-18.6,206.687
2069,-18.6,206.788
2070,-18.6,206.885
2071,-18.6,206.988
2072,-18.8,207.088
2073,-18.8,207.187
2074,-18.8,207.288
2075,-18.8,207.386
2076,-18.8,207.487
2077,-18.8,207.587
2078,-18.8,207.687
2079,-18.8,207.787
2080,-18.8,207.887
2081,-18.8,207.987
2082,-18.8,208.087
2083,-18.8,208.187
2084,-18.8,208.286
2085,-18.8,208.386
2086,-19,208.487
2087,-19,208.587
2088,-19,208.687
2089,-19,208.787
2090,-19,208.886
2091,-19,208.987
2092,-19,209.087
2093,-19,209.187
2094,-19,209.287
2095,-19,209.386
2096,-19,209.487
2097,-19,209.587
2098,-19,209.687
2099,-19,209.787
2100,-19,209.886
2101,-19,209.988
2102,-19,210.09
2103,-19.2,210.191
2104,-19.2,210.293
2105,-19.2,210.387
2106,-19.2,210.487
2107,-19.2,210.588
2108,-19.2,210.688
2109,-19.2,210.788
2110,-19.2,210.886
2111,-19.2,210.987
2112,-19.2,211.087
2113,-19.2,211.188
2114,-19.2,211.287
2115,-19.2,211.386
2116,-19.2,211.488
2117,-19.2,211.587
2118,-19.2,211.688
2119,-19.2,211.788
2120,-19.4,211.886
2121,-19.4,211.987
2122,-19.4,212.088
2123,-19.4,212.188
2124,-19.4,212.287
2125,-19.4,212.387
2126,-19.4,212.488
2127,-19.4,212.588
2128,-19.4,212.687
2129,-19.4,212.788
2130,-19.4,212.886
2131,-19.4,212.987
2132,-19.4,213.087
2133,-19.4,213.188
2134,-19.4,213.287
2135,-19.4,213.386
2136,-19.6,213.489
2137,-19.6,213.588
2138,-19.6,213.687
2139,-19.6,213.789
2140,-19.6,213.887
2141,-19.6,213.99
2142,-19.6,214.09
2143,-19.6,214.19
2144,-19.6,214.288
2145,-19.6,214.388
2146,-19.6,214.49
2147,-19.6,214.59
2148,-19.6,214.69
2149,-19.6,214.791
2150,-19.6,214.891
2151,-19.6,214.99
2152,-19.8,215.091
2153,-19.8,215.19
2154,-19.8,215.289
2155,-19.8,215.39
2156,-19.8,215.491
2157,-19.8,215.592
2158,-19.8,215.691
2159,-19.8,215.788
2160,-19.8,215.89
2161,-19.8,215.988
2162,-19.8,216.087
2163,-19.8,216.188
2164,-19.8,216.288
2165,-19.8,216.387
2166,-19.8,216.488
2167,-19.8,216.588
2168,-19.8,216.688
2169,-19.8,216.79
2170,-19.8,216.886
2171,-20,216.988
2172,-20,217.087
2173,-20,217.188
2174,-20,217.287
2175,-20,217.386
2176,-20,217.488
2177,-20,217.587
2178,-20,217.689
2179,-20,217.787
2180,-20,217.886
2181,-20,217.988
2182,-20,218.087
2183,-20,218.189
2184,-20,218.287
2185,-20,218.386
2186,-20,218.49
2187,-20,218.588
2188,-20,218.687
2189,-20,218.788
2190,-20,218.888
2191,-20,218.988
2192,-20,219.087
2193,-20.2,219.188
2194,-20.2,219.288
2195,-20.2,219.386
2196,-20.2,219.487
2197,-20.2,219.587
2198,-20.2,219.687
2199,-20.2,219.787
2200,-20.2,219.886
2201,-20.2,219.992
2202,-20.2,220.088
2203,-20.2,220.187
2204,-20.2,220.287
2205,-20.2,220.386
2206,-20.2,220.487
2207,-20.2,220.587
2208,-20.2,220.687
2209,-20.2,220.787
2210,-20.2,220.886
2211,-20.2,220.988
2212,-20.2,221.087
2213,-20.2,221.187
2214,-20.2,221.287
2215,-20.2,221.386
2216,-20.2,221.487
2217,-20.2,221.587
2218,-20.2,221.689
2219,-20.2,221.787
2220,-20.2,221.887
2221,-20.4,221.991
2222,-20.4,222.088
2223,-20.4,222.187
2224,-20.4,222.287
2225,-20.4,222.387
2226,-20.4,222.489
2227,-20.4,222.59
2228,-20.4,222.688
2229,-20.4,222.787
2230,-20.4,222.886
2231,-20.4,222.989
2232,-20.4,223.087
2233,-20.4,223.187
2234,-20.4,223.287
2235,-20.4,223.386
2236,-20.4,223.487
2237,-20.4,223.587
2238,-20.4,223.687
2239,-20.4,223.787
2240,-20.4,223.887
2241,-20.4,223.987
2242,-20.4,224.087
2243,-20.4,224.187
2244,-20.4,224.287
2245,-20.4,224.386
2246,-20.4,224.487
2247,-20.6,224.588
2248,-20.6,224.688
2249,-20.6,224.787
2250,-20.6,224.886
2251,-20.6,224.986
2252,-20.6,225.087
2253,-20.6,225.189
2254,-20.6,225.289
2255,-20.6,225.387
2256,-20.6,225.487
2257,-20.6,225.587
2258,-20.6,225.688
2259,-20.6,225.787
2260,-20.6,225.887
2261,-20.6,225.986
2262,-20.6,226.089
2263,-20.6,226.188
2264,-20.6,226.288
2265,-20.6,226.386
2266,-20.6,226.488
2267,-20.6,226.588
2268,-20.6,226.687
2269,-20.6,226.787
2270,-20.6,226.889
2271,-20.8,226.987
2272,-20.8,227.089
2273,-20.8,227.187
2274,-20.8,227.289
2275,-20.8,227.386
2276,-20.8,227.487
2277,-20.8,227.587
2278,-20.8,227.69
2279,-20.8,227.787
2280,-20.8,227.888
2281,-20.8,227.987
2282,-20.8,228.087
2283,-20.8,228.188
2284,-20.8,228.287
2285,-20.8,228.386
2286,-20.8,228.486
2287,-20.8,228.588
2288,-20.8,228.687
2289,-20.8,228.787
2290,-20.8,228.886
2291,-20.8,228.987
2292,-20.8,229.089
2293,-20.8,229.187
2294,-20.8,229.287
2295,-20.8,229.387
2296,-20.8,229.487
2297,-20.8,229.587
2298,-20.8,229.687
2299,-20.8,229.79
2300,-21,229.886
2301,-21,229.987
2302,-21,230.087
2303,-21,230.187
2304,-21,230.287
2305,-21,230.386
2306,-21,230.487
2307,-21,230.587
2308,-21,230.686
2309,-21,230.789
2310,-21,230.886
2311,-21,230.988
2312,-21,231.089
2313,-21,231.187
2314,-21,231.287
2315,-21,231.386
2316,-21,231.487
2317,-21,231.588
2318,-21,231.691
2319,-21,231.788
2320,-21,231.886
2321,-21,231.987
2322,-21,232.087
2323,-21,232.188
2324,-21,232.288
2325,-21,232.386
2326,-21,232.488
2327,-21,232.591
2328,-21,232.688
2329,-21,232.787
2330,-21,232.886
2331,-21,232.988
2332,-21,233.087
2333,-21,233.187
2334,-21,233.287
2335,-22.8,233.388
2336,-22.8,233.488
2337,-34.8,233.587
2338,-48.6,233.687
2339,-58.2,233.787
2340,-65.2,233.888
2341,-67.2,233.988
2342,-67.2,234.087
2343,-67.8,234.187
2344,-68.4,234.288
2345,-68.2,234.388
2346,-67.6,234.488
2347,-67.6,234.588
2348,-67,234.687
2349,-66.6,234.787
2350,-66.2,234.89
2351,-65.8,234.987
2352,-65.6,235.086
2353,-65.6,235.187
2354,-65.2,235.287
2355,-65,235.386
2356,-64.8,235.487
2357,-64.6,235.587
2358,-64.4,235.688
2359,-64.4,235.788
2360,-64.2,235.886
2361,-64,235.986
2362,-64,236.086
2363,-63.8,236.187
2364,-63.6,236.287
2365,-63.6,236.386
2366,-63.4,236.487
2367,-63.4,236.586
2368,-63.2,236.688
2369,-63,236.786
2370,-63,236.885
2371,-62.8,236.986
2372,-62.8,237.087
2373,-62.6,237.186
2374,-62.6,237.286
2375,-62.4,237.386
2376,-62.4,237.486
2377,-62.4,237.586
2378,-62.4,237.687
2379,-62.2,237.786
2380,-62.2,237.886
2381,-62.2,237.986
2382,-62.2,238.086
2383,-62.2,238.186
2384,-62,238.287
2385,-62,238.385
2386,-61.8,238.487
2387,-61.8,238.586
2388,-61.8,238.686
2389,-61.8,238.786
2390,-61.8,238.885
2391,-61.8,238.988
2392,-61.6,239.087
2393,-61.6,239.187
2394,-61.6,239.287
2395,-61.6,239.388
2396,-61.6,239.488
2397,-61.4,239.588
2398,-61.4,239.688
2399,-61.4,239.787
2400,-61.4,239.886
2401,-61.4,239.987
2402,-61.4,240.087
2403,-61.4,240.187
2404,-61.2,240.287
2405,-61.2,240.386
2406,-61.2,240.487
2407,-61.2,240.587
2408,-61.2,240.687
2409,-61.2,240.787
2410,-61.2,240.886
2411,-61.2,240.987
2412,-61,241.087
2413,-61,241.187
2414,-61,241.287
2415,-61,241.386
2416,-61,241.487
2417,-61,241.587
2418,-60.8,241.687
2419,-60.8,241.788
2420,-60.8,241.886
2421,-60.8,241.987
2422,-60.8,242.088
2423,-60.8,242.187
2424,-60.8,242.287
2425,-60.8,242.386
2426,-60.8,242.487
2427,-60.8,242.588
2428,-60.8,242.688
2429,-60.6,242.789
2430,-60.6,242.886
2431,-60.6,242.988
2432,-60.6,243.087
2433,-60.6,243.191
2434,-60.6,243.289
2435,-60.6,243.387
2436,-60.6,243.488
2437,-60.6,243.588
2438,-60.4,243.689
2439,-60.4,243.79
2440,-60.4,243.886
2441,-60.4,243.989
2442,-60.4,244.088
2443,-60.4,244.187
2444,-60.4,244.287
2445,-60.4,244.389
2446,-60.4,244.489
2447,-60.4,244.587
2448,-60.4,244.687
2449,-60.4,244.787
2450,-60.4,244.886
2451,-60.4,244.987
2452,-60.4,245.087
2453,-60.2,245.187
2454,-60.2,245.289
2455,-60.2,245.386
2456,-60.2,245.487
2457,-60.2,245.589
2458,-60.2,245.687
2459,-60.2,245.787
2460,-60.2,245.886
2461,-60.2,245.987
2462,-60.2,246.087
2463,-60.2,246.187
2464,-60.2,246.287
2465,-60.2,246.386
2466,-60.2,246.487
2467,-60.2,246.587
2468,-60.2,246.687
2469,-60.2,246.787
2470,-60,246.887
2471,-60,246.986
2472,-60,247.087
2473,-60,247.187
2474,-60,247.287
2475,-60,247.387
2476,-60,247.487
2477,-60,247.587
2478,-60,247.688
2479,-60,247.787
2480,-60,247.886
2481,-60,247.986
2482,-60,248.087
2483,-60,248.187
2484,-60,248.287
2485,-59.8,248.386
2486,-59.8,248.487
2487,-59.8,248.587
2488,-59.8,248.687
2489,-59.8,248.787
2490,-59.8,248.886
2491,-59.8,248.989
2492,-59.8,249.088
2493,-59.8,249.189
2494,-59.8,249.287
2495,-59.8,249.389
2496,-59.8,249.49
2497,-59.8,249.591
2498,-59.8,249.69
2499,-59.8,249.791
2500,-59.8,249.887
2501,-59.8,249.987
2502,-59.8,250.087
2503,-59.8,250.187
2504,-59.8,250.287
2505,-59.8,250.386
2506,-59.8,250.487
2507,-59.8,250.587
2508,-59.6,250.688
2509,-59.6,250.788
2510,-59.6,250.887
2511,-59.6,250.986
2512,-59.6,251.087
2513,-59.6,251.187
2514,-59.6,251.288
2515,-59.6,251.387
2516,-59.6,251.487
2517,-59.6,251.587
2518,-59.6,251.687
2519,-59.6,251.786
2520,-59.6,251.887
2521,-59.6,251.987
2522,-59.6,252.087
2523,-59.6,252.188
2524,-59.6,252.287
2525,-59.6,252.393
2526,-59.6,252.49
2527,-59.6,252.587
2528,-59.6,252.687
2529,-59.6,252.787
2530,-59.6,252.886
2531,-59.6,252.987
2532,-59.6,253.087
2533,-59.6,253.186
2534,-59.6,253.287
2535,-59.6,253.387
2536,-59.6,253.486
2537,-59.6,253.587
2538,-59.6,253.687
2539,-59.4,253.787
2540,-59.4,253.886
2541,-59.4,253.987
2542,-59.4,254.087
2543,-59.4,254.188
2544,-59.4,254.287
2545,-59.4,254.386
2546,-59.4,254.487
2547,-59.4,254.588
2548,-59.4,254.687
2549,-59.4,254.787
2550,-59.4,254.887
2551,-59.4,254.989
2552,-59.4,255.091
2553,-59.4,255.191
2554,-59.4,255.29
2555,-59.4,255.386
2556,-59.4,255.489
2557,-59.4,255.587
2558,-59.4,255.687
2559,-59.4,255.788
2560,-59.4,255.886
2561,-59.4,255.987
2562,-59.4,256.087
2563,-59.4,256.187
2564,-59.4,256.287
2565,-59.4,256.388
2566,-59.4,256.487
2567,-59.4,256.588
2568,-59.4,256.687
2569,-59.4,256.787
2570,-59.4,256.885
2571,-59.4,256.987
2572,-59.4,257.086
2573,-59.4,257.19
2574,-59.4,257.287
2575,-59.4,257.388
2576,-59.4,257.487
2577,-59.2,257.587
2578,-59.2,257.687
2579,-59.2,257.787
2580,-59.2,257.886
2581,-59.2,257.987
2582,-59.2,258.086
2583,-59.2,258.188
2584,-59.2,258.287
2585,-59.2,258.386
2586,-59.2,258.486
2587,-59.2,258.587
2588,-59.2,258.687
2589,-59.2,258.787
2590,-59.2,258.886
2591,-59.2,258.988
2592,-59.2,259.087
2593,-59.2,259.19
2594,-59.2,259.287
2595,-59.2,259.387
2596,-59.2,259.487
2597,-59.2,259.587
2598,-59.2,259.687
2599,-59.2,259.787
2600,-59.2,259.885
2601,-59.2,259.987
2602,-59.2,260.086
2603,-59.2,260.187
2604,-59.2,260.287
2605,-59.2,260.386
2606,-59.2,260.487
2607,-59.2,260.587
2608,-59.2,260.687
2609,-59.2,260.788
2610,-59.2,260.886
2611,-59.2,260.986
2612,-59.2,261.087
2613,-59.2,261.187
2614,-59.2,261.287
2615,-59.2,261.387
2616,-59.2,261.487
2617,-59.2,261.589
2618,-59.2,261.688
2619,-59.2,261.787
2620,-59.2,261.886
2621,-59.2,261.989
2622,-59.2,262.087
2623,-59.2,262.188
2624,-59.2,262.288
2625,-59.2,262.387
2626,-59.2,262.488
2627,-59.2,262.587
2628,-59.2,262.688
2629,-59.2,262.787
2630,-59.2,262.887
2631,-59.2,262.988
2632,-59.2,263.088
2633,-59.2,263.188
2634,-59.2,263.287
2635,-59.2,263.386
2636,-59.2,263.487
2637,-59.2,263.589
2638,-59.2,263.687
2639,-59.2,263.788
2640,-59,263.886
2641,-59.2,263.988
2642,-59.2,264.088
2643,-59.2,264.188
2644,-59.2,264.287
2645,-59,264.386
2646,-59,264.487
2647,-59,264.587
2648,-59,264.688
2649,-59,264.787
2650,-59,264.887
2651,-59,264.987
2652,-59,265.087
2653,-59,265.187
2654,-59,265.287
2655,-59,265.386
2656,-59,265.487
2657,-59,265.587
2658,-59,265.688
2659,-59,265.787
2660,-59,265.886
2661,-59,265.987
2662,-59,266.087
2663,-59,266.19
2664,-59,266.287
2665,-59,266.386
2666,-59,266.487
2667,-59,266.59
2668,-59,266.69
2669,-59,266.787
2670,-59,266.886
2671,-59,266.987
2672,-59,267.088
2673,-59,267.187
2674,-59,267.289
2675,-59,267.387
2676,-59,267.487
2677,-59,267.591
2678,-59,267.69
2679,-59,267.788
2680,-59,267.89
2681,-59,267.991
2682,-59,268.091
2683,-59,268.191
2684,-59,268.292
2685,-59,268.389
2686,-59,268.492
2687,-59,268.591
2688,-59,268.689
2689,-59,268.788
2690,-59,268.887
2691,-59,268.989
2692,-59,269.088
2693,-59,269.187
2694,-59,269.288
2695,-59,269.387
2696,-59,269.487
2697,-59,269.587
2698,-59,269.688
2699,-59,269.787
2700,-59,269.887
2701,-59,269.989
2702,-59,270.089
2703,-59,270.187
2704,-58.8,270.287
2705,-59,270.386
2706,-59,270.489
2707,-58.8,270.589
2708,-58.8,270.687
2709,-58.8,270.788
2710,-58.8,270.886
2711,-58.8,270.987
2712,-58.8,271.087
2713,-58.8,271.188
2714,-58.8,271.287
2715,-58.8,271.386
2716,-58.8,271.488
2717,-58.8,271.588
2718,-58.8,271.688
2719,-58.8,271.787
2720,-58.8,271.886
2721,-58.8,271.988
2722,-58.8,272.088
2723,-58.8,272.187
2724,-58.8,272.287
2725,-58.8,272.387
2726,-58.8,272.487
2727,-58.8,272.588
2728,-58.8,272.688
2729,-58.8,272.79
2730,-58.8,272.886
2731,-58.8,272.987
2732,-58.8,273.087
2733,-58.8,273.188
2734,-58.8,273.287
2735,-58.8,273.386
2736,-58.8,273.487
2737,-58.8,273.588
2738,-58.6,273.687
2739,-57.2,273.787
2740,-57.2,273.886
2741,-53.2,273.988
2742,-48,274.087
2743,-41.8,274.188
2744,-36.2,274.288
2745,-29,274.386
2746,-29,274.487
2747,-23.2,274.587
2748,-17.8,274.687
2749,-12.4,274.788
2750,-7.2,274.886
2751,-4,274.987
2752,-4,275.087
2753,-0.8,275.187
2754,0.4,275.288
2755,0.6,275.387
2756,0.6,275.487
2757,0.4,275.587
2758,0.4,275.687
2759,0.4,275.788
2760,0.2,275.886
2761,0,275.988
2762,-0.4,276.087
2763,-0.4,276.186
2764,-0.6,276.287
2765,-0.8,276.386
2766,-0.8,276.487
2767,-0.8,276.587
2768,-0.8,276.687
2769,-0.8,276.787
2770,-1,276.886
2771,-1.2,276.987
2772,-1.4,277.087
2773,-1.6,277.189
2774,-1.8,277.288
2775,-1.8,277.387
2776,-1.8,277.487
2777,-2,277.587
2778,-2.2,277.687
2779,-2.2,277.787
2780,-2.4,277.886
2781,-2.4,277.987
2782,-2.6,278.087
2783,-2.6,278.187
2784,-2.8,278.287
2785,-2.8,278.386
2786,-3,278.487
2787,-3,278.587
2788,-3,278.687
2789,-3.2,278.787
2790,-3.2,278.886
2791,-3.4,278.986
2792,-3.4,279.087
2793,-3.4,279.187
2794,-3.6,279.287
2795,-3.6,279.386
2796,-3.6,279.487
2797,-3.8,279.587
2798,-3.8,279.687
2799,-3.8,279.789
2800,-4,279.889
2801,-4,279.987
2802,-4,280.087
2803,-4.2,280.188
2804,-4.2,280.288
2805,-4.2,280.386
2806,-4.2,280.487
2807,-4.2,280.587
2808,-4.4,280.688
2809,-4.4,280.787
2810,-4.4,280.886
2811,-4.4,280.987
2812,-4.6,281.087
2813,-4.6,281.187
2814,-4.6,281.287
2815,-4.6,281.388
2816,-4.6,281.487
2817,-4.8,281.587
2818,-4.8,281.687
2819,-4.8,281.787
2820,-4.8,281.886
2821,-4.8,281.987
2822,-5,282.087
2823,-5,282.187
2824,-5,282.287
2825,-5,282.389
2826,-5,282.486
2827,-5,282.587
2828,-5.2,282.687
2829,-5.2,282.787
2830,-5.2,282.886
2831,-5.2,282.987
2832,-5.4,283.091
2833,-5.4,283.189
2834,-5.4,283.287
2835,-5.4,283.386
2836,-5.4,283.487
2837,-5.4,283.587
2838,-5.6,283.687
2839,-5.6,283.787
2840,-5.6,283.887
2841,-5.6,283.987
2842,-5.6,284.087
2843,-5.6,284.187
2844,-5.6,284.287
2845,-5.6,284.386
2846,-5.8,284.487
2847,-5.8,284.587
2848,-5.8,284.687
2849,-5.8,284.787
2850,-5.8,284.886
2851,-5.8,284.987
2852,-5.8,285.087
2853,-6,285.187
2854,-6,285.287
2855,-6,285.386
2856,-6,285.487
2857,-6,285.588
2858,-6,285.687
2859,-6,285.786
2860,-6,285.886
2861,-6.2,285.988
2862,-6.2,286.087
2863,-6.2,286.187
2864,-6.2,286.289
2865,-6.2,286.385
2866,-6.2,286.487
2867,-6.2,286.587
2868,-6.2,286.687
2869,-6.2,286.787
2870,-6.4,286.886
2871,-6.4,286.987
2872,-6.4,287.087
2873,-6.4,287.187
2874,-6.4,287.287
2875,-6.4,287.39
2876,-6.4,287.49
2877,-6.4,287.594
2878,-6.4,287.688
2879,-6.4,287.787
2880,-6.4,287.887
2881,-6.6,287.987
2882,-6.6,288.087
2883,-6.6,288.188
2884,-6.6,288.288
2885,-6.6,288.39
2886,-6.6,288.491
2887,-6.6,288.589
2888,-6.6,288.691
2889,-6.8,288.795
2890,-6.8,288.886
2891,-6.8,288.987
2892,-6.8,289.087
2893,-6.8,289.187
2894,-6.8,289.299
2895,-6.8,289.39
2896,-6.8,289.488
2897,-6.8,289.587
2898,-6.8,289.689
2899,-6.8,289.795
2900,-6.8,289.91
2901,-7,289.989
2902,-7,290.088
2903,-7,290.187
2904,-7,290.287
2905,-7,290.386
2906,-7,290.491
2907,-7,290.587
2908,-7,290.688
2909,-7,290.787
2910,-7,290.887
2911,-7,290.988
2912,-7,291.087
2913,-7.2,291.187
2914,-7.2,291.287
2915,-7.2,291.387
2916,-7.2,291.487
2917,-7.2,291.587
2918,-7.2,291.688
2919,-7.2,291.787
2920,-7.2,291.885
2921,-7.2,291.987
2922,-7.2,292.087
2923,-7.2,292.191
2924,-7.2,292.288
2925,-7.2,292.386
2926,-7.2,292.487
2927,-7.4,292.587
2928,-7.4,292.687
2929,-7.4,292.787
2930,-7.4,292.886
2931,-7.4,292.987
2932,-7.4,293.094
2933,-7.4,293.188
2934,-7.4,293.287
2935,-7.4,293.386
2936,-7.4,293.487
2937,-7.4,293.587
2938,-7.4,293.687
2939,-7.4,293.787
2940,-7.4,293.886
2941,-7.6,293.987
2942,-7.6,294.088
2943,-7.6,294.187
2944,-7.6,294.29
2945,-7.6,294.388
2946,-7.6,294.489
2947,-7.6,294.59
2948,-7.6,294.688
2949,-7.6,294.787
2950,-7.6,294.886
2951,-7.6,294.987
2952,-7.6,295.089
2953,-7.6,295.187
2954,-7.8,295.29
2955,-7.8,295.386
2956,-7.8,295.487
2957,-7.8,295.587
2958,-7.8,295.687
2959,-7.8,295.787
2960,-7.8,295.886
2961,-7.8,295.987
2962,-7.8,296.087
2963,-7.8,296.187
2964,-7.8,296.287
2965,-7.8,296.387
2966,-7.8,296.487
2967,-7.8,296.587
2968,-7.8,296.687
2969,-7.8,296.788
2970,-7.8,296.886
2971,-7.8,296.987
2972,-7.8,297.087
2973,-8,297.188
2974,-8,297.287
2975,-8,297.386
2976,-8,297.487
2977,-8,297.589
2978,-8,297.687
2979,-8,297.787
2980,-8,297.886
2981,-8,297.987
2982,-8,298.088
2983,-8,298.191
2984,-8,298.288
2985,-8,298.386
2986,-8,298.487
2987,-8,298.587
2988,-8,298.688
2989,-8,298.787
2990,-8,298.886
2991,-8,298.987
2992,-8,299.087
2993,-8,299.187
2994,-8.2,299.287
2995,-8.2,299.386
2996,-8.2,299.487
2997,-8.2,299.587
2998,-8.2,299.687
2999,-8.2,299.788
3000,-8.2,299.888
3001,-8.2,299.987
3002,-8.2,300.087
3003,-8.2,300.187
3004,-8.2,300.287
3005,-8.2,300.386
3006,-8.2,300.487
3007,-8.2,300.587
3008,-8.2,300.687
3009,-8.2,300.787
3010,-8.2,300.885
3011,-8.2,300.987
3012,-8.2,301.087
3013,-8.2,301.186
3014,-8.2,301.286
3015,-8.2,301.386
3016,-8.4,301.487
3017,-8.4,301.586
3018,-8.4,301.687
3019,-8.4,301.787
3020,-8.4,301.888
3021,-8.4,301.987
3022,-8.4,302.087
3023,-8.4,302.187
3024,-8.4,302.287
3025,-8.4,302.386
3026,-8.4,302.488
3027,-8.4,302.587
3028,-8.4,302.687
3029,-8.4,302.787
3030,-8.4,302.886
3031,-8.4,302.987
3032,-8.4,303.087
3033,-8.4,303.187
3034,-8.4,303.287
3035,-8.4,303.386
3036,-8.4,303.487
3037,-8.4,303.588
3038,-8.4,303.686
3039,-8.4,303.787
3040,-8.4,303.886
3041,-8.4,303.988
3042,-8.6,304.087
3043,-8.6,304.187
3044,-8.6,304.287
3045,-8.6,304.386
3046,-8.6,304.487
3047,-8.6,304.587
3048,-8.6,304.687
3049,-8.6,304.789
3050,-8.6,304.886
3051,-8.6,304.988
3052,-8.6,305.087
3053,-8.6,305.186
3054,-8.6,305.29
3055,-8.6,305.387
3056,-8.6,305.487
3057,-8.6,305.587
3058,-8.6,305.687
3059,-8.6,305.787
3060,-8.6,305.886
3061,-8.6,305.987
3062,-8.6,306.087
3063,-8.6,306.187
3064,-8.6,306.287
3065,-8.6,306.386
3066,-8.6,306.487
3067,-8.6,306.587
3068,-8.6,306.687
3069,-8.8,306.787
3070,-8.8,306.886
3071,-8.8,306.987
3072,-8.8,307.087
3073,-8.8,307.187
3074,-8.8,307.287
3075,-8.8,307.385
3076,-8.8,307.487
3077,-8.8,307.587
3078,-8.8,307.689
3079,-8.8,307.786
3080,-8.8,307.885
3081,-8.8,307.987
3082,-8.8,308.087
3083,-8.8,308.187
3084,-8.8,308.287
3085,-8.8,308.387
3086,-8.8,308.487
3087,-8.8,308.587
3088,-8.8,308.687
3089,-8.8,308.787
3090,-8.8,308.885
3091,-8.8,308.987
3092,-8.8,309.087
3093,-8.8,309.187
3094,-8.8,309.287
3095,-8.8,309.386
3096,-8.8,309.491
3097,-8.8,309.588
3098,-8.8,309.688
3099,-8.8,309.787
3100,-9,309.886
3101,-9,309.987
3102,-9,310.087
3103,-9,310.187
3104,-9,310.286
3105,-9,310.386
3106,-9,310.487
3107,-9,310.587
3108,-9,310.687
3109,-9,310.787
3110,-9,310.885
3111,-9,310.987
3112,-9,311.087
3113,-9,311.187
3114,-9,311.286
3115,-9,311.385
3116,-9,311.487
3117,-9,311.587
3118,-9,311.687
3119,-9,311.788
3120,-9,311.885
3121,-9,311.987
3122,-9,312.086
3123,-9,312.187
3124,-9,312.287
3125,-9,312.386
3126,-9,312.487
3127,-9,312.587
3128,-9,312.686
3129,-9,312.787
3130,-9,312.886
3131,-9.2,312.986
3132,-9,313.087
3133,-9.2,313.187
3134,-9.2,313.288
3135,-9.2,313.386
3136,-9.2,313.487
3137,-9.2,313.588
3138,-9.2,313.687
3139,-9.2,313.787
3140,-9.2,313.886
3141,-9.2,313.987
3142,-9.2,314.087
3143,-9.2,314.186
3144,-9.2,314.286
3145,-9.2,314.386
3146,-9.2,314.487
3147,-9.2,314.59
3148,-9.2,314.69
3149,-9.2,314.787
3150,-9.2,314.886
3151,-9.2,314.987
3152,-9.2,315.086
3153,-9.2,315.187
3154,-9.2,315.289
3155,-9.2,315.385
3156,-9.2,315.486
3157,-9.2,315.587
3158,-9.2,315.687
3159,-9.2,315.787
3160,-9.2,315.886
3161,-9.2,315.988
3162,-9.2,316.087
3163,-9.2,316.188
3164,-9.2,316.288
3165,-9.4,316.387
3166,-9.4,316.488
3167,-9.4,316.588
3168,-9.4,316.687
3169,-9.4,316.788
3170,-9.4,316.887
3171,-9.4,316.987
3172,-9.4,317.087
3173,-9.4,317.187
3174,-9.4,317.287
3175,-9.4,317.386
3176,-9.4,317.488
3177,-9.4,317.588
3178,-9.4,317.687
3179,-9.4,317.788
3180,-9.4,317.886
3181,-9.4,317.988
3182,-9.4,318.087
3183,-9.4,318.187
3184,-9.4,318.287
3185,-9.4,318.386
3186,-9.4,318.487
3187,-9.4,318.587
3188,-9.4,318.688
3189,-9.4,318.788
3190,-9.4,318.886
3191,-9.4,318.987
3192,-9.4,319.087
3193,-9.4,319.187
3194,-9.4,319.286
3195,-9.4,319.386
3196,-9.4,319.486
3197,-9.4,319.587
3198,-9.4,319.687
3199,-9.4,319.788
3200,-9.4,319.886
3201,-9.6,319.986
3202,-9.6,320.087
3203,-9.6,320.187
3204,-9.6,320.287
3205,-9.6,320.386
3206,-10.8,320.49
3207,-20.6,320.591
3208,-31.2,320.688
3209,-43.6,320.788
3210,-53.2,320.887
3211,-53.2,320.987
3212,-60.8,321.088
3213,-67.6,321.187
3214,-74.4,321.288
3215,-80.8,321.387
3216,-80.8,321.487
3217,-87,321.588
3218,-91.4,321.688
3219,-94.6,321.788
3220,-97.8,321.887
3221,-100,321.989
3222,-100,322.087
3223,-100,322.188
3224,-99.2,322.288
3225,-98.4,322.386
3226,-97.6,322.488
3227,-96.8,322.588
3228,-96.8,322.688
3229,-96.4,322.788
3230,-95.8,322.887
3231,-95.4,322.988
3232,-95,323.088
3233,-94.6,323.187
3234,-94.6,323.287
3235,-94.2,323.386
3236,-94,323.487
3237,-93.6,323.588
3238,-93.4,323.687
3239,-93,323.788
3240,-93,323.886
3241,-92.8,323.988
3242,-92.6,324.088
3243,-92.4,324.188
3244,-92.2,324.287
3245,-92.2,324.386
3246,-92,324.487
3247,-92,324.587
3248,-91.8,324.687
3249,-91.6,324.788
3250,-91.6,324.887
3251,-91.6,324.988
3252,-91.4,325.088
3253,-91.2,325.187
3254,-91.2,325.288
3255,-91,325.386
3256,-91,325.487
3257,-91,325.588
3258,-90.8,325.687
3259,-90.8,325.788
3260,-90.6,325.887
3261,-90.4,325.988
3262,-90.4,326.087
3263,-90.4,326.187
3264,-90.4,326.288
3265,-90.2,326.386
3266,-90.2,326.488
3267,-90,326.588
3268,-90,326.688
3269,-90,326.788
3270,-89.8,326.887
3271,-89.8,326.988
3272,-89.8,327.088
3273,-89.6,327.187
3274,-89.6,327.288
3275,-89.6,327.387
3276,-89.6,327.488
3277,-89.4,327.589
3278,-89.4,327.688
3279,-89.4,327.787
3280,-89.4,327.886
3281,-89.2,327.987
3282,-89.2,328.087
3283,-89.2,328.187
3284,-89,328.287
3285,-89,328.386
3286,-89,328.488
3287,-89,328.588
3288,-89,328.687
3289,-88.8,328.788
3290,-88.8,328.887
3291,-88.8,328.987
3292,-88.8,329.088
3293,-88.8,329.187
3294,-88.6,329.289
3295,-88.6,329.386
3296,-88.6,329.487
3297,-88.6,329.587
3298,-88.6,329.687
3299,-88.4,329.789
3300,-88.4,329.886
3301,-88.4,329.987
3302,-88.4,330.087
3303,-88.4,330.187
3304,-88.4,330.287
3305,-88.2,330.386
3306,-88.2,330.487
3307,-88.2,330.589
3308,-88.2,330.687
3309,-88.2,330.788
3310,-88,330.886
3311,-88,330.988
3312,-88,331.088
3313,-88,331.188
3314,-88,331.288
3315,-88,331.386
3316,-88,331.489
3317,-87.8,331.588
3318,-87.8,331.687
3319,-87.8,331.788
3320,-87.8,331.887
3321,-87.8,331.987
3322,-87.8,332.088
3323,-87.6,332.187
3324,-87.6,332.288
3325,-87.6,332.387
3326,-87.6,332.488
3327,-87.6,332.588
3328,-87.6,332.687
3329,-87.6,332.788
3330,-87.4,332.886
3331,-87.4,332.988
3332,-87.4,333.087
3333,-87.4,333.187
3334,-87.4,333.288
3335,-87.4,333.386
3336,-87.4,333.488
3337,-87.4,333.587
3338,-87.4,333.688
3339,-87.2,333.788
3340,-87.2,333.888
3341,-87.2,333.987
3342,-87.2,334.088
3343,-87.2,334.187
3344,-87.2,334.288
3345,-87.2,334.387
3346,-87.2,334.488
3347,-87,334.588
3348,-87,334.687
3349,-87,334.788
3350,-87,334.886
3351,-87,334.988
3352,-87,335.088
3353,-87,335.188
3354,-87,335.287
3355,-87,335.387
3356,-87,335.487
3357,-87,335.588
3358,-86.8,335.688
3359,-86.8,335.788
3360,-86.8,335.886
3361,-86.8,335.987
3362,-86.8,336.086
3363,-86.8,336.187
3364,-86.8,336.287
3365,-86.8,336.386
3366,-86.8,336.487
3367,-86.6,336.587
3368,-86.6,336.689
3369,-86.6,336.788
3370,-86.6,336.887
3371,-86.6,336.987
3372,-86.6,337.088
3373,-86.6,337.187
3374,-86.6,337.289
3375,-86.6,337.386
3376,-86.6,337.488
3377,-86.6,337.587
3378,-86.6,337.691
3379,-86.6,337.788
3380,-86.4,337.886
3381,-86.4,337.988
3382,-86.4,338.089
3383,-86.4,338.186
3384,-86.4,338.287
3385,-86.4,338.386
3386,-86.4,338.488
3387,-86.4,338.588
3388,-86.4,338.688
3389,-86.4,338.787
3390,-86.4,338.886
3391,-86.2,338.987
3392,-86.2,339.086
3393,-86.2,339.188
3394,-86.2,339.287
3395,-86.2,339.386
3396,-86.2,339.487
3397,-86.2,339.587
3398,-86.2,339.689
3399,-86.2,339.787
3400,-86.2,339.886
3401,-86.2,339.987
3402,-86.2,340.089
3403,-86.2,340.187
3404,-86.2,340.287
3405,-86,340.386
3406,-86,340.488
3407,-86,340.587
3408,-86,340.687
3409,-86,340.787
3410,-86,340.886
3411,-86,340.987
3412,-86,341.087
3413,-86,341.187
3414,-86,341.288
3415,-86,341.387
3416,-86,341.487
3417,-86,341.587
3418,-86,341.687
3419,-86,341.789
3420,-85.8,341.888
3421,-85.8,341.987
3422,-85.8,342.087
3423,-85.8,342.187
3424,-85.8,342.287
3425,-85.8,342.386
3426,-85.8,342.488
3427,-85.8,342.587
3428,-85.8,342.688
3429,-85.8,342.789
3430,-85.8,342.886
3431,-85.8,342.987
3432,-85.8,343.087
3433,-85.8,343.186
3434,-85.8,343.289
3435,-85.8,343.386
3436,-85.8,343.488
3437,-85.6,343.588
3438,-85.6,343.687
3439,-85.6,343.791
3440,-85.6,343.887
3441,-85.6,343.99
3442,-85.6,344.088
3443,-85.6,344.188
3444,-85.6,344.287
3445,-85.6,344.386
3446,-85.6,344.487
3447,-85.6,344.587
3448,-85.6,344.687
3449,-85.6,344.787
3450,-85.6,344.887
3451,-85.6,344.987
3452,-85.6,345.087
3453,-85.6,345.187
3454,-85.4,345.287
3455,-85.4,345.386
3456,-85.4,345.489
3457,-85.4,345.587
3458,-85.4,345.687
3459,-85.4,345.787
3460,-85.4,345.886
3461,-85.4,345.987
3462,-85.4,346.087
3463,-85.4,346.187
3464,-85.4,346.287
3465,-85.4,346.386
3466,-85.4,346.487
3467,-85.4,346.587
3468,-85.4,346.687
3469,-85.4,346.787
3470,-85.4,346.886
3471,-85.4,346.987
3472,-85.4,347.087
3473,-85.4,347.187
3474,-85.2,347.288
3475,-85.2,347.386
3476,-85.2,347.487
3477,-85.2,347.587
3478,-85.2,347.687
3479,-85.2,347.787
3480,-85.2,347.887
3481,-85.2,347.987
3482,-85.2,348.087
3483,-85.2,348.187
3484,-85.2,348.287
3485,-85.2,348.386
3486,-85.2,348.487
3487,-85.2,348.586
3488,-85.2,348.688
3489,-85.2,348.787
3490,-85.2,348.887
3491,-85.2,348.987
3492,-85.2,349.087
3493,-85.2,349.187
3494,-85.2,349.287
3495,-85.2,349.386
3496,-85.2,349.487
3497,-85.2,349.587
3498,-85,349.688
3499,-85,349.787
3500,-85,349.887
3501,-85,349.988
3502,-85,350.088
3503,-85,350.187
3504,-85,350.287
3505,-85,350.386
3506,-85,350.487
3507,-85,350.587
3508,-85,350.687
3509,-85,350.787
3510,-85,350.886
3511,-85,350.987
3512,-85,351.087
3513,-85,351.186
3514,-85,351.288
3515,-85,351.386
3516,-85,351.487
3517,-85,351.587
3518,-85,351.687
3519,-85,351.787
3520,-85,351.886
3521,-85,351.987
3522,-85,352.087
3523,-85,352.188
3524,-84.8,352.287
3525,-84.8,352.386
3526,-84.8,352.487
3527,-84.8,352.586
3528,-84.8,352.687
3529,-84.8,352.787
3530,-84.8,352.885
3531,-84.8,352.987
3532,-84.8,353.087
3533,-84.8,353.187
3534,-84.8,353.287
3535,-84.8,353.387
3536,-84.8,353.487
3537,-84.8,353.587
3538,-84.8,353.686
3539,-84.8,353.787
3540,-84.8,353.886
3541,-84.8,353.988
3542,-84.8,354.087
3543,-84.8,354.187
3544,-84.8,354.286
3545,-84.8,354.385
3546,-84.8,354.487
3547,-84.8,354.587
3548,-84.8,354.687
3549,-84.8,354.787
3550,-84.6,354.886
3551,-84.6,354.987
3552,-84.6,355.087
3553,-84.6,355.187
3554,-84.6,355.289
3555,-84.6,355.386
3556,-84.6,355.487
3557,-84.6,355.587
3558,-84.6,355.687
3559,-84.6,355.787
3560,-84.6,355.886
3561,-84.6,355.987
3562,-84.6,356.087
3563,-84.6,356.186
3564,-84.6,356.287
3565,-84.6,356.387
3566,-84.6,356.487
3567,-84.6,356.587
3568,-84.6,356.688
3569,-84.6,356.787
3570,-84.6,356.886
3571,-84.6,356.989
3572,-84.6,357.087
3573,-84.6,357.19
3574,-84.6,357.287
3575,-84.6,357.386
3576,-84.6,357.489
3577,-84.6,357.587
3578,-84.6,357.691
3579,-84.6,357.787
3580,-84.6,357.886
3581,-84.4,357.986
3582,-84.4,358.087
3583,-84.4,358.188
3584,-84.4,358.288
3585,-84.4,358.389
3586,-84.4,358.487
3587,-84.4,358.587
3588,-84.4,358.688
3589,-84.4,358.787
3590,-84.4,358.886
3591,-84.4,358.987
3592,-84.4,359.087
3593,-84.4,359.187
3594,-84.4,359.287
3595,-84.4,359.389
3596,-84.4,359.489
3597,-84.4,359.587
3598,-84.4,359.688
3599,-84.4,359.79
3600,-84.4,359.887
3601,-84.4,359.988
3602,-84.4,360.088
3603,-84.4,360.188
3604,-84.4,360.287
3605,-84.4,360.387
3606,-84.4,360.488
3607,-84.4,360.588
3608,-84.4,360.69
3609,-84.4,360.787
3610,-84.4,360.886
3611,-84.4,360.987
3612,-84.4,361.087
3613,-84.4,361.187
3614,-84.2,361.287
3615,-84.2,361.386
3616,-84.2,361.492
3617,-84.2,361.588
3618,-84.2,361.687
3619,-84.2,361.787
3620,-84.2,361.886
3621,-84.2,361.986
3622,-84.2,362.087
3623,-84.2,362.186
3624,-84.2,362.287
3625,-84.2,362.385
3626,-84.2,362.487
3627,-84.2,362.587
3628,-84.2,362.687
3629,-84.2,362.787
3630,-84.2,362.886
3631,-84.2,362.987
3632,-84.2,363.088
3633,-84.2,363.187
3634,-84.2,363.287
3635,-84.2,363.386
3636,-84.2,363.488
3637,-84.2,363.587
3638,-84.2,363.687
3639,-84.2,363.787
3640,-84.2,363.886
3641,-84.2,363.987
3642,-84.2,364.087
3643,-84.2,364.187
3644,-84.2,364.287
3645,-84.2,364.386
3646,-84.2,364.486
3647,-84.2,364.587
3648,-84.2,364.688
3649,-84.2,364.788
3650,-84.2,364.887
3651,-84.2,364.987
3652,-84,365.087
3653,-84.2,365.187
3654,-84,365.289
3655,-84,365.386
3656,-84,365.486
3657,-84,365.587
3658,-84,365.687
3659,-84,365.787
3660,-84,365.886
3661,-84,365.987
3662,-84,366.087
3663,-84,366.187
3664,-84,366.288
3665,-84,366.386
3666,-84,366.487
3667,-84,366.587
3668,-84,366.687
3669,-84,366.787
3670,-84,366.886
3671,-84,366.987
3672,-84,367.087
3673,-84,367.186
3674,-84,367.287
3675,-84,367.388
3676,-84,367.491
3677,-84,367.59
3678,-84,367.688
3679,-84,367.787
3680,-84,367.885
3681,-84,367.986
3682,-84,368.088
3683,-84,368.19
3684,-84,368.287
3685,-83.8,368.386
3686,-81.4,368.486
3687,-74,368.592
3688,-63.2,368.689
3689,-51.6,368.791
3690,-51.6,368.888
3691,-39.8,368.986
3692,-31.6,369.088
3693,-22.8,369.187
3694,-14.8,369.286
3695,-9.4,369.386
3696,-9.4,369.487
3697,-8.2,369.588
3698,-8.4,369.69
3699,-9.2,369.789
3700,-9.8,369.886
3701,-10.6,369.992
3702,-10.6,370.088
3703,-11,370.188
3704,-11.6,370.288
3705,-12,370.387
3706,-12.4,370.487
3707,-12.4,370.587
3708,-12.6,370.687
3709,-13,370.787
3710,-13.2,370.887
3711,-13.4,370.988
3712,-13.6,371.086
3713,-13.6,371.187
3714,-13.8,371.288
3715,-14,371.386
3716,-14.2,371.488
3717,-14.4,371.587
3718,-14.6,371.688
3719,-14.6,371.79
3720,-14.8,371.886
3721,-14.8,371.988
3722,-15,372.089
3723,-15,372.188
3724,-15.2,372.288
3725,-15.2,372.386
3726,-15.4,372.489
3727,-15.4,372.589
3728,-15.6,372.687
3729,-15.6,372.787
3730,-15.6,372.887
3731,-15.8,372.988
3732,-15.8,373.09
3733,-16,373.187
3734,-16,373.288
3735,-16.2,373.388
3736,-16.2,373.489
3737,-16.2,373.589
3738,-16.2,373.689
3739,-16.4,373.789
3740,-16.4,373.887
3741,-16.6,373.989
3742,-16.6,374.089
3743,-16.6,374.189
3744,-16.8,374.289
3745,-16.8,374.391
3746,-16.8,374.49
3747,-16.8,374.592
3748,-16.8,374.689
3749,-17,374.788
3750,-17,374.889
3751,-17,374.988
3752,-17,375.087
3753,-17.2,375.187
3754,-17.2,375.289
3755,-17.2,375.387
3756,-17.2,375.487
3757,-17.4,375.588
3758,-17.4,375.688
3759,-17.4,375.789
3760,-17.4,375.887
3761,-17.4,375.987
3762,-17.6,376.087
3763,-17.6,376.188
3764,-17.6,376.287
3765,-17.6,376.388
3766,-17.6,376.488
3767,-17.8,376.588
3768,-17.8,376.687
3769,-17.8,376.787
3770,-17.8,376.891
3771,-17.8,376.989
3772,-18,377.088
3773,-18,377.188
3774,-18,377.288
3775,-18,377.387
3776,-18,377.487
3777,-18,377.587
3778,-18,377.688
3779,-18.2,377.788
3780,-18.2,377.887
3781,-18.2,377.987
3782,-18.2,378.087
3783,-18.2,378.187
3784,-18.2,378.287
3785,-18.4,378.386
3786,-18.4,378.487
3787,-18.4,378.587
3788,-18.4,378.688
3789,-18.4,378.789
3790,-18.4,378.886
3791,-18.4,378.987
3792,-18.4,379.087
3793,-18.6,379.187
3794,-18.6,379.287
3795,-18.6,379.386
3796,-18.6,379.488
3797,-18.6,379.588
3798,-18.6,379.687
3799,-18.8,379.787
3800,-18.8,379.886
3801,-18.8,379.987
3802,-18.8,380.088
3803,-18.8,380.19
3804,-18.8,380.287
3805,-18.8,380.386
3806,-18.8,380.488
3807,-18.8,380.589
3808,-19,380.689
3809,-19,380.789
3810,-19,380.887
3811,-19,380.989
3812,-19,381.088
3813,-19,381.19
3814,-19,381.287
3815,-19,381.387
3816,-19,381.488
3817,-19,381.587
3818,-19,381.687
3819,-19.2,381.788
3820,-19.2,381.887
3821,-19.2,381.988
3822,-19.2,382.088
3823,-19.2,382.187
3824,-19.2,382.287
3825,-19.2,382.386
3826,-19.2,382.487
3827,-19.2,382.588
3828,-19.2,382.688
3829,-19.2,382.788
3830,-19.2,382.889
3831,-19.4,382.991
3832,-19.4,383.089
3833,-19.4,383.187
3834,-19.4,383.288
3835,-19.4,383.388
3836,-19.4,383.487
3837,-19.4,383.587
3838,-19.4,383.687
3839,-19.4,383.788
3840,-19.4,383.886
3841,-19.4,383.987
3842,-19.4,384.089
3843,-19.6,384.189
3844,-19.6,384.288
3845,-19.6,384.388
3846,-19.6,384.487
3847,-19.6,384.587
3848,-19.6,384.687
3849,-19.6,384.788
3850,-19.6,384.887
3851,-19.6,384.987
3852,-19.6,385.091
3853,-19.8,385.189
3854,-19.8,385.289
3855,-19.8,385.387
3856,-19.8,385.486
3857,-19.8,385.587
3858,-19.8,385.689
3859,-19.8,385.789
3860,-19.8,385.887
3861,-19.8,385.987
3862,-19.8,386.087
3863,-19.8,386.187
3864,-19.8,386.287
3865,-19.8,386.388
3866,-19.8,386.488
3867,-20,386.588
3868,-20,386.689
3869,-20,386.79
3870,-20,386.888
3871,-20,386.987
3872,-20,387.087
3873,-20,387.189
3874,-20,387.287
3875,-20,387.386
3876,-20,387.487
3877,-20,387.588
3878,-20,387.687
3879,-20,387.788
3880,-20,387.887
3881,-20,387.989
3882,-20,388.087
3883,-20,388.187
3884,-20.2,388.287
3885,-20.2,388.388
3886,-20.2,388.488
3887,-20.2,388.587
3888,-20.2,388.687
3889,-20.2,388.787
3890,-20.2,388.889
3891,-20.2,388.987
3892,-20.2,389.092
3893,-20.2,389.188
3894,-20.2,389.287
3895,-20.2,389.386
3896,-20.2,389.487
3897,-20.2,389.588
3898,-20.2,389.687
3899,-20.2,389.787
3900,-20.2,389.889
3901,-20.2,389.989
3902,-20.4,390.088
3903,-20.4,390.187
3904,-20.4,390.288
3905,-20.4,390.387
3906,-20.4,390.487
3907,-20.4,390.587
3908,-20.4,390.687
3909,-20.4,390.787
3910,-20.4,390.886
3911,-20.4,390.987
3912,-20.4,391.087
3913,-20.4,391.187
3914,-20.4,391.288
3915,-20.4,391.385
3916,-20.4,391.488
3917,-20.4,391.586
3918,-20.4,391.688
3919,-20.4,391.788
3920,-20.4,391.886
3921,-20.4,391.987
3922,-20.6,392.088
3923,-20.6,392.187
3924,-20.6,392.287
3925,-20.6,392.385
3926,-20.6,392.488
3927,-20.6,392.587
3928,-20.6,392.687
3929,-20.6,392.787
3930,-20.6,392.886
3931,-20.6,392.989
3932,-20.6,393.087
3933,-20.6,393.186
3934,-20.6,393.287
3935,-20.6,393.388
3936,-20.6,393.486
3937,-20.6,393.588
3938,-20.6,393.687
3939,-20.6,393.79
3940,-20.8,393.889
3941,-20.8,393.99
3942,-20.8,394.089
3943,-20.8,394.187
3944,-20.8,394.287
3945,-20.8,394.386
3946,-20.8,394.488
3947,-20.8,394.587
3948,-20.8,394.687
3949,-20.8,394.79
3950,-20.8,394.886
3951,-20.8,394.987
3952,-20.8,395.087
3953,-20.8,395.187
3954,-20.8,395.287
3955,-20.8,395.386
3956,-20.8,395.487
3957,-20.8,395.587
3958,-20.8,395.687
3959,-20.8,395.787
3960,-20.8,395.886
3961,-20.8,395.987
3962,-20.8,396.087
3963,-21,396.187
3964,-21,396.288
3965,-21,396.386
3966,-21,396.487
3967,-21,396.587
3968,-21,396.688
3969,-21,396.788
3970,-21,396.885
3971,-21,396.987
3972,-21,397.087
3973,-21,397.187
3974,-21,397.286
3975,-21,397.386
3976,-21,397.486
3977,-21,397.587
3978,-21,397.688
3979,-21,397.789
3980,-21,397.887
3981,-21,397.988
3982,-21,398.087
3983,-21,398.187
3984,-21,398.289
3985,-21,398.386
3986,-21,398.487
3987,-21,398.587
3988,-21.2,398.687
3989,-21,398.787
3990,-21,398.887
3991,-21.2,398.987
3992,-21.2,399.087
3993,-21.2,399.187
3994,-21.2,399.287
3995,-21.2,399.386
3996,-21.2,399.487
3997,-21.2,399.589
3998,-21.2,399.689
3999,-21.2,399.787
4000,-21.2,399.886
4001,-21.2,399.986
4002,-21.2,400.086
4003,-21.2,400.187
4004,-21.2,400.287
4005,-21.2,400.386
4006,-21.2,400.487
4007,-21.2,400.587
4008,-21.2,400.687
4009,-21.2,400.787
4010,-21.2,400.886
4011,-21.2,400.987
4012,-21.2,401.087
4013,-21.2,401.187
4014,-21.2,401.287
4015,-21.2,401.386
4016,-21.2,401.487
4017,-21.2,401.587
4018,-21.2,401.687
4019,-21.2,401.787
4020,-21.2,401.886
4021,-21.2,401.987
4022,-21.2,402.087
4023,-21.2,402.187
4024,-21.2,402.287
4025,-21.2,402.387
4026,-21.2,402.487
4027,-21.4,402.586
4028,-21.4,402.687
4029,-21.4,402.787
4030,-21.4,402.886
4031,-21.4,402.986
4032,-21.4,403.087
4033,-21.4,403.187
4034,-21.4,403.287
4035,-21.4,403.386
4036,-21.4,403.487
4037,-21.4,403.586
4038,-21.4,403.686
4039,-21.4,403.787
4040,-21.4,403.886
4041,-21.4,403.987
4042,-21.4,404.087
4043,-21.4,404.186
4044,-21.4,404.287
4045,-21.4,404.386
4046,-21.4,404.487
4047,-21.4,404.587
4048,-21.4,404.687
4049,-21.4,404.787
4050,-21.4,404.886
4051,-21.4,404.987
4052,-21.4,405.087
4053,-21.4,405.186
4054,-21.4,405.287
4055,-21.4,405.386
4056,-21.4,405.488
4057,-21.4,405.587
4058,-21.4,405.687
4059,-21.4,405.787
4060,-21.4,405.886
4061,-21.4,405.987
4062,-21.4,406.087
4063,-21.6,406.187
4064,-21.6,406.287
4065,-21.6,406.386
4066,-21.6,406.487
4067,-21.6,406.587
4068,-21.6,406.687
4069,-21.6,406.787
4070,-21.6,406.886
4071,-21.6,406.986
4072,-21.6,407.087
4073,-21.6,407.187
4074,-21.6,407.287
4075,-21.6,407.386
4076,-21.6,407.487
4077,-21.6,407.587
4078,-21.6,407.687
4079,-21.6,407.787
4080,-21.6,407.886
4081,-21.6,407.986
4082,-21.6,408.087
4083,-21.6,408.187
4084,-21.6,408.287
4085,-21.6,408.386
4086,-21.6,408.486
4087,-21.6,408.587
4088,-21.6,408.686
4089,-22,408.787
4090,-26.8,408.885
4091,-36,408.987
4092,-46.4,409.087
4093,-57.4,409.187
4094,-57.4,409.286
4095,-69.4,409.386
4096,-79.2,409.486
4097,-82.8,409.586
4098,-87.4,409.688
4099,-93.8,409.787
4100,-93.8,409.885
4101,-99.2,409.987
4102,-104.6,410.091
4103,-109,410.188
4104,-117.2,410.287
4105,-123.6,410.386
4106,-123.6,410.487
4107,-128.2,410.587
4108,-130.2,410.686
4109,-132,410.791
4110,-133,410.892
4111,-132.2,410.988
4112,-132.2,411.089
4113,-131.2,411.188
4114,-130.2,411.287
4115,-129.4,411.386
4116,-128.6,411.487
4117,-128.6,411.587
4118,-128,411.686
4119,-127.4,411.787
4120,-127,411.886
4121,-126.4,411.987
4122,-126.2,412.087
4123,-126.2,412.187
4124,-125.8,412.287
4125,-125.4,412.386
4126,-125,412.487
4127,-124.8,412.589
4128,-124.6,412.686
4129,-124.6,412.787
4130,-124.2,412.886
4131,-124,412.987
4132,-123.8,413.087
4133,-123.6,413.187
4134,-123.4,413.287
4135,-123.4,413.386
4136,-123.2,413.487
4137,-123,413.589
4138,-122.8,413.686
4139,-122.6,413.787
4140,-122.6,413.886
4141,-122.6,413.987
4142,-122.4,414.087
4143,-122.2,414.187
4144,-122,414.286
4145,-122,414.385
4146,-122,414.486
4147,-121.8,414.586
4148,-121.6,414.686
4149,-121.6,414.786
4150,-121.4,414.885
4151,-121.2,414.987
4152,-121.2,415.088
4153,-121.2,415.189
4154,-121,415.289
4155,-121,415.388
4156,-120.8,415.487
4157,-120.8,415.587
4158,-120.8,415.687
4159,-120.6,415.791
4160,-120.6,415.891
4161,-120.4,415.991
4162,-120.4,416.088
4163,-120.2,416.187
4164,-120.2,416.287
4165,-120.2,416.386
4166,-120.2,416.487
4167,-120,416.587
4168,-120,416.688
4169,-120,416.787
4170,-119.8,416.886
4171,-119.8,416.987
4172,-119.8,417.087
4173,-119.6,417.187
4174,-119.6,417.287
4175,-119.6,417.386
4176,-119.6,417.49
4177,-119.4,417.587
4178,-119.4,417.688
4179,-119.2,417.787
4180,-119.2,417.885
4181,-119.2,417.986
4182,-119.2,418.087
4183,-119,418.19
4184,-119,418.287
4185,-119,418.386
4186,-119,418.487
4187,-119,418.589
4188,-118.8,418.688
4189,-118.8,418.794
4190,-118.8,418.887
4191,-118.6,418.987
4192,-118.6,419.087
4193,-118.6,419.187
4194,-118.6,419.287
4195,-118.6,419.388
4196,-118.4,419.487
4197,-118.4,419.588
4198,-118.4,419.688
4199,-118.4,419.788
4200,-118.2,419.886
4201,-118.2,419.99
4202,-118.2,420.087
4203,-118.2,420.187
4204,-118.2,420.287
4205,-118,420.387
4206,-118,420.488
4207,-118,420.587
4208,-118,420.687
4209,-118,420.787
4210,-118,420.886
4211,-117.8,420.987
4212,-117.8,421.088
4213,-117.8,421.188
4214,-117.8,421.289
4215,-117.8,421.386
4216,-117.8,421.487
4217,-117.6,421.587
4218,-117.6,421.687
4219,-117.6,421.788
4220,-117.6,421.887
4221,-117.4,421.987
4222,-117.4,422.087
4223,-117.4,422.189
4224,-117.4,422.287
4225,-117.4,422.386
4226,-117.4,422.489
4227,-117.4,422.588
4228,-117.2,422.688
4229,-117.2,422.787
4230,-117.2,422.886
4231,-117.2,422.988
4232,-117.2,423.089
4233,-117.2,423.188
4234,-117,423.288
4235,-117,423.386
4236,-117,423.487
4237,-117,423.588
4238,-117,423.687
4239,-117,423.79
4240,-117,423.886
4241,-117,423.988
4242,-116.8,424.088
4243,-116.8,424.187
4244,-116.8,424.287
4245,-116.8,424.386
4246,-116.8,424.49
4247,-116.8,424.587
4248,-116.8,424.688
4249,-116.6,424.787
4250,-116.6,424.887
4251,-116.6,424.99
4252,-116.6,425.089
4253,-116.6,425.189
4254,-116.6,425.29
4255,-116.6,425.386
4256,-116.6,425.487
4257,-116.6,425.587
4258,-116.4,425.687
4259,-116.4,425.787
4260,-116.4,425.886
4261,-116.4,425.987
4262,-116.4,426.087
4263,-116.4,426.187
4264,-116.2,426.287
4265,-116.2,426.386
4266,-116.2,426.487
4267,-116.2,426.587
4268,-116.2,426.687
4269,-116.2,426.787
4270,-116.2,426.886
4271,-116.2,426.987
4272,-116.2,427.087
4273,-116,427.187
4274,-116,427.288
4275,-116,427.386
4276,-116,427.486
4277,-116,427.587
4278,-116,427.687
4279,-116,427.786
4280,-116,427.886
4281,-116,427.987
4282,-116,428.087
4283,-115.8,428.186
4284,-115.8,428.287
4285,-115.8,428.386
4286,-115.8,428.488
4287,-115.8,428.588
4288,-115.8,428.687
4289,-115.8,428.787
4290,-115.8,428.886
4291,-115.8,428.987
4292,-115.8,429.087
4293,-115.8,429.187
4294,-115.6,429.287
4295,-115.6,429.386
4296,-115.6,429.487
4297,-115.6,429.588
4298,-115.6,429.687
4299,-115.6,429.787
4300,-115.6,429.885
4301,-115.6,429.987
4302,-115.6,430.087
4303,-115.6,430.187
4304,-115.6,430.287
4305,-115.4,430.387
4306,-115.4,430.487
4307,-115.4,430.587
4308,-115.4,430.687
4309,-115.4,430.787
4310,-115.4,430.889
4311,-115.4,430.992
4312,-115.4,431.091
4313,-115.4,431.188
4314,-115.2,431.287
4315,-115.2,431.386
4316,-115.2,431.487
4317,-115.2,431.589
4318,-115.2,431.688
4319,-115.2,431.787
4320,-115.2,431.886
4321,-115.2,431.987
4322,-115.2,432.087
4323,-115.2,432.187
4324,-115.2,432.286
4325,-115.2,432.386
4326,-115.2,432.487
4327,-115,432.587
4328,-115,432.687
4329,-115,432.787
4330,-115,432.886
4331,-115,432.987
4332,-115,433.087
4333,-115,433.187
4334,-115,433.287
4335,-115,433.387
4336,-115,433.486
4337,-115,433.587
4338,-115,433.687
4339,-115,433.787
4340,-115,433.885
4341,-115,433.987
4342,-114.8,434.086
4343,-114.8,434.187
4344,-114.8,434.286
4345,-114.8,434.386
4346,-114.8,434.487
4347,-114.8,434.587
4348,-114.8,434.689
4349,-114.8,434.787
4350,-114.8,434.885
4351,-114.8,434.987
4352,-114.8,435.087
4353,-114.8,435.188
4354,-114.8,435.287
4355,-114.8,435.386
4356,-114.6,435.487
4357,-114.6,435.587
4358,-114.6,435.687
4359,-114.6,435.787
4360,-114.6,435.886
4361,-114.6,435.987
4362,-114.6,436.088
4363,-114.6,436.187
4364,-114.6,436.287
4365,-114.6,436.386
4366,-114.6,436.49
4367,-114.6,436.587
4368,-114.6,436.688
4369,-114.6,436.787
4370,-114.4,436.886
4371,-114.4,436.987
4372,-114.4,437.089
4373,-114.4,437.187
4374,-114.4,437.288
4375,-114.4,437.386
4376,-114.4,437.489
4377,-114.4,437.589
4378,-114.4,437.688
4379,-114.4,437.787
4380,-114.4,437.887
4381,-114.4,437.988
4382,-114.4,438.089
4383,-114.2,438.188
4384,-114.2,438.29
4385,-114.2,438.386
4386,-114.2,438.487
4387,-114.2,438.587
4388,-114.2,438.687
4389,-114.2,438.787
4390,-114.2,438.886
4391,-114.2,438.987
4392,-114.2,439.087
4393,-114.2,439.188
4394,-114.2,439.288
4395,-114.2,439.39
4396,-114.2,439.487
4397,-114.2,439.591
4398,-114.2,439.69
4399,-114,439.787
4400,-114,439.886
4401,-114,439.987
4402,-114,440.087
4403,-114,440.187
4404,-114,440.289
4405,-114,440.388
4406,-114,440.487
4407,-114,440.587
4408,-114,440.687
4409,-114,440.792
4410,-114,440.888
4411,-114,440.987
4412,-114,441.087
4413,-114,441.189
4414,-114,441.287
4415,-114,441.387
4416,-114,441.487
4417,-114,441.587
4418,-114,441.687
4419,-114,441.789
4420,-113.8,441.886
4421,-113.8,441.989
4422,-113.8,442.087
4423,-113.8,442.187
4424,-113.8,442.288
4425,-113.8,442.386
4426,-113.8,442.487
4427,-113.8,442.587
4428,-113.8,442.686
4429,-113.8,442.787
4430,-113.8,442.89
4431,-113.8,442.991
4432,-113.8,443.09
4433,-113.8,443.188
4434,-113.8,443.287
4435,-113.8,443.386
4436,-113.8,443.488
4437,-113.8,443.587
4438,-113.8,443.687
4439,-113.6,443.788
4440,-113.6,443.886
4441,-113.6,443.987
4442,-113.6,444.09
4443,-113.6,444.188
4444,-113.6,444.287
4445,-113.6,444.386
4446,-113.6,444.487
4447,-113.6,444.604
4448,-113.6,444.688
4449,-113.6,444.787
4450,-113.6,444.886
4451,-113.6,444.987
4452,-113.6,445.087
4453,-113.6,445.187
4454,-113.6,445.29
4455,-113.6,445.386
4456,-113.6,445.487
4457,-113.6,445.588
4458,-113.4,445.689
4459,-113.4,445.788
4460,-113.4,445.887
4461,-113.4,445.988
4462,-113.4,446.087
4463,-113.4,446.188
4464,-113.4,446.288
4465,-113.4,446.387
4466,-113.4,446.488
4467,-113.4,446.588
4468,-113.4,446.687
4469,-113.4,446.788
4470,-113.4,446.886
4471,-113.4,446.987
4472,-113.4,447.087
4473,-113.4,447.187
4474,-113.4,447.288
4475,-113.2,447.386
4476,-113.2,447.487
4477,-113.2,447.587
4478,-113.2,447.687
4479,-113.2,447.787
4480,-113.2,447.886
4481,-113.2,447.988
4482,-113.2,448.088
4483,-113.2,448.188
4484,-113.2,448.287
4485,-113.2,448.387
4486,-113.2,448.487
4487,-113.2,448.587
4488,-113.2,448.687
4489,-113.2,448.787
4490,-113.2,448.886
4491,-113.2,448.987
4492,-113.2,449.087
4493,-113.2,449.187
4494,-113.2,449.288
4495,-113.2,449.386
4496,-113.2,449.488
4497,-113.2,449.587
4498,-113.2,449.687
4499,-113.2,449.787
4500,-113,449.886
4501,-113,449.988
4502,-113,450.088
4503,-113,450.188
4504,-113,450.287
4505,-113,450.386
4506,-113,450.487
4507,-113,450.588
4508,-113,450.688
4509,-113,450.787
4510,-113,450.887
4511,-113,450.987
4512,-113,451.087
4513,-113,451.187
4514,-113,451.287
4515,-113,451.387
4516,-113,451.487
4517,-113,451.587
4518,-113,451.688
4519,-113,451.788
4520,-113,451.888
4521,-113,451.987
4522,-113,452.087
4523,-113,452.187
4524,-112.8,452.287
4525,-112.8,452.386
4526,-112.8,452.487
4527,-112.8,452.587
4528,-112.8,452.687
4529,-112.8,452.79
4530,-112.8,452.887
4531,-112.8,452.987
4532,-112.8,453.087
4533,-112.8,453.188
4534,-112.8,453.287
4535,-112.8,453.386
4536,-112.8,453.487
4537,-112.8,453.587
4538,-112.8,453.687
4539,-112.8,453.788
4540,-112.8,453.886
4541,-112.8,453.987
4542,-112.8,454.087
4543,-112.8,454.188
4544,-112.4,454.288
4545,-112.4,454.386
4546,-110.8,454.487
4547,-109.8,454.588
4548,-103,454.687
4549,-97.8,454.787
4550,-91.2,454.887
4551,-91.2,454.988
4552,-85.6,455.088
4553,-81.4,455.187
4554,-76.4,455.287
4555,-68.4,455.387
4556,-60.6,455.488
4557,-60.6,455.587
4558,-55.4,455.688
4559,-50.8,455.787
4560,-47.8,455.887
4561,-46.2,455.99
4562,-44.2,456.087
4563,-44.2,456.188
4564,-42.6,456.287
4565,-41.8,456.387
4566,-41.6,456.488
4567,-41.8,456.59
4568,-42.4,456.688
4569,-42.4,456.788
4570,-43,456.887
4571,-43.6,456.988
4572,-45.6,457.088
4573,-47,457.188
4574,-47,457.287
4575,-47.8,457.387
4576,-48.2,457.489
4577,-48.4,457.587
4578,-48.4,457.687
4579,-48.6,457.788
4580,-48.6,457.886
4581,-48.8,457.988
4582,-48.8,458.088
4583,-49,458.191
4584,-49,458.288
4585,-49.2,458.386
4586,-49.2,458.488
4587,-49.4,458.587
4588,-49.4,458.688
4589,-49.6,458.788
4590,-49.6,458.886
4591,-49.6,458.987
4592,-49.8,459.088
4593,-49.8,459.187
4594,-50,459.288
4595,-50,459.386
4596,-50,459.487
4597,-50,459.588
4598,-50.2,459.689
4599,-50.2,459.787
4600,-50.2,459.887
4601,-50.4,459.991
4602,-50.4,460.088
4603,-50.4,460.191
4604,-50.4,460.292
4605,-50.6,460.39
4606,-50.6,460.491
4607,-50.6,460.59
4608,-50.6,460.688
4609,-50.6,460.789
4610,-50.8,460.886
4611,-50.8,460.987
4612,-51,461.092
4613,-51,461.188
4614,-51,461.29
4615,-51,461.386
4616,-51,461.49
4617,-51,461.588
4618,-51.2,461.689
4619,-51.2,461.787
4620,-51.2,461.887
4621,-51.2,461.989
4622,-51.2,462.087
4623,-51.4,462.187
4624,-51.4,462.287
4625,-51.4,462.387
4626,-51.4,462.487
4627,-51.4,462.587
4628,-51.6,462.688
4629,-51.6,462.787
4630,-51.6,462.886
4631,-51.6,462.987
4632,-51.6,463.087
4633,-51.6,463.19
4634,-51.8,463.289
4635,-51.8,463.387
4636,-51.8,463.487
4637,-51.8,463.589
4638,-51.8,463.687
4639,-51.8,463.787
4640,-51.8,463.887
4641,-52,463.988
4642,-52,464.088
4643,-52,464.187
4644,-52,464.287
4645,-52,464.387
4646,-52,464.487
4647,-52,464.587
4648,-52.2,464.687
4649,-52.2,464.789
4650,-52.2,464.889
4651,-52.2,464.987
4652,-52.2,465.087
4653,-52.2,465.187
4654,-52.2,465.287
4655,-52.2,465.386
4656,-52.4,465.487
4657,-52.4,465.588
4658,-52.4,465.69
4659,-52.4,465.787
4660,-52.4,465.887
4661,-52.4,465.988
4662,-52.4,466.087
4663,-52.4,466.187
4664,-52.4,466.288
4665,-52.6,466.387
4666,-52.6,466.487
4667,-52.6,466.587
4668,-52.6,466.688
4669,-52.6,466.788
4670,-52.6,466.887
4671,-52.6,466.987
4672,-52.6,467.088
4673,-52.6,467.188
4674,-52.6,467.288
4675,-52.8,467.387
4676,-52.8,467.487
4677,-52.8,467.588
4678,-52.8,467.688
4679,-52.8,467.787
4680,-52.8,467.886
4681,-52.8,467.987
4682,-52.8,468.088
4683,-52.8,468.187
4684,-52.8,468.288
4685,-52.8,468.387
4686,-53,468.491
4687,-53,468.589
4688,-53,468.689
4689,-53,468.788
4690,-53,468.889
4691,-53,468.989
4692,-53,469.087
4693,-53,469.187
4694,-53,469.287
4695,-53,469.386
4696,-53,469.487
4697,-53,469.587
4698,-53,469.687
4699,-53.2,469.787
4700,-53.2,469.886
4701,-53.2,469.987
4702,-53.2,470.087
4703,-53.2,470.189
4704,-53.2,470.287
4705,-53.2,470.386
4706,-53.2,470.487
4707,-53.2,470.596
4708,-53.2,470.691
4709,-53.2,470.79
4710,-53.2,470.886
4711,-53.2,470.988
4712,-53.4,471.087
4713,-53.4,471.187
4714,-53.4,471.288
4715,-53.4,471.386
4716,-53.4,471.488
4717,-53.4,471.587
4718,-53.4,471.688
4719,-53.4,471.788
4720,-53.4,471.886
4721,-53.4,471.988
4722,-53.4,472.088
4723,-53.4,472.187
4724,-53.4,472.287
4725,-53.4,472.386
4726,-53.4,472.487
4727,-53.4,472.587
4728,-53.4,472.687
4729,-53.6,472.789
4730,-53.6,472.886
4731,-53.6,472.987
4732,-53.6,473.087
4733,-53.6,473.187
4734,-53.6,473.288
4735,-53.6,473.386
4736,-53.6,473.487
4737,-53.6,473.587
4738,-53.6,473.687
4739,-53.6,473.788
4740,-53.6,473.886
4741,-53.6,473.987
4742,-53.6,474.087
4743,-53.6,474.187
4744,-53.6,474.287
4745,-53.6,474.387
4746,-53.6,474.488
4747,-53.8,474.588
4748,-53.8,474.687
4749,-53.8,474.788
4750,-53.8,474.886
4751,-53.8,474.987
4752,-53.8,475.087
4753,-53.8,475.187
4754,-53.8,475.287
4755,-53.8,475.387
4756,-53.8,475.488
4757,-53.8,475.587
4758,-53.8,475.688
4759,-53.8,475.788
4760,-53.8,475.887
4761,-53.8,475.987
4762,-53.8,476.087
4763,-53.8,476.187
4764,-53.8,476.287
4765,-53.8,476.386
4766,-53.8,476.487
4767,-53.8,476.587
4768,-53.8,476.687
4769,-54,476.787
4770,-54,476.886
4771,-54,476.987
4772,-54,477.087
4773,-54,477.187
4774,-54,477.287
4775,-54,477.386
4776,-54,477.487
4777,-54,477.587
4778,-54,477.688
4779,-54,477.787
4780,-54,477.886
4781,-54,477.987
4782,-54,478.088
4783,-54,478.187
4784,-54,478.287
4785,-54,478.386
4786,-54,478.487
4787,-54,478.588
4788,-54,478.688
4789,-54,478.788
4790,-54.2,478.887
4791,-54.2,478.987
4792,-54.2,479.087
4793,-54.2,479.187
4794,-54.2,479.287
4795,-54.2,479.387
4796,-54.2,479.487
4797,-54.2,479.587
4798,-54.2,479.687
4799,-54.2,479.788
4800,-54.2,479.886
4801,-54.2,479.987
4802,-54.2,480.087
4803,-54.2,480.187
4804,-54.2,480.288
4805,-54.2,480.386
4806,-54.2,480.487
4807,-54.2,480.588
4808,-54.2,480.687
4809,-54.2,480.787
4810,-54.2,480.887
4811,-54.2,480.989
4812,-54.2,481.088
4813,-54.2,481.208
4814,-54.2,481.29
4815,-54.2,481.387
4816,-54.2,481.487
4817,-54.2,481.587
4818,-54.2,481.687
4819,-54.2,481.788
4820,-54.2,481.886
4821,-54.4,481.987
4822,-54.4,482.089
4823,-54.4,482.187
4824,-54.4,482.287
4825,-54.4,482.389
4826,-54.4,482.49
4827,-54.4,482.589
4828,-54.4,482.688
4829,-54.4,482.787
4830,-54.4,482.888
4831,-54.4,482.987
4832,-54.4,483.091
4833,-54.4,483.188
4834,-54.4,483.289
4835,-54.4,483.389
4836,-54.4,483.487
4837,-54.4,483.587
4838,-54.4,483.687
4839,-54.4,483.791
4840,-54.4,483.887
4841,-54.4,483.987
4842,-54.4,484.087
4843,-54.4,484.187
4844,-54.4,484.288
4845,-54.4,484.386
4846,-54.4,484.487
4847,-54.4,484.588
4848,-54.4,484.687
4849,-54.4,484.787
4850,-54.4,484.886
4851,-54.4,484.987
4852,-54.4,485.087
4853,-54.4,485.188
4854,-54.4,485.287
4855,-54.6,485.387
4856,-54.6,485.487
4857,-54.6,485.587
4858,-54.6,485.687
4859,-54.6,485.787
4860,-54.6,485.886
4861,-54.6,485.988
4862,-54.6,486.088
4863,-54.6,486.187
4864,-54.6,486.287
4865,-54.6,486.388
4866,-54.6,486.487
4867,-54.6,486.587
4868,-54.6,486.687
4869,-54.6,486.789
4870,-54.6,486.886
4871,-54.6,486.987
4872,-54.6,487.088
4873,-54.6,487.188
4874,-54.6,487.287
4875,-54.6,487.387
4876,-54.6,487.487
4877,-54.6,487.589
4878,-54.6,487.688
4879,-54.6,487.788
4880,-54.6,487.886
4881,-54.6,487.991
4882,-54.6,488.088
4883,-54.6,488.188
4884,-54.6,488.287
4885,-54.6,488.389
4886,-54.6,488.487
4887,-54.6,488.587
4888,-54.6,488.689
4889,-54.6,488.79
4890,-54.6,488.886
4891,-54.8,488.987
4892,-54.8,489.087
4893,-54.8,489.187
4894,-54.8,489.288
4895,-54.8,489.387
4896,-54.8,489.487
4897,-54.8,489.588
4898,-54.8,489.688
4899,-54.8,489.787
4900,-54.8,489.886
4901,-54.8,489.987
4902,-54.8,490.088
4903,-54.8,490.188
4904,-54.8,490.287
4905,-54.8,490.387
4906,-54.8,490.488
4907,-54.8,490.587
4908,-54.8,490.687
4909,-54.8,490.787
4910,-54.8,490.887
4911,-54.8,490.988
4912,-54.8,491.087
4913,-54.8,491.188
4914,-54.8,491.287
4915,-54.8,491.386
4916,-54.8,491.488
4917,-54.8,491.588
4918,-54.8,491.688
4919,-54.8,491.788
4920,-54.8,491.888
4921,-54.8,491.987
4922,-54.8,492.087
4923,-54.8,492.187
4924,-54.8,492.287
4925,-54.8,492.387
4926,-54.8,492.488
4927,-54.8,492.588
4928,-54.8,492.688
4929,-54.8,492.789
4930,-54.8,492.886
4931,-54.8,492.987
4932,-54.8,493.094
4933,-54.8,493.189
4934,-54.8,493.288
4935,-54.8,493.387
4936,-54.8,493.487
4937,-55,493.587
4938,-54.8,493.694
4939,-54.8,493.796
4940,-55,493.887
4941,-55,493.987
4942,-55,494.087
4943,-55,494.187
4944,-55,494.288
4945,-55,494.385
4946,-55,494.487
4947,-55,494.586
4948,-55,494.687
4949,-55,494.787
4950,-55,494.886
4951,-55,494.987
4952,-55,495.087
4953,-55,495.187
4954,-55,495.287
4955,-55,495.386
4956,-55,495.487
4957,-55,495.587
4958,-55,495.696
4959,-55,495.791
4960,-55,495.887
4961,-55,495.987
4962,-55,496.087
4963,-55,496.189
4964,-55,496.287
4965,-55,496.386
4966,-55,496.487
4967,-55,496.587
4968,-55,496.687
4969,-55,496.787
4970,-55,496.887
4971,-55,496.987
4972,-55,497.087
4973,-55,497.188
4974,-55,497.287
4975,-55,497.388
4976,-55,497.487
4977,-55,497.587
4978,-55,497.687
4979,-55,497.787
4980,-55,497.886
4981,-55,497.988
4982,-55,498.087
4983,-55.2,498.187
4984,-55.2,498.287
4985,-55.2,498.386
4986,-55.2,498.486
4987,-55.2,498.587
4988,-55.2,498.689
4989,-55.2,498.786
4990,-55.2,498.886
4991,-55.2,498.991
4992,-55.2,499.089
4993,-55.2,499.188
4994,-55.2,499.288
4995,-55.2,499.386
4996,-55.2,499.487
4997,-55.2,499.588
4998,-55.2,499.688
4999,-55.2,499.79
5000,-55.2,499.887
