Reading,Load [12.0 N],Time [sec.]
1,0,0
2,0,0.101
3,0,0.201
4,0,0.303
5,0,0.401
6,0,0.5
7,0,0.6
8,0,0.7
9,0,0.801
10,0,0.901
11,0,1
12,0,1.1
13,0,1.223
14,0,1.301
15,0,1.402
16,0,1.502
17,0,1.601
18,0,1.7
19,0,1.8
20,0,1.901
21,0,2.001
22,0,2.1
23,0,2.2
24,0,2.3
25,0,2.401
26,0,2.502
27,0,2.599
28,0,2.7
29,0,2.801
30,0,2.901
31,0,3
32,0,3.1
33,0,3.2
34,0,3.305
35,0,3.402
36,0,3.501
37,0,3.6
38,0,3.701
39,0,3.807
40,0,3.902
41,0,4.001
42,0,4.1
43,0,4.2
44,0,4.3
45,0,4.401
46,0,4.5
47,0,4.6
48,0,4.7
49,0,4.8
50,0,4.9
51,0,5
52,0,5.1
53,0,5.199
54,0,5.3
55,0,5.402
56,0,5.505
57,0,5.605
58,0,5.708
59,0,5.801
60,0,5.901
61,0,6.001
62,0,6.1
63,0,6.201
64,0,6.301
65,0,6.402
66,0,6.501
67,0,6.604
68,0,6.701
69,0,6.801
70,0,6.903
71,0,7.002
72,0,7.1
73,0,7.202
74,0,7.3
75,0,7.401
76,0,7.5
77,0,7.6
78,0,7.7
79,0,7.802
80,0,7.901
81,0,8
82,0,8.102
83,0,8.201
84,0,8.3
85,0,8.401
86,0,8.5
87,0,8.6
88,0,8.7
89,0,8.799
90,0,8.902
91,0,9.001
92,0,9.1
93,0,9.205
94,0,9.304
95,0,9.403
96,0,9.501
97,0,9.6
98,0,9.7
99,0,9.8
100,0,9.901
101,0,10.001
102,0,10.101
103,0,10.199
104,0,10.302
105,0,10.402
106,0,10.501
107,0,10.602
108,0,10.7
109,0,10.802
110,0,10.902
111,0,11.002
112,0,11.101
113,0,11.201
114,0,11.3
115,0,11.404
116,0,11.503
117,0,11.602
118,0,11.7
119,0,11.8
120,0,11.903
121,0,12.001
122,0,12.101
123,0,12.2
124,0,12.302
125,0,12.402
126,0,12.501
127,0,12.6
128,0,12.702
129,0,12.802
130,0,12.902
131,0,13
132,0,13.1
133,0,13.201
134,0,13.3
135,0,13.401
136,0,13.5
137,0,13.601
138,0,13.701
139,0,13.801
140,0,13.901
141,0,14.001
142,0,14.1
143,0,14.2
144,0,14.3
145,0,14.401
146,0,14.503
147,0,14.6
148,0,14.7
149,0,14.801
150,0,14.902
151,0,15.001
152,0,15.102
153,0,15.201
154,0,15.301
155,0,15.4
156,0,15.501
157,0,15.601
158,0,15.701
159,0,15.801
160,0,15.903
161,0,16
162,0,16.101
163,0,16.202
164,0,16.301
165,0,16.402
166,0,16.501
167,0,16.601
168,0,16.701
169,0,16.8
170,0,16.901
171,0,17
172,0,17.099
173,0,17.2
174,0,17.3
175,0,17.401
176,0,17.5
177,0,17.6
178,0,17.7
179,0,17.8
180,0,17.902
181,0,18.002
182,0,18.102
183,0,18.202
184,0,18.301
185,0,18.402
186,0,18.5
187,0,18.6
188,0,18.701
189,0,18.799
190,0,18.901
191,0,19
192,0,19.1
193,0,19.2
194,0,19.3
195,0,19.401
196,0,19.5
197,0,19.6
198,0,19.699
199,0,19.8
200,0,19.901
201,0,19.999
202,0,20.1
203,0,20.2
204,0,20.299
205,0,20.401
206,0,20.499
207,0,20.6
208,0,20.7
209,0,20.8
210,0,20.901
211,0,21
212,0,21.1
213,0,21.2
214,0,21.3
215,0,21.4
216,0,21.5
217,0,21.6
218,0,21.7
219,0,21.8
220,0,21.901
221,0,22
222,0,22.1
223,0,22.2
224,0,22.3
225,0,22.401
226,0,22.501
227,0,22.6
228,0,22.7
229,0,22.8
230,0,22.902
231,0,23
232,0,23.1
233,0,23.2
234,0,23.3
235,0,23.401
236,0,23.5
237,0,23.6
238,0,23.701
239,0,23.8
240,0,23.901
241,0,23.999
242,0,24.1
243,0,24.2
244,0,24.3
245,0,24.401
246,0,24.5
247,0,24.599
248,0,24.699
249,0,24.803
250,0,24.901
251,0,25.001
252,0,25.1
253,0,25.2
254,0,25.299
255,0,25.402
256,0,25.501
257,0,25.601
258,0,25.701
259,0,25.8
260,0,25.901
261,0,26
262,0,26.1
263,0,26.201
264,0,26.3
265,0,26.402
266,0,26.5
267,0,26.601
268,0,26.701
269,0,26.8
270,0,26.901
271,0,27
272,0,27.101
273,0,27.201
274,0,27.302
275,0,27.402
276,0,27.5
277,0,27.601
278,0,27.701
279,0,27.801
280,0,27.901
281,0,28
282,0,28.101
283,0,28.201
284,0,28.301
285,0,28.402
286,0,28.501
287,0,28.601
288,0,28.702
289,0,28.8
290,0,28.901
291,0,29.001
292,0,29.101
293,0,29.2
294,0,29.3
295,0,29.401
296,0,29.5
297,0,29.599
298,0,29.699
299,0,29.8
300,0,29.901
301,0,30
302,0,30.101
303,0,30.204
304,0,30.303
305,0,30.401
306,0,30.502
307,0,30.6
308,0,30.7
309,0,30.8
310,0,30.903
311,0,31.001
312,0,31.101
313,0,31.201
314,0,31.3
315,0,31.403
316,0,31.501
317,0,31.602
318,0,31.701
319,0,31.801
320,0,31.903
321,0,32
322,0,32.1
323,0,32.201
324,0,32.3
325,0,32.401
326,0,32.5
327,0,32.6
328,0,32.701
329,0,32.8
330,0,32.901
331,0,33
332,0,33.1
333,0,33.201
334,0,33.301
335,0,33.401
336,0,33.501
337,0,33.6
338,0,33.7
339,0,33.8
340,0,33.901
341,0,34
342,0,34.1
343,0,34.201
344,0,34.301
345,0,34.403
346,0,34.5
347,0,34.602
348,0,34.7
349,0,34.8
350,0,34.901
351,0,35
352,0,35.1
353,0,35.2
354,0,35.3
355,0,35.402
356,0,35.5
357,0,35.6
358,0,35.701
359,0,35.799
360,0,35.901
361,0,35.999
362,0,36.1
363,0,36.199
364,0,36.3
365,0,36.4
366,0,36.5
367,0,36.599
368,0,36.7
369,0,36.801
370,0,36.901
371,0,37.001
372,0,37.1
373,0,37.201
374,0,37.301
375,0,37.401
376,0,37.501
377,0,37.603
378,0,37.7
379,0,37.8
380,0,37.903
381,0,38
382,0,38.105
383,0,38.202
384,0,38.299
385,0,38.401
386,0,38.5
387,0,38.601
388,0,38.704
389,0,38.804
390,0,38.903
391,0,39.003
392,0,39.104
393,0,39.201
394,0,39.301
395,0,39.402
396,0,39.501
397,0,39.601
398,0,39.7
399,0,39.801
400,0,39.902
401,0,40
402,0,40.1
403,0,40.2
404,0,40.3
405,0,40.401
406,0,40.5
407,0,40.6
408,0,40.702
409,0,40.8
410,0,40.902
411,0,41
412,0,41.101
413,0,41.2
414,0,41.301
415,0,41.401
416,0,41.5
417,0,41.6
418,0,41.701
419,0,41.801
420,0,41.901
421,0,42
422,0,42.102
423,0,42.201
424,0,42.3
425,0,42.402
426,0,42.501
427,0,42.601
428,0,42.704
429,0,42.802
430,0,42.901
431,0,43.001
432,0,43.102
433,0,43.203
434,0,43.3
435,0,43.402
436,0,43.5
437,0,43.6
438,0,43.7
439,0,43.8
440,0,43.902
441,0,44.001
442,0,44.1
443,0,44.2
444,0,44.301
445,0,44.401
446,0,44.5
447,0,44.6
448,0,44.701
449,0,44.8
450,0,44.902
451,0,45
452,0,45.1
453,0,45.2
454,0,45.3
455,0,45.402
456,0,45.5
457,0,45.6
458,0,45.7
459,0,45.8
460,0,45.902
461,0,46
462,0,46.1
463,0,46.202
464,0,46.3
465,0,46.401
466,0,46.5
467,0,46.6
468,0,46.7
469,0,46.8
470,0,46.901
471,0,46.999
472,0,47.1
473,0,47.2
474,0,47.3
475,0,47.402
476,0,47.5
477,0,47.601
478,0,47.7
479,0,47.799
480,0,47.905
481,-0.4,48
482,-0.4,48.1
483,-1.8,48.199
484,-5.2,48.299
485,-9.4,48.4
486,-14.2,48.499
487,-19.4,48.6
488,-19.4,48.7
489,-26,48.801
490,-33.4,48.906
491,-41.2,49.001
492,-46.6,49.101
493,-46.6,49.201
494,-52,49.301
495,-56.8,49.402
496,-62.2,49.501
497,-67.2,49.601
498,-71.4,49.701
499,-71.4,49.8
500,-74.6,49.902
501,-77.2,50.001
502,-80.8,50.1
503,-84.8,50.2
504,-87.6,50.301
505,-87.6,50.401
506,-87.4,50.501
507,-86.2,50.601
508,-89.2,50.701
509,-94.8,50.8
510,-98.2,50.902
511,-98.2,51
512,-98,51.1
513,-97.4,51.201
514,-98.4,51.301
515,-100,51.401
516,-101.4,51.501
517,-101.4,51.601
518,-101.8,51.701
519,-102.4,51.801
520,-103.4,51.902
521,-104.6,52.001
522,-104.6,52.1
523,-104.6,52.201
524,-105,52.3
525,-105.4,52.402
526,-105.2,52.5
527,-104.8,52.6
528,-104.8,52.701
529,-103.6,52.8
530,-102.6,52.902
531,-101.6,53.001
532,-100.6,53.1
533,-100,53.2
534,-100,53.301
535,-99.4,53.401
536,-98.8,53.501
537,-98.2,53.601
538,-97.8,53.7
539,-97.4,53.802
540,-97.4,53.902
541,-97,54
542,-96.6,54.101
543,-96.2,54.202
544,-95.8,54.3
545,-95.8,54.402
546,-95.6,54.5
547,-95.4,54.601
548,-95,54.701
549,-94.8,54.8
550,-94.6,54.902
551,-94.6,55.001
552,-94.4,55.101
553,-94,55.201
554,-93.8,55.301
555,-93.6,55.402
556,-93.4,55.5
557,-93.4,55.6
558,-93.2,55.701
559,-93.2,55.8
560,-93,55.902
561,-92.8,56.001
562,-92.6,56.1
563,-92.6,56.2
564,-92.4,56.3
565,-92.4,56.401
566,-92.2,56.5
567,-92,56.6
568,-92,56.7
569,-92,56.8
570,-91.8,56.901
571,-91.6,57
572,-91.6,57.102
573,-91.4,57.199
574,-91.4,57.3
575,-91.4,57.401
576,-91.2,57.5
577,-91,57.6
578,-91,57.699
579,-90.8,57.799
580,-90.8,57.901
581,-90.8,58
582,-90.6,58.099
583,-90.6,58.2
584,-90.4,58.3
585,-90.4,58.4
586,-90.4,58.5
587,-90.2,58.6
588,-90.2,58.7
589,-90,58.8
590,-90,58.901
591,-90,59
592,-90,59.1
593,-89.8,59.2
594,-89.8,59.3
595,-89.6,59.401
596,-89.6,59.5
597,-89.6,59.6
598,-89.6,59.7
599,-89.4,59.8
600,-89.4,59.901
601,-89.2,60
602,-89.2,60.1
603,-89.2,60.2
604,-89.2,60.3
605,-89,60.402
606,-89,60.5
607,-89,60.599
608,-89,60.699
609,-88.8,60.8
610,-88.8,60.901
611,-88.8,61.002
612,-88.6,61.099
613,-88.6,61.2
614,-88.6,61.3
615,-88.6,61.401
616,-88.4,61.499
617,-88.4,61.6
618,-88.4,61.7
619,-88.2,61.8
620,-88.2,61.9
621,-88.2,62
622,-88.2,62.099
623,-88.2,62.2
624,-88,62.3
625,-88,62.401
626,-88,62.5
627,-88,62.6
628,-87.8,62.7
629,-87.8,62.8
630,-87.8,62.902
631,-87.8,63
632,-87.8,63.099
633,-87.6,63.2
634,-87.6,63.3
635,-87.6,63.401
636,-87.6,63.5
637,-87.6,63.6
638,-87.6,63.7
639,-87.4,63.801
640,-87.4,63.902
641,-87.4,64
642,-87.4,64.103
643,-87.4,64.2
644,-87.2,64.3
645,-87.2,64.403
646,-87.2,64.504
647,-87.2,64.602
648,-87,64.703
649,-87,64.802
650,-87,64.901
651,-87,65
652,-87,65.101
653,-87,65.203
654,-86.8,65.303
655,-86.8,65.401
656,-86.8,65.501
657,-86.8,65.6
658,-86.8,65.701
659,-86.8,65.801
660,-86.6,65.902
661,-86.6,66.001
662,-86.6,66.101
663,-86.6,66.2
664,-86.6,66.301
665,-86.4,66.401
666,-86.4,66.5
667,-86.4,66.6
668,-86.4,66.701
669,-86.4,66.801
670,-86.4,66.901
671,-86.4,67
672,-86.4,67.101
673,-86.2,67.201
674,-86.2,67.3
675,-86.2,67.402
676,-86.2,67.5
677,-86.2,67.6
678,-86.2,67.7
679,-86.2,67.8
680,-86,67.902
681,-86,68.002
682,-86,68.103
683,-86,68.2
684,-86,68.3
685,-86,68.403
686,-85.8,68.501
687,-85.8,68.6
688,-85.8,68.7
689,-85.8,68.801
690,-85.8,68.902
691,-85.8,69
692,-85.8,69.101
693,-85.6,69.201
694,-85.6,69.301
695,-85.6,69.401
696,-85.6,69.5
697,-85.6,69.602
698,-85.6,69.7
699,-85.6,69.8
700,-85.6,69.901
701,-85.6,70.002
702,-85.4,70.1
703,-85.4,70.2
704,-85.4,70.301
705,-85.4,70.402
706,-85.4,70.505
707,-85.4,70.604
708,-85.4,70.701
709,-85.4,70.8
710,-85.2,70.902
711,-85.2,71.001
712,-85.2,71.101
713,-85.2,71.2
714,-85.2,71.3
715,-85.2,71.402
716,-85.2,71.501
717,-85.2,71.601
718,-85.2,71.701
719,-85,71.8
720,-85,71.902
721,-85,72.001
722,-85,72.102
723,-85,72.2
724,-85,72.301
725,-85,72.401
726,-85,72.502
727,-85,72.601
728,-84.8,72.702
729,-84.8,72.8
730,-84.8,72.902
731,-84.8,73
732,-84.8,73.101
733,-84.8,73.202
734,-84.8,73.302
735,-84.8,73.402
736,-84.8,73.501
737,-84.8,73.621
738,-84.6,73.702
739,-84.6,73.802
740,-84.6,73.902
741,-84.6,74.001
742,-84.6,74.102
743,-84.6,74.2
744,-84.6,74.301
745,-84.6,74.401
746,-84.6,74.501
747,-84.4,74.6
748,-84.4,74.7
749,-84.4,74.801
750,-84.4,74.901
751,-84.4,75
752,-84.4,75.101
753,-84.4,75.2
754,-84.4,75.3
755,-84.4,75.401
756,-84.4,75.501
757,-84.2,75.601
758,-84.2,75.7
759,-84.2,75.801
760,-84.2,75.901
761,-84.2,76.001
762,-84.2,76.101
763,-84.2,76.201
764,-84.2,76.3
765,-84.2,76.401
766,-84.2,76.5
767,-84.2,76.601
768,-84.2,76.701
769,-84,76.801
770,-84,76.902
771,-84,77
772,-84,77.101
773,-84,77.201
774,-84,77.301
775,-84,77.401
776,-84,77.5
777,-84,77.601
778,-84,77.701
779,-84,77.8
780,-83.8,77.901
781,-83.8,78
782,-83.8,78.101
783,-83.8,78.2
784,-83.8,78.3
785,-83.8,78.402
786,-83.8,78.5
787,-83.8,78.604
788,-83.8,78.702
789,-83.8,78.8
790,-83.8,78.902
791,-83.8,79
792,-83.6,79.1
793,-83.6,79.201
794,-83.6,79.3
795,-83.6,79.4
796,-83.6,79.5
797,-83.6,79.6
798,-83.6,79.699
799,-83.6,79.8
800,-83.6,79.901
801,-83.6,80.001
802,-83.6,80.103
803,-83.6,80.2
804,-83.6,80.3
805,-83.4,80.401
806,-83.4,80.501
807,-83.4,80.603
808,-83.4,80.7
809,-83.4,80.8
810,-83.4,80.903
811,-83.4,81.002
812,-83.4,81.1
813,-83.4,81.2
814,-83.4,81.3
815,-83.4,81.404
816,-83.4,81.502
817,-83.4,81.603
818,-83.4,81.7
819,-83.2,81.799
820,-83.2,81.902
821,-83.2,82
822,-83.2,82.103
823,-83.2,82.202
824,-83.2,82.301
825,-83.2,82.404
826,-83.2,82.502
827,-83.2,82.604
828,-83.2,82.702
829,-83.2,82.8
830,-83.2,82.902
831,-83.2,83.001
832,-83.2,83.11
833,-83,83.207
834,-83,83.301
835,-83,83.402
836,-83,83.5
837,-83,83.601
838,-83,83.701
839,-83,83.801
840,-83,83.901
841,-83,84.001
842,-83,84.101
843,-83,84.201
844,-83,84.301
845,-83,84.402
846,-83,84.501
847,-83,84.6
848,-82.8,84.702
849,-82.8,84.802
850,-82.8,84.902
851,-82.8,85.002
852,-82.8,85.101
853,-82.8,85.202
854,-82.8,85.301
855,-82.8,85.402
856,-82.8,85.503
857,-82.8,85.601
858,-82.8,85.702
859,-82.8,85.801
860,-82.8,85.902
861,-82.8,86.004
862,-82.8,86.103
863,-82.6,86.202
864,-82.6,86.301
865,-82.6,86.403
866,-82.6,86.502
867,-82.6,86.6
868,-82.6,86.7
869,-82.6,86.8
870,-82.6,86.902
871,-82.6,87
872,-82.6,87.1
873,-82.6,87.2
874,-82.6,87.3
875,-82.6,87.4
876,-82.6,87.5
877,-82.6,87.6
878,-82.6,87.7
879,-82.6,87.8
880,-82.4,87.9
881,-82.4,88
882,-82.4,88.1
883,-82.4,88.2
884,-82.4,88.3
885,-82.4,88.401
886,-82.4,88.5
887,-82.4,88.599
888,-82.4,88.7
889,-82.4,88.799
890,-82.4,88.902
891,-82.4,89
892,-82.4,89.1
893,-82.4,89.2
894,-82.4,89.3
895,-82.4,89.402
896,-82.4,89.499
897,-82.2,89.603
898,-82.2,89.702
899,-82.2,89.801
900,-82.2,89.902
901,-82.2,90
902,-82.2,90.101
903,-82.2,90.2
904,-82.2,90.3
905,-82.2,90.402
906,-82.2,90.501
907,-82.2,90.6
908,-82.2,90.7
909,-82.2,90.8
910,-82.2,90.901
911,-82.2,91
912,-81.6,91.1
913,-79.2,91.199
914,-74.6,91.299
915,-69.4,91.401
916,-65.6,91.5
917,-65.6,91.6
918,-62.4,91.7
919,-60.8,91.8
920,-60.6,91.902
921,-60,92
922,-60,92.1
923,-58.2,92.2
924,-54.4,92.301
925,-50,92.401
926,-46.2,92.5
927,-44.2,92.6
928,-44.2,92.7
929,-42.2,92.8
930,-40.2,92.901
931,-38.8,93
932,-38.2,93.1
933,-37.6,93.199
934,-37.6,93.3
935,-37,93.402
936,-36.4,93.5
937,-36.2,93.602
938,-35.8,93.7
939,-34.8,93.799
940,-34.8,93.902
941,-34,94
942,-33,94.1
943,-32.2,94.2
944,-31.4,94.3
945,-31.4,94.401
946,-30.4,94.5
947,-29.4,94.6
948,-28.8,94.7
949,-28.2,94.8
950,-27.4,94.9
951,-27.4,95
952,-26.4,95.1
953,-25.4,95.2
954,-24.2,95.3
955,-23.4,95.401
956,-23.4,95.5
957,-23.4,95.6
958,-23.8,95.7
959,-24,95.8
960,-24.2,95.9
961,-24.6,96
962,-24.8,96.1
963,-24.8,96.2
964,-25,96.3
965,-25.2,96.4
966,-25.2,96.5
967,-25.4,96.6
968,-25.4,96.7
969,-25.6,96.8
970,-25.8,96.901
971,-25.8,97
972,-25.8,97.1
973,-25.8,97.2
974,-25.8,97.299
975,-26,97.401
976,-26,97.5
977,-26.2,97.6
978,-26.2,97.699
979,-26.2,97.8
980,-26.2,97.9
981,-26.4,98
982,-26.4,98.099
983,-26.4,98.2
984,-26.6,98.3
985,-26.6,98.401
986,-26.6,98.5
987,-26.8,98.6
988,-26.8,98.7
989,-26.8,98.8
990,-26.8,98.901
991,-27,99
992,-27,99.1
993,-27,99.2
994,-27,99.3
995,-27.2,99.4
996,-27.2,99.5
997,-27.2,99.6
998,-27.2,99.7
999,-27.2,99.799
1000,-27.4,99.9
1001,-27.4,100.002
1002,-27.4,100.099
1003,-27.4,100.199
1004,-27.4,100.3
1005,-27.4,100.402
1006,-27.4,100.504
1007,-27.6,100.601
1008,-27.6,100.7
1009,-27.6,100.8
1010,-27.6,100.902
1011,-27.6,101
1012,-27.8,101.1
1013,-27.8,101.199
1014,-27.8,101.303
1015,-27.8,101.402
1016,-27.8,101.499
1017,-27.8,101.599
1018,-27.8,101.699
1019,-27.8,101.8
1020,-27.8,101.901
1021,-28,102
1022,-28,102.1
1023,-28,102.204
1024,-28,102.301
1025,-28,102.404
1026,-28,102.505
1027,-28,102.601
1028,-28,102.701
1029,-28.2,102.8
1030,-28.2,102.908
1031,-28.2,103.004
1032,-28.2,103.104
1033,-28.2,103.207
1034,-28.2,103.306
1035,-28.2,103.402
1036,-28.2,103.501
1037,-28.2,103.608
1038,-28.2,103.704
1039,-28.4,103.804
1040,-28.4,103.902
1041,-28.4,104.004
1042,-28.4,104.102
1043,-28.4,104.204
1044,-28.4,104.321
1045,-28.4,104.4
1046,-28.4,104.499
1047,-28.4,104.6
1048,-28.4,104.699
1049,-28.4,104.8
1050,-28.4,104.901
1051,-28.4,104.999
1052,-28.6,105.1
1053,-28.6,105.199
1054,-28.6,105.3
1055,-28.6,105.401
1056,-28.6,105.5
1057,-28.6,105.602
1058,-28.6,105.699
1059,-28.6,105.802
1060,-28.6,105.9
1061,-28.6,106.001
1062,-28.8,106.1
1063,-28.8,106.201
1064,-28.8,106.301
1065,-28.8,106.4
1066,-28.8,106.5
1067,-28.8,106.601
1068,-28.8,106.7
1069,-28.8,106.799
1070,-28.8,106.901
1071,-28.8,107.002
1072,-28.8,107.1
1073,-28.8,107.203
1074,-28.8,107.301
1075,-28.8,107.401
1076,-28.8,107.5
1077,-28.8,107.601
1078,-29,107.699
1079,-29,107.799
1080,-29,107.902
1081,-29,107.999
1082,-29,108.1
1083,-29,108.2
1084,-29,108.301
1085,-29,108.401
1086,-29,108.505
1087,-29,108.601
1088,-29,108.7
1089,-29,108.799
1090,-29,108.902
1091,-29,109
1092,-29,109.104
1093,-29,109.2
1094,-29,109.302
1095,-29.2,109.401
1096,-29.2,109.503
1097,-29.2,109.599
1098,-29.2,109.701
1099,-29.2,109.8
1100,-29.2,109.901
1101,-29.2,109.999
1102,-29.2,110.101
1103,-29.2,110.2
1104,-29.2,110.299
1105,-29.2,110.401
1106,-29.2,110.499
1107,-29.2,110.6
1108,-29.2,110.7
1109,-29.2,110.799
1110,-29.2,110.901
1111,-29.2,111
1112,-29.2,111.1
1113,-29.2,111.2
1114,-29.2,111.3
1115,-29.2,111.401
1116,-29.2,111.502
1117,-29.4,111.601
1118,-29.4,111.7
1119,-29.4,111.8
1120,-29.4,111.901
1121,-29.4,112
1122,-29.4,112.099
1123,-29.4,112.199
1124,-29.4,112.3
1125,-29.4,112.401
1126,-29.4,112.5
1127,-29.4,112.603
1128,-29.4,112.7
1129,-29.4,112.799
1130,-29.4,112.901
1131,-29.4,113
1132,-29.4,113.099
1133,-29.4,113.2
1134,-29.4,113.301
1135,-29.4,113.402
1136,-29.4,113.5
1137,-29.4,113.6
1138,-29.4,113.701
1139,-29.4,113.799
1140,-29.4,113.901
1141,-29.4,114
1142,-29.4,114.1
1143,-29.4,114.199
1144,-29.4,114.301
1145,-29.4,114.401
1146,-29.4,114.5
1147,-29.6,114.6
1148,-29.6,114.701
1149,-29.6,114.804
1150,-29.6,114.905
1151,-29.6,115.005
1152,-29.6,115.103
1153,-29.6,115.207
1154,-29.6,115.301
1155,-29.6,115.404
1156,-29.6,115.501
1157,-29.6,115.603
1158,-29.6,115.7
1159,-29.6,115.8
1160,-29.6,115.902
1161,-29.6,116.002
1162,-29.6,116.103
1163,-29.6,116.2
1164,-29.6,116.299
1165,-29.6,116.403
1166,-29.6,116.503
1167,-29.6,116.603
1168,-29.6,116.7
1169,-29.6,116.8
1170,-29.6,116.901
1171,-29.6,117.003
1172,-29.8,117.1
1173,-29.8,117.2
1174,-29.8,117.301
1175,-29.8,117.402
1176,-29.8,117.5
1177,-29.8,117.599
1178,-29.8,117.701
1179,-29.8,117.8
1180,-29.8,117.9
1181,-29.8,118
1182,-29.8,118.099
1183,-29.8,118.199
1184,-29.8,118.3
1185,-29.8,118.401
1186,-29.8,118.499
1187,-29.8,118.599
1188,-29.8,118.7
1189,-29.8,118.8
1190,-29.8,118.902
1191,-29.8,119.002
1192,-29.8,119.101
1193,-29.8,119.2
1194,-29.8,119.302
1195,-29.8,119.402
1196,-29.8,119.506
1197,-29.8,119.601
1198,-29.8,119.703
1199,-29.8,119.802
1200,-29.8,119.9
1201,-29.8,120
1202,-29.8,120.1
1203,-29.8,120.199
1204,-29.8,120.3
1205,-29.8,120.4
1206,-29.8,120.5
1207,-29.8,120.602
1208,-29.8,120.7
1209,-29.8,120.801
1210,-29.8,120.901
1211,-29.8,121
1212,-29.8,121.1
1213,-30,121.204
1214,-30,121.301
1215,-30,121.4
1216,-30,121.499
1217,-30,121.601
1218,-30,121.7
1219,-30,121.8
1220,-30,121.901
1221,-30,122
1222,-30,122.101
1223,-30,122.204
1224,-30,122.302
1225,-30,122.402
1226,-30,122.501
1227,-30,122.6
1228,-30,122.732
1229,-30,122.8
1230,-30,122.9
1231,-30,123
1232,-30,123.101
1233,-30,123.2
1234,-30,123.299
1235,-30,123.403
1236,-30,123.5
1237,-30,123.603
1238,-30,123.709
1239,-30,123.802
1240,-30,123.9
1241,-30,124.004
1242,-30,124.102
1243,-30,124.201
1244,-30,124.304
1245,-30,124.405
1246,-30,124.502
1247,-30,124.601
1248,-30,124.7
1249,-30,124.804
1250,-30,124.903
1251,-30,125.004
1252,-30,125.103
1253,-30,125.203
1254,-30,125.303
1255,-30,125.406
1256,-30,125.502
1257,-30,125.601
1258,-30,125.7
1259,-30,125.801
1260,-30,125.9
1261,-30,126
1262,-30,126.1
1263,-30,126.199
1264,-30,126.3
1265,-30,126.4
1266,-30.2,126.5
1267,-30.2,126.6
1268,-30.2,126.704
1269,-30.2,126.802
1270,-30,126.9
1271,-30.2,126.999
1272,-30.2,127.1
1273,-30.2,127.202
1274,-30.2,127.299
1275,-30.2,127.402
1276,-30.2,127.501
1277,-30.2,127.599
1278,-30.2,127.699
1279,-30.2,127.801
1280,-30.2,127.9
1281,-30.2,127.999
1282,-30.2,128.101
1283,-30.2,128.2
1284,-30.2,128.3
1285,-30.2,128.4
1286,-30.2,128.499
1287,-30.2,128.6
1288,-30.2,128.7
1289,-30.2,128.8
1290,-30.2,128.9
1291,-30.2,129
1292,-30.2,129.101
1293,-30.2,129.2
1294,-30.2,129.3
1295,-30.2,129.401
1296,-30.2,129.503
1297,-30.2,129.6
1298,-30.2,129.7
1299,-30.2,129.8
1300,-30.2,129.909
1301,-30.2,130.001
1302,-30.2,130.1
1303,-30.2,130.201
1304,-30.2,130.301
1305,-30.2,130.403
1306,-30.2,130.505
1307,-30.2,130.602
1308,-30.2,130.706
1309,-30.2,130.803
1310,-30.2,130.902
1311,-30.2,131.004
1312,-30.2,131.105
1313,-30.2,131.203
1314,-30.2,131.303
1315,-30.2,131.404
1316,-30.2,131.504
1317,-30.2,131.602
1318,-30.2,131.703
1319,-30.2,131.806
1320,-30.2,131.903
1321,-30.2,132.002
1322,-30.2,132.1
1323,-30.2,132.202
1324,-30.4,132.302
1325,-30.4,132.408
1326,-30.4,132.504
1327,-30.4,132.604
1328,-30.4,132.7
1329,-30.4,132.8
1330,-30.4,132.9
1331,-30.4,133
1332,-30.4,133.101
1333,-30.4,133.2
1334,-30.4,133.3
1335,-30.4,133.402
1336,-30.4,133.5
1337,-30.4,133.6
1338,-30.4,133.7
1339,-30.4,133.8
1340,-30.4,133.901
1341,-30.4,134
1342,-30.4,134.1
1343,-30.4,134.199
1344,-30.4,134.3
1345,-30.4,134.401
1346,-30.4,134.501
1347,-30.4,134.6
1348,-30.4,134.699
1349,-30.4,134.8
1350,-30.4,134.903
1351,-30.4,135
1352,-30.4,135.1
1353,-30.4,135.2
1354,-30.4,135.3
1355,-30.4,135.402
1356,-30.4,135.501
1357,-30.4,135.6
1358,-30.4,135.699
1359,-30.4,135.801
1360,-30.4,135.901
1361,-30.4,136
1362,-30.4,136.102
1363,-30.4,136.204
1364,-30.4,136.301
1365,-30.4,136.401
1366,-30.4,136.5
1367,-30.4,136.6
1368,-30.4,136.7
1369,-30.4,136.8
1370,-30.4,136.901
1371,-30.4,137.001
1372,-30.4,137.1
1373,-31,137.2
1374,-33.6,137.3
1375,-33.6,137.4
1376,-38,137.5
1377,-43.2,137.6
1378,-47.6,137.7
1379,-51.2,137.8
1380,-51.2,137.901
1381,-55.2,138
1382,-58.4,138.102
1383,-61.6,138.2
1384,-64.6,138.299
1385,-67.4,138.401
1386,-67.4,138.501
1387,-69.4,138.6
1388,-70.6,138.7
1389,-72,138.8
1390,-73.2,138.902
1391,-73.4,139.003
1392,-73.4,139.104
1393,-73.8,139.202
1394,-73.8,139.3
1395,-73.6,139.402
1396,-73.2,139.502
1397,-72.8,139.601
1398,-72.8,139.7
1399,-72.6,139.802
1400,-72.4,139.901
1401,-72,140
1402,-71.8,140.102
1403,-71.6,140.201
1404,-71.6,140.3
1405,-71.4,140.401
1406,-71.2,140.501
1407,-71.2,140.601
1408,-71,140.701
1409,-71,140.801
1410,-70.8,140.901
1411,-70.6,141
1412,-70.4,141.101
1413,-70.4,141.23
1414,-70.2,141.3
1415,-70.2,141.401
1416,-70.2,141.5
1417,-70,141.6
1418,-70,141.702
1419,-69.8,141.8
1420,-69.8,141.9
1421,-69.8,142
1422,-69.6,142.101
1423,-69.6,142.2
1424,-69.6,142.3
1425,-69.4,142.401
1426,-69.4,142.499
1427,-69.4,142.6
1428,-69.4,142.701
1429,-69.2,142.801
1430,-69.2,142.901
1431,-69.2,142.999
1432,-69.2,143.1
1433,-69.2,143.2
1434,-69,143.306
1435,-69,143.401
1436,-69,143.502
1437,-68.8,143.599
1438,-68.8,143.699
1439,-68.8,143.8
1440,-68.8,143.902
1441,-68.8,144.003
1442,-68.8,144.102
1443,-68.6,144.202
1444,-68.6,144.304
1445,-68.6,144.402
1446,-68.6,144.502
1447,-68.6,144.599
1448,-68.6,144.701
1449,-68.4,144.8
1450,-68.4,144.901
1451,-68.4,145
1452,-68.4,145.099
1453,-68.4,145.2
1454,-68.4,145.301
1455,-68.4,145.402
1456,-68.2,145.499
1457,-68.2,145.599
1458,-68.2,145.7
1459,-68.2,145.801
1460,-68.2,145.901
1461,-68.2,146
1462,-68.2,146.1
1463,-68.2,146.201
1464,-68,146.3
1465,-68,146.401
1466,-68,146.5
1467,-68,146.599
1468,-68,146.7
1469,-68,146.8
1470,-68,146.901
1471,-67.8,147
1472,-67.8,147.1
1473,-67.8,147.2
1474,-67.8,147.3
1475,-67.8,147.4
1476,-67.8,147.501
1477,-67.8,147.6
1478,-67.8,147.701
1479,-67.8,147.801
1480,-67.8,147.901
1481,-67.6,148.001
1482,-67.6,148.102
1483,-67.6,148.204
1484,-67.6,148.304
1485,-67.6,148.401
1486,-67.6,148.501
1487,-67.6,148.603
1488,-67.6,148.703
1489,-67.6,148.801
1490,-67.6,148.903
1491,-67.6,149.001
1492,-67.6,149.104
1493,-67.4,149.201
1494,-67.4,149.3
1495,-67.4,149.402
1496,-67.4,149.5
1497,-67.4,149.6
1498,-67.4,149.702
1499,-67.4,149.799
1500,-67.4,149.901
1501,-67.4,150.001
1502,-67.4,150.102
1503,-67.4,150.202
1504,-67.4,150.3
1505,-67.2,150.401
1506,-67.2,150.5
1507,-67.2,150.6
1508,-67.2,150.699
1509,-67.2,150.8
1510,-67.2,150.901
1511,-67.2,151
1512,-67.2,151.099
1513,-67.2,151.199
1514,-67.2,151.3
1515,-67.2,151.4
1516,-67.2,151.5
1517,-67.2,151.599
1518,-67.2,151.7
1519,-67.2,151.8
1520,-67.2,151.902
1521,-67,152.001
1522,-67,152.099
1523,-67,152.199
1524,-67,152.302
1525,-67,152.4
1526,-67,152.5
1527,-67,152.6
1528,-67,152.703
1529,-67,152.799
1530,-67,152.9
1531,-67,153
1532,-67,153.1
1533,-66.8,153.199
1534,-66.8,153.299
1535,-66.8,153.401
1536,-66.8,153.504
1537,-66.8,153.601
1538,-66.8,153.699
1539,-66.8,153.8
1540,-66.8,153.9
1541,-66.8,154
1542,-66.8,154.1
1543,-66.8,154.199
1544,-66.8,154.299
1545,-66.8,154.402
1546,-66.8,154.504
1547,-66.8,154.604
1548,-66.8,154.701
1549,-66.8,154.799
1550,-66.8,154.9
1551,-66.8,155
1552,-66.8,155.1
1553,-66.6,155.2
1554,-66.6,155.299
1555,-66.6,155.401
1556,-66.6,155.499
1557,-66.6,155.6
1558,-66.6,155.699
1559,-66.6,155.799
1560,-66.6,155.9
1561,-66.6,156
1562,-66.6,156.1
1563,-66.6,156.2
1564,-66.6,156.301
1565,-66.6,156.4
1566,-66.6,156.5
1567,-66.6,156.6
1568,-66.6,156.701
1569,-66.6,156.802
1570,-66.6,156.901
1571,-66.6,157
1572,-66.6,157.1
1573,-66.4,157.199
1574,-66.4,157.301
1575,-66.4,157.402
1576,-66.4,157.5
1577,-66.4,157.601
1578,-66.4,157.701
1579,-66.4,157.801
1580,-66.4,157.902
1581,-66.4,158.001
1582,-66.4,158.102
1583,-66.4,158.201
1584,-66.4,158.3
1585,-66.4,158.401
1586,-66.4,158.501
1587,-66.4,158.601
1588,-66.4,158.7
1589,-66.4,158.8
1590,-66.4,158.901
1591,-66.4,159.001
1592,-66.4,159.1
1593,-66.4,159.215
1594,-66.4,159.303
1595,-66.4,159.4
1596,-66.4,159.5
1597,-66.4,159.6
1598,-66.4,159.7
1599,-66.4,159.8
1600,-66.4,159.902
1601,-66.4,160.001
1602,-66.2,160.102
1603,-66.2,160.2
1604,-66.2,160.3
1605,-66.2,160.401
1606,-66.2,160.501
1607,-66.2,160.6
1608,-66.2,160.701
1609,-66.2,160.801
1610,-66.2,160.901
1611,-66.2,161
1612,-66.2,161.101
1613,-66.2,161.202
1614,-66.2,161.301
1615,-66.2,161.402
1616,-66.2,161.501
1617,-66.2,161.601
1618,-66.2,161.701
1619,-66.2,161.8
1620,-66.2,161.901
1621,-66.2,162
1622,-66.2,162.101
1623,-66.2,162.2
1624,-66.2,162.301
1625,-66.2,162.402
1626,-66.2,162.501
1627,-66.2,162.6
1628,-66.2,162.699
1629,-66.2,162.8
1630,-66,162.901
1631,-66,163
1632,-66,163.101
1633,-66,163.2
1634,-66,163.3
1635,-66,163.402
1636,-66,163.5
1637,-66,163.6
1638,-66,163.7
1639,-66,163.8
1640,-66,163.901
1641,-66,164
1642,-66,164.101
1643,-66,164.201
1644,-66,164.3
1645,-66,164.401
1646,-66,164.5
1647,-66,164.6
1648,-66,164.701
1649,-66,164.801
1650,-66,164.902
1651,,165
1652,-66,165.1
1653,-66,165.201
1654,-66,165.3
1655,-66,165.401
1656,-66,165.5
1657,-65.8,165.599
1658,-65.8,165.763
1659,-65.8,165.803
1660,-65.8,165.902
1661,-65.8,166.005
1662,-65.8,166.101
1663,-65.8,166.2
1664,-65.8,166.3
1665,-65.8,166.401
1666,-65.8,166.5
1667,-65.8,166.6
1668,-65.8,166.7
1669,-65.8,166.803
1670,-65.8,166.902
1671,-65.8,166.999
1672,-65.8,167.1
1673,-65.8,167.2
1674,-65.8,167.3
1675,-65.8,167.403
1676,-65.8,167.5
1677,-65.8,167.6
1678,-65.8,167.7
1679,-65.8,167.8
1680,-65.8,167.901
1681,-65.8,168
1682,-65.8,168.1
1683,-65.8,168.201
1684,-65.8,168.3
1685,-65.8,168.401
1686,-65.8,168.5
1687,-65.8,168.6
1688,-65.8,168.702
1689,-65.8,168.8
1690,-65.8,168.901
1691,-65.8,169
1692,-65.8,169.1
1693,-65.8,169.2
1694,-65.6,169.3
1695,-65.6,169.402
1696,-65.6,169.5
1697,-65.6,169.6
1698,-65.6,169.7
1699,-65.6,169.8
1700,-65.6,169.901
1701,-65.6,170.001
1702,-65.6,170.1
1703,-65.6,170.2
1704,-65.6,170.3
1705,-65.6,170.403
1706,-65.6,170.5
1707,-65.6,170.6
1708,-65.6,170.7
1709,-65.6,170.8
1710,-65.6,170.901
1711,-65.6,171
1712,-65.6,171.105
1713,-65.6,171.201
1714,-65.6,171.3
1715,-65.6,171.401
1716,-65.6,171.501
1717,-65.6,171.6
1718,-65.6,171.72
1719,-65.6,171.804
1720,-65.6,171.901
1721,-65.6,172
1722,-65.6,172.1
1723,-65.6,172.2
1724,-65.6,172.301
1725,-65.6,172.401
1726,-65.6,172.5
1727,-65.6,172.601
1728,-65.6,172.701
1729,-65.6,172.801
1730,-65.6,172.901
1731,-65.6,173.001
1732,-65.6,173.1
1733,-65.6,173.2
1734,-65.6,173.315
1735,-65.4,173.401
1736,-65.4,173.5
1737,-65.4,173.602
1738,-65.4,173.702
1739,-65.4,173.804
1740,-65.4,173.904
1741,-65.4,174.002
1742,-65.4,174.1
1743,-65.4,174.2
1744,-65.4,174.3
1745,-65.4,174.401
1746,-65.4,174.5
1747,-65.4,174.6
1748,-65.4,174.7
1749,-65.4,174.8
1750,-65.4,174.901
1751,-65.4,175
1752,-65.4,175.1
1753,-65.4,175.202
1754,-65.4,175.301
1755,-65.4,175.401
1756,-65.4,175.5
1757,-65.4,175.6
1758,-65.4,175.7
1759,-65.4,175.799
1760,-65.4,175.9
1761,-65.4,176
1762,-65.4,176.1
1763,-65.4,176.2
1764,-65.4,176.3
1765,-65.4,176.401
1766,-65.4,176.5
1767,-65.4,176.6
1768,-65.4,176.7
1769,-65.4,176.801
1770,-65.4,176.901
1771,-65.4,177
1772,-65.4,177.101
1773,-65.4,177.2
1774,-65.4,177.3
1775,-65.4,177.401
1776,-65.4,177.5
1777,-65.4,177.6
1778,-65.4,177.7
1779,-65.4,177.8
1780,-65.4,177.901
1781,-65.4,177.999
1782,-65.4,178.1
1783,-65.4,178.201
1784,-65.4,178.3
1785,-65.4,178.401
1786,-65.4,178.499
1787,-65.4,178.6
1788,-65.4,178.701
1789,-65.4,178.8
1790,-65.4,178.903
1791,-65.2,179
1792,-65.2,179.1
1793,-65.2,179.2
1794,-65.4,179.3
1795,-65.2,179.401
1796,-65.2,179.501
1797,-65.2,179.604
1798,-65.2,179.703
1799,-65.2,179.8
1800,-65.2,179.901
1801,-65.2,180
1802,-65.2,180.1
1803,-65.2,180.2
1804,-65.2,180.3
1805,-65.2,180.401
1806,-65.2,180.499
1807,-65.2,180.6
1808,-65.2,180.7
1809,-65.2,180.8
1810,-65.2,180.901
1811,-65.2,181
1812,-65.2,181.1
1813,-65.2,181.204
1814,-64.8,181.303
1815,-62.6,181.404
1816,-62.6,181.5
1817,-59.8,181.6
1818,-56,181.7
1819,-52.4,181.8
1820,-49,181.901
1821,-46.2,182
1822,-46.2,182.1
1823,-42.8,182.2
1824,-39.8,182.3
1825,-37.6,182.401
1826,-34.8,182.5
1827,-34.8,182.6
1828,-31.8,182.7
1829,-30.8,182.8
1830,-30.4,182.901
1831,-29.8,182.999
1832,-28.8,183.099
1833,-28.8,183.2
1834,-28,183.3
1835,-26.8,183.4
1836,-26.2,183.5
1837,-26.2,183.6
1838,-26.4,183.7
1839,-26.4,183.8
1840,-26.6,183.905
1841,-26.8,184.001
1842,-27,184.1
1843,-27.2,184.203
1844,-27.4,184.299
1845,-27.4,184.401
1846,-27.6,184.499
1847,-27.8,184.603
1848,-27.8,184.701
1849,-28,184.8
1850,-28,184.901
1851,-28,185
1852,-28.2,185.1
1853,-28.2,185.2
1854,-28.4,185.3
1855,-28.4,185.4
1856,-28.4,185.5
1857,-28.4,185.6
1858,-28.6,185.7
1859,-28.6,185.8
1860,-28.8,185.901
1861,-28.8,186
1862,-28.8,186.1
1863,-28.8,186.203
1864,-29,186.299
1865,-29,186.401
1866,-29,186.5
1867,-29,186.6
1868,-29,186.701
1869,-29.2,186.802
1870,-29.2,186.901
1871,-29.2,187
1872,-29.4,187.101
1873,-29.4,187.201
1874,-29.4,187.3
1875,-29.4,187.401
1876,-29.4,187.502
1877,-29.4,187.604
1878,-29.4,187.701
1879,-29.6,187.803
1880,-29.6,187.902
1881,-29.6,188.001
1882,-29.6,188.101
1883,-29.6,188.2
1884,-29.8,188.3
1885,-29.8,188.401
1886,-29.8,188.502
1887,-29.8,188.601
1888,-29.8,188.7
1889,-29.8,188.8
1890,-29.8,188.901
1891,-29.8,189
1892,-29.8,189.102
1893,-30,189.203
1894,-30,189.302
1895,-30,189.403
1896,-30,189.502
1897,-30,189.601
1898,-30,189.702
1899,-30,189.802
1900,-30,189.901
1901,-30.2,190.002
1902,-30.2,190.101
1903,-30.2,190.202
1904,-30.2,190.302
1905,-30.2,190.401
1906,-30.2,190.501
1907,-30.2,190.602
1908,-30.2,190.702
1909,-30.2,190.8
1910,-30.2,190.902
1911,-30.4,191
1912,-30.4,191.1
1913,-30.4,191.201
1914,-30.4,191.3
1915,-30.4,191.409
1916,-30.4,191.509
1917,-30.4,191.603
1918,-30.4,191.701
1919,-30.4,191.801
1920,-30.4,191.903
1921,-30.4,192
1922,-30.4,192.101
1923,-30.4,192.201
1924,-30.4,192.3
1925,-30.6,192.401
1926,-30.6,192.501
1927,-30.6,192.601
1928,-30.6,192.7
1929,-30.6,192.8
1930,-30.6,192.902
1931,-30.6,193
1932,-30.6,193.102
1933,-30.6,193.201
1934,-30.6,193.302
1935,-30.6,193.401
1936,-30.8,193.5
1937,-30.8,193.606
1938,-30.8,193.701
1939,-30.8,193.8
1940,-30.8,193.902
1941,-30.8,194.002
1942,-30.8,194.101
1943,-30.8,194.201
1944,-30.8,194.3
1945,-30.8,194.401
1946,-30.8,194.501
1947,-30.8,194.601
1948,-30.8,194.701
1949,-30.8,194.801
1950,-30.8,194.901
1951,-30.8,195.001
1952,-30.8,195.101
1953,-31,195.201
1954,-31,195.3
1955,-31,195.401
1956,-31,195.5
1957,-31,195.601
1958,-31,195.701
1959,-31,195.8
1960,-31,195.901
1961,-31,196.001
1962,-31,196.101
1963,-31,196.201
1964,-31,196.3
1965,-31,196.401
1966,-31,196.502
1967,-31,196.601
1968,-31,196.701
1969,-31,196.8
1970,-31,196.903
1971,-31,197.001
1972,-31,197.101
1973,-31,197.205
1974,-31.2,197.301
1975,-31.2,197.401
1976,-31.2,197.5
1977,-31.2,197.6
1978,-31.2,197.702
1979,-31.2,197.801
1980,-31.2,197.901
1981,-31.2,198
1982,-31.2,198.1
1983,-31.2,198.201
1984,-31.2,198.3
1985,-31.2,198.402
1986,-31.2,198.5
1987,-31.2,198.601
1988,-31.2,198.7
1989,-31.2,198.8
1990,-31.2,198.902
1991,-31.2,199.001
1992,-31.2,199.1
1993,-31.2,199.2
1994,-31.2,199.3
1995,-31.2,199.401
1996,-31.2,199.501
1997,-31.2,199.6
1998,-31.4,199.701
1999,-31.4,199.8
2000,-31.4,199.901
2001,-31.4,200
2002,-31.4,200.1
2003,-31.4,200.2
2004,-31.4,200.3
2005,-31.4,200.402
2006,-31.4,200.501
2007,-31.4,200.6
2008,-31.4,200.7
2009,-31.4,200.8
2010,-31.4,200.906
2011,-31.4,201.004
2012,-31.4,201.104
2013,-31.4,201.203
2014,-31.4,201.303
2015,-31.4,201.402
2016,-31.4,201.5
2017,-31.4,201.6
2018,-31.4,201.7
2019,-31.4,201.8
2020,-31.4,201.901
2021,-31.4,202.002
2022,-31.4,202.101
2023,-31.4,202.201
2024,-31.4,202.301
2025,-31.4,202.403
2026,-31.4,202.5
2027,-31.4,202.6
2028,-31.4,202.7
2029,-31.4,202.8
2030,-31.4,202.902
2031,-31.4,203
2032,-31.6,203.1
2033,-31.6,203.2
2034,-31.6,203.3
2035,-31.6,203.402
2036,-31.6,203.5
2037,-31.6,203.602
2038,-31.6,203.701
2039,-31.6,203.803
2040,-31.6,203.902
2041,-31.6,204
2042,-31.6,204.101
2043,-31.6,204.2
2044,-31.6,204.3
2045,-31.6,204.401
2046,-31.6,204.5
2047,-31.6,204.6
2048,-31.6,204.701
2049,-31.6,204.801
2050,-31.6,204.901
2051,-31.6,205
2052,-31.6,205.1
2053,-31.6,205.2
2054,-31.6,205.3
2055,-31.6,205.401
2056,-31.6,205.5
2057,-31.6,205.6
2058,-31.6,205.7
2059,-31.6,205.802
2060,-31.6,205.901
2061,-31.8,206.002
2062,-31.8,206.102
2063,-31.8,206.201
2064,-31.8,206.301
2065,-31.8,206.401
2066,-31.8,206.5
2067,-31.8,206.6
2068,-31.8,206.7
2069,-31.8,206.8
2070,-31.8,206.901
2071,-31.8,207.003
2072,-31.8,207.1
2073,-31.8,207.201
2074,-31.8,207.301
2075,-31.8,207.401
2076,-31.8,207.5
2077,-31.8,207.6
2078,-31.8,207.7
2079,-31.8,207.8
2080,-31.8,207.901
2081,-31.8,208
2082,-31.8,208.1
2083,-31.8,208.203
2084,-31.8,208.3
2085,-31.8,208.401
2086,-31.8,208.5
2087,-31.8,208.601
2088,-31.8,208.7
2089,-31.8,208.803
2090,-31.8,208.901
2091,-31.8,209.003
2092,-31.8,209.104
2093,-31.8,209.206
2094,-31.8,209.301
2095,-31.8,209.401
2096,-31.8,209.502
2097,-31.8,209.603
2098,-31.8,209.7
2099,-31.8,209.801
2100,-31.8,209.903
2101,-31.8,210
2102,-31.8,210.1
2103,-31.8,210.2
2104,-32,210.3
2105,-32,210.401
2106,-32,210.5
2107,-32,210.6
2108,-32,210.7
2109,-32,210.8
2110,-32,210.902
2111,-32,211.002
2112,-32,211.1
2113,-32,211.2
2114,-32,211.3
2115,-32,211.402
2116,-32,211.502
2117,-32,211.601
2118,-32,211.7
2119,-32,211.8
2120,-32,211.901
2121,-32,211.999
2122,-32,212.1
2123,-32,212.2
2124,-32,212.3
2125,-32,212.401
2126,-32,212.5
2127,-32,212.6
2128,-32,212.7
2129,-32,212.802
2130,-32,212.902
2131,-32,213.002
2132,-32,213.1
2133,-32,213.2
2134,-32,213.3
2135,-32,213.401
2136,-32,213.5
2137,-32,213.601
2138,-32,213.7
2139,-32,213.8
2140,-32,213.902
2141,-32,214.004
2142,-32,214.101
2143,-32,214.202
2144,-32,214.302
2145,-32,214.404
2146,-32,214.501
2147,-32,214.6
2148,-32,214.7
2149,-32,214.8
2150,-32,214.901
2151,-32,215
2152,-32,215.1
2153,-32,215.2
2154,-32,215.3
2155,-32,215.401
2156,-32,215.5
2157,-32,215.6
2158,-32,215.7
2159,-32,215.8
2160,-32,215.902
2161,-32.2,216.001
2162,-32.2,216.1
2163,-32.2,216.2
2164,-32.2,216.3
2165,-32,216.401
2166,-32,216.501
2167,-32.2,216.6
2168,-32.2,216.701
2169,-32.2,216.801
2170,-32.2,216.901
2171,-32.2,217.001
2172,-32.2,217.1
2173,-32.2,217.2
2174,-32.2,217.301
2175,-32.2,217.401
2176,-32.2,217.5
2177,-32.2,217.6
2178,-32.2,217.7
2179,-32.2,217.801
2180,-32.2,217.9
2181,-32.2,218
2182,-32.2,218.102
2183,-32.2,218.2
2184,-32.2,218.3
2185,-32.2,218.401
2186,-32.2,218.5
2187,-32.2,218.6
2188,-32.2,218.7
2189,-32.2,218.8
2190,-32.2,218.901
2191,-32.2,219
2192,-32.2,219.1
2193,-32.2,219.201
2194,-32.2,219.3
2195,-32.2,219.401
2196,-32.2,219.5
2197,-32.2,219.6
2198,-32.2,219.699
2199,-32.2,219.8
2200,-32.2,219.901
2201,-32.2,220
2202,-32.2,220.1
2203,-32.2,220.2
2204,-32.2,220.3
2205,-32.2,220.401
2206,-32.2,220.5
2207,-32.2,220.6
2208,-32.2,220.7
2209,-32.2,220.8
2210,-32.2,220.901
2211,-32.2,221
2212,-32.2,221.1
2213,-32.2,221.2
2214,-32.2,221.3
2215,-32.2,221.402
2216,-32.2,221.5
2217,-32.2,221.601
2218,-32.2,221.7
2219,-32.2,221.8
2220,-32.2,221.901
2221,-32.2,221.999
2222,-32.2,222.1
2223,-32.2,222.2
2224,-32.2,222.3
2225,-32.2,222.401
2226,-32.2,222.5
2227,-32.2,222.6
2228,-32.2,222.7
2229,-32.2,222.8
2230,-32.2,222.901
2231,-32.2,223
2232,-32.2,223.1
2233,-32.2,223.2
2234,-32.2,223.3
2235,-32.4,223.401
2236,-32.4,223.501
2237,-32.4,223.599
2238,-32.4,223.699
2239,-32.4,223.8
2240,-32.4,223.901
2241,-32.4,224
2242,-32.2,224.1
2243,-32.2,224.2
2244,-32.4,224.3
2245,-32.4,224.401
2246,-32.4,224.499
2247,-32.4,224.6
2248,-32.4,224.7
2249,-32.4,224.8
2250,-32.4,224.9
2251,-32.4,225
2252,-32.4,225.1
2253,-32.4,225.2
2254,-32.4,225.3
2255,-32.4,225.4
2256,-32.4,225.499
2257,-32.4,225.6
2258,-32.4,225.7
2259,-32.4,225.8
2260,-32.4,225.901
2261,-32.4,226
2262,-32.4,226.101
2263,-32.4,226.2
2264,-32.4,226.3
2265,-32.4,226.401
2266,-32.4,226.499
2267,-32.4,226.6
2268,-32.4,226.7
2269,-32.4,226.8
2270,-31.6,226.901
2271,-29.8,226.999
2272,-29.8,227.1
2273,-27.6,227.2
2274,-24.8,227.3
2275,-22,227.4
2276,-18.8,227.499
2277,-15.8,227.6
2278,-15.8,227.7
2279,-12.8,227.799
2280,-10.6,227.901
2281,-9.2,228
2282,-7.4,228.1
2283,-5.8,228.199
2284,-5.8,228.299
2285,-5.4,228.401
2286,-5.6,228.499
2287,-5.8,228.599
2288,-6.2,228.7
2289,-6.2,228.8
2290,-6.4,228.901
2291,-6.8,229
2292,-6.8,229.1
2293,-7,229.2
2294,-7.2,229.3
2295,-7.2,229.401
2296,-7.4,229.5
2297,-7.6,229.599
2298,-7.6,229.7
2299,-7.8,229.8
2300,-8,229.901
2301,-8,230
2302,-8,230.1
2303,-8,230.2
2304,-8.2,230.304
2305,-8.2,230.403
2306,-8.4,230.502
2307,-8.4,230.6
2308,-8.4,230.7
2309,-8.4,230.8
2310,-8.6,230.902
2311,-8.6,231
2312,-8.6,231.1
2313,-8.6,231.2
2314,-8.8,231.301
2315,-8.8,231.401
2316,-8.8,231.5
2317,-8.8,231.6
2318,-8.8,231.7
2319,-9,231.8
2320,-9,231.9
2321,-9,231.999
2322,-9,232.1
2323,-9.2,232.201
2324,-9.2,232.3
2325,-9.2,232.401
2326,-9.2,232.5
2327,-9.2,232.6
2328,-9.4,232.7
2329,-9.4,232.799
2330,-9.4,232.922
2331,-9.4,233.001
2332,-9.4,233.099
2333,-9.4,233.2
2334,-9.4,233.3
2335,-9.6,233.402
2336,-9.6,233.5
2337,-9.6,233.602
2338,-9.6,233.7
2339,-9.6,233.8
2340,-9.6,233.901
2341,-9.8,234
2342,-9.8,234.102
2343,-9.8,234.201
2344,-9.8,234.301
2345,-9.8,234.405
2346,-9.8,234.505
2347,-9.8,234.602
2348,-9.8,234.7
2349,-9.8,234.8
2350,-10,234.901
2351,-10,235
2352,-10,235.1
2353,-10,235.2
2354,-10,235.3
2355,-10,235.401
2356,-10,235.5
2357,-10,235.6
2358,-10,235.7
2359,-10.2,235.8
2360,-10.2,235.901
2361,-10.2,236
2362,-10.2,236.1
2363,-10.2,236.2
2364,-10.2,236.3
2365,-10.2,236.401
2366,-10.2,236.5
2367,-10.2,236.6
2368,-10.2,236.7
2369,-10.4,236.8
2370,-10.4,236.901
2371,-10.4,237.001
2372,-10.4,237.1
2373,-10.4,237.2
2374,-10.4,237.3
2375,-10.4,237.401
2376,-10.4,237.5
2377,-10.4,237.6
2378,-10.4,237.701
2379,-10.4,237.801
2380,-10.4,237.901
2381,-10.6,238
2382,-10.6,238.1
2383,-10.6,238.2
2384,-10.6,238.301
2385,-10.6,238.401
2386,-10.6,238.5
2387,-10.6,238.6
2388,-10.6,238.7
2389,-10.6,238.8
2390,-10.6,238.901
2391,-10.6,239
2392,-10.6,239.1
2393,-10.8,239.2
2394,-10.8,239.3
2395,-10.8,239.401
2396,-10.8,239.5
2397,-10.8,239.599
2398,-10.8,239.7
2399,-10.8,239.8
2400,-10.8,239.903
2401,-10.8,240
2402,-10.8,240.103
2403,-10.8,240.201
2404,-10.8,240.3
2405,-10.8,240.405
2406,-10.8,240.504
2407,-10.8,240.604
2408,-10.8,240.701
2409,-10.8,240.8
2410,-10.8,240.902
2411,-11,241
2412,-11,241.1
2413,-11,241.2
2414,-11,241.3
2415,-11,241.401
2416,-11,241.5
2417,-11,241.6
2418,-11,241.701
2419,-11,241.8
2420,-11,241.901
2421,-11,241.999
2422,-11,242.1
2423,-11,242.199
2424,-11,242.3
2425,-11,242.403
2426,-11,242.502
2427,-11,242.6
2428,-11.2,242.7
2429,-11.2,242.801
2430,-11.2,242.901
2431,-11.2,243
2432,-11.2,243.1
2433,-11.2,243.2
2434,-11.2,243.3
2435,-11.2,243.402
2436,-11.2,243.501
2437,-11.2,243.602
2438,-11.2,243.703
2439,-11.2,243.802
2440,-11.2,243.902
2441,-11.2,244.005
2442,-11.2,244.104
2443,-11.2,244.201
2444,-11.2,244.303
2445,-11.2,244.401
2446,-11.2,244.5
2447,-11.2,244.6
2448,-11.2,244.7
2449,-11.2,244.8
2450,-11.2,244.901
2451,-11.4,244.999
2452,-11.4,245.099
2453,-11.4,245.2
2454,-11.4,245.3
2455,-11.4,245.4
2456,-11.4,245.5
2457,-11.4,245.6
2458,-11.4,245.699
2459,-11.4,245.801
2460,-11.4,245.901
2461,-11.4,246
2462,-11.4,246.1
2463,-11.4,246.2
2464,-11.4,246.3
2465,-11.4,246.4
2466,-11.4,246.5
2467,-11.4,246.603
2468,-11.4,246.703
2469,-11.4,246.803
2470,-11.4,246.902
2471,-11.4,247.003
2472,-11.4,247.101
2473,-11.4,247.2
2474,-11.6,247.3
2475,-11.6,247.401
2476,-11.6,247.5
2477,-11.6,247.6
2478,-11.6,247.7
2479,-11.6,247.801
2480,-11.6,247.902
2481,-11.6,248.001
2482,-11.6,248.101
2483,-11.6,248.201
2484,-11.6,248.3
2485,-11.6,248.401
2486,-11.6,248.501
2487,-11.6,248.601
2488,-11.6,248.701
2489,-11.6,248.8
2490,-11.6,248.901
2491,-11.6,249
2492,-11.6,249.1
2493,-11.6,249.2
2494,-11.6,249.3
2495,-11.6,249.402
2496,-11.8,249.5
2497,-11.8,249.601
2498,-11.8,249.7
2499,-11.8,249.8
2500,-11.8,249.901
2501,-11.8,249.999
2502,-11.8,250.099
2503,-11.8,250.2
2504,-11.8,250.3
2505,-11.8,250.403
2506,-11.8,250.501
2507,-11.8,250.604
2508,-11.8,250.703
2509,-11.8,250.8
2510,-11.8,250.901
2511,-11.8,251
2512,-11.8,251.101
2513,-11.8,251.2
2514,-11.8,251.3
2515,-11.8,251.401
2516,-11.8,251.5
2517,-11.8,251.6
2518,-11.8,251.699
2519,-11.8,251.8
2520,-11.8,251.901
2521,-11.8,252
2522,-11.8,252.1
2523,-11.8,252.2
2524,-11.8,252.3
2525,-11.8,252.4
2526,-11.8,252.5
2527,-11.8,252.6
2528,-11.8,252.701
2529,-11.8,252.805
2530,-11.8,252.903
2531,-12,253.002
2532,-12,253.1
2533,-12,253.2
2534,-12,253.3
2535,-12,253.401
2536,-12,253.5
2537,-12,253.6
2538,-12,253.7
2539,-12,253.801
2540,-12,253.901
2541,-12,254
2542,-12,254.1
2543,-12,254.199
2544,-12,254.3
2545,-12,254.401
2546,-12,254.5
2547,-12,254.6
2548,-12,254.699
2549,-12,254.801
2550,-12,254.901
2551,-12,255
2552,-12,255.1
2553,-12,255.2
2554,-12,255.3
2555,-12,255.4
2556,-12,255.5
2557,-12,255.6
2558,-12,255.7
2559,-12,255.803
2560,-12,255.901
2561,-12,256
2562,-12,256.101
2563,-12,256.2
2564,-12,256.3
2565,-12,256.404
2566,-12.2,256.501
2567,-12.2,256.6
2568,-12.2,256.701
2569,-12,256.8
2570,-12.2,256.901
2571,-12.2,257
2572,-12.2,257.1
2573,-12.2,257.2
2574,-12.2,257.3
2575,-12.2,257.4
2576,-12.2,257.5
2577,-12.2,257.6
2578,-12.2,257.702
2579,-12.2,257.8
2580,-12.2,257.903
2581,-12.2,258
2582,-12.2,258.101
2583,-12.2,258.202
2584,-12.2,258.301
2585,-12.2,258.402
2586,-12.2,258.501
2587,-12.2,258.601
2588,-12.2,258.702
2589,-12.2,258.802
2590,-12.2,258.902
2591,-12.2,259.001
2592,-12.2,259.102
2593,-12.2,259.202
2594,-12.2,259.3
2595,-12.2,259.4
2596,-12.2,259.5
2597,-12.2,259.6
2598,-12.2,259.7
2599,-12.2,259.8
2600,-12.2,259.901
2601,-12.2,260
2602,-12.2,260.1
2603,-12.2,260.2
2604,-12.2,260.3
2605,-12.2,260.401
2606,-12.2,260.5
2607,-12.2,260.602
2608,-12.2,260.7
2609,-12.4,260.807
2610,-12.4,260.903
2611,-12.2,261.002
2612,-12.4,261.102
2613,-12.4,261.206
2614,-12.4,261.301
2615,-12.4,261.401
2616,-12.4,261.501
2617,-12.4,261.6
2618,-12.4,261.7
2619,-12.4,261.8
2620,-12.4,261.9
2621,-12.4,261.999
2622,-12.4,262.1
2623,-12.4,262.2
2624,-12.4,262.302
2625,-12.4,262.402
2626,-12.4,262.503
2627,-12.4,262.602
2628,-12.4,262.7
2629,-12.4,262.8
2630,-12.4,262.9
2631,-12.4,263.002
2632,-12.4,263.103
2633,-12.4,263.2
2634,-12.4,263.303
2635,-12.4,263.402
2636,-12.4,263.501
2637,-12.4,263.601
2638,-12.4,263.7
2639,-12.4,263.801
2640,-12.4,263.901
2641,-12.4,264.001
2642,-12.4,264.1
2643,-12.4,264.201
2644,-12.4,264.301
2645,-12.4,264.401
2646,-12.4,264.5
2647,-12.4,264.602
2648,-12.4,264.701
2649,-12.4,264.8
2650,-12.4,264.902
2651,-12.4,265.001
2652,-12.4,265.101
2653,-12.4,265.201
2654,-12.4,265.303
2655,-12.4,265.401
2656,-12.4,265.5
2657,-12.6,265.601
2658,-12.6,265.702
2659,-12.6,265.802
2660,-12.6,265.902
2661,-12.6,266.001
2662,-12.6,266.1
2663,-12.6,266.203
2664,-12.6,266.3
2665,-12.6,266.401
2666,-12.6,266.5
2667,-12.6,266.6
2668,-12.6,266.7
2669,-12.6,266.8
2670,-12.6,266.901
2671,-12.6,267
2672,-12.6,267.1
2673,-12.6,267.204
2674,-12.6,267.303
2675,-12.6,267.403
2676,-12.6,267.503
2677,-12.6,267.602
2678,-12.6,267.702
2679,-12.6,267.802
2680,-12.6,267.903
2681,-12.6,268.003
2682,-12.6,268.103
2683,-12.6,268.202
2684,-12.6,268.302
2685,-12.6,268.404
2686,-12.6,268.503
2687,-12.6,268.603
2688,-12.6,268.701
2689,-12.6,268.802
2690,-12.6,268.905
2691,-12.6,269.004
2692,-12.6,269.104
2693,-12.6,269.205
2694,-12.6,269.304
2695,-12.6,269.403
2696,-12.6,269.502
2697,-12.6,269.603
2698,-12.6,269.703
2699,-12.6,269.8
2700,-12.6,269.901
2701,-12.6,270.001
2702,-12.6,270.101
2703,-12.6,270.2
2704,-12.8,270.3
2705,-12.6,270.402
2706,-12.6,270.502
2707,-12.8,270.6
2708,-12.8,270.7
2709,-12.8,270.8
2710,-12.8,270.902
2711,-12.8,271
2712,-12.8,271.102
2713,-12.8,271.201
2714,-12.8,271.3
2715,-12.8,271.4
2716,-12.8,271.5
2717,-12.8,271.601
2718,-12.8,271.699
2719,-12.8,271.8
2720,-12.8,271.901
2721,-12.8,272
2722,-12.8,272.1
2723,-12.8,272.199
2724,-12.8,272.3
2725,-12.8,272.401
2726,-12.8,272.5
2727,-12.6,272.6
2728,-11.8,272.7
2729,-11.8,272.8
2730,-10.4,272.901
2731,-8.8,273
2732,-7.8,273.1
2733,-7.2,273.2
2734,-7.2,273.3
2735,-7.2,273.401
2736,-7.2,273.5
2737,-6.8,273.6
2738,-5.4,273.7
2739,-4.6,273.8
2740,-4.4,273.901
2741,-4.4,274
2742,-4.2,274.101
2743,-3.8,274.2
2744,-3.8,274.3
2745,-3.6,274.401
2746,-3.6,274.501
2747,-3.2,274.6
2748,-2.4,274.7
2749,-1.2,274.802
2750,-0.8,274.901
2751,-0.2,275
2752,-0.2,275.101
2753,0.2,275.201
2754,0.2,275.301
2755,0.2,275.401
2756,0.2,275.5
2757,0.2,275.6
2758,0.2,275.7
2759,0.2,275.8
2760,0.2,275.907
2761,0.2,276.003
2762,0.2,276.101
2763,0.2,276.2
2764,0.2,276.3
2765,0.2,276.402
2766,0.2,276.5
2767,0.2,276.601
2768,0.2,276.701
2769,0.2,276.801
2770,0.2,276.903
2771,0.2,277.001
2772,0.2,277.101
2773,0.2,277.2
2774,0.2,277.299
2775,0.2,277.401
2776,0.2,277.5
2777,0.2,277.6
2778,0.2,277.7
2779,0.2,277.801
2780,0.2,277.902
2781,0.2,278
2782,0.2,278.1
2783,0.2,278.201
2784,0.2,278.3
2785,0.2,278.401
2786,0.2,278.502
2787,0.2,278.6
2788,0.2,278.7
2789,0.2,278.801
2790,0.2,278.902
2791,0.2,279.001
2792,0.2,279.1
2793,0.2,279.2
2794,0.2,279.3
2795,0.2,279.401
2796,0,279.501
2797,0,279.6
2798,0,279.7
2799,0.2,279.801
2800,0,279.901
2801,0,280
2802,0,280.101
2803,0,280.2
2804,0,280.3
2805,0,280.402
2806,0,280.501
2807,0,280.6
2808,0,280.7
2809,0,280.8
2810,0,280.901
2811,0,281
2812,0,281.102
2813,0,281.2
2814,0,281.3
2815,0,281.402
2816,0,281.501
2817,0,281.6
2818,0,281.701
2819,0,281.801
2820,0,281.901
2821,0,282.001
2822,0,282.1
2823,0,282.2
2824,0,282.3
2825,0,282.401
2826,0,282.501
2827,0,282.6
2828,0,282.7
2829,0,282.802
2830,0,282.901
2831,0,283.003
2832,0,283.101
2833,0,283.2
2834,0,283.3
2835,0,283.401
2836,0,283.501
2837,0,283.6
2838,0,283.7
2839,0,283.8
2840,0,283.901
2841,0,284
2842,0,284.101
2843,0,284.2
2844,0,284.3
2845,0,284.401
2846,0,284.5
2847,0,284.601
2848,0,284.7
2849,0,284.8
2850,0,284.901
2851,0,285.001
2852,0,285.101
2853,-0.2,285.2
2854,-0.2,285.3
2855,-0.2,285.402
2856,-0.2,285.5
2857,-0.2,285.601
2858,-0.2,285.7
2859,-0.2,285.802
2860,-0.2,285.902
2861,-0.2,286
2862,-0.2,286.099
2863,-0.2,286.2
2864,-0.2,286.301
2865,-0.2,286.402
2866,-0.2,286.501
2867,-0.2,286.6
2868,-0.2,286.7
2869,-0.2,286.802
2870,-0.2,286.901
2871,-0.2,287
2872,-0.4,287.1
2873,-0.4,287.202
2874,-0.4,287.301
2875,-0.4,287.401
2876,-0.4,287.5
2877,-0.4,287.6
2878,-0.4,287.7
2879,-0.4,287.802
2880,-0.4,287.9
2881,-0.4,288
2882,-0.4,288.1
2883,-0.4,288.2
2884,-0.4,288.3
2885,-0.4,288.401
2886,-0.4,288.5
2887,-0.4,288.6
2888,-0.4,288.7
2889,-0.4,288.8
2890,-0.4,288.901
2891,-0.4,288.999
2892,-0.4,289.106
2893,-0.4,289.201
2894,-0.4,289.3
2895,-0.4,289.402
2896,-0.4,289.501
2897,-0.4,289.601
2898,-0.4,289.702
2899,-0.4,289.8
2900,-0.4,289.902
2901,-0.6,290.002
2902,-0.6,290.1
2903,-0.6,290.201
2904,-0.6,290.301
2905,-0.6,290.401
2906,-0.6,290.501
2907,-0.6,290.601
2908,-0.6,290.7
2909,-0.6,290.801
2910,-0.6,290.903
2911,-0.6,291.001
2912,-0.6,291.101
2913,-0.6,291.2
2914,-0.6,291.302
2915,-0.6,291.402
2916,-0.6,291.501
2917,-0.6,291.599
2918,-0.6,291.701
2919,-0.6,291.801
2920,-0.6,291.901
2921,-0.6,292
2922,-0.6,292.099
2923,-0.6,292.205
2924,-0.6,292.303
2925,-0.6,292.405
2926,-0.8,292.501
2927,-0.8,292.6
2928,-0.8,292.699
2929,-0.8,292.803
2930,-0.8,292.902
2931,-0.8,293.004
2932,-0.8,293.101
2933,-0.8,293.2
2934,-0.8,293.3
2935,-0.8,293.403
2936,-0.8,293.504
2937,-0.8,293.602
2938,-0.8,293.7
2939,-0.8,293.8
2940,-0.8,293.901
2941,-0.8,294.001
2942,-0.8,294.1
2943,-0.8,294.201
2944,-0.8,294.301
2945,-0.8,294.401
2946,-0.8,294.5
2947,-0.8,294.6
2948,-0.8,294.701
2949,-0.8,294.801
2950,-0.8,294.901
2951,-0.8,295
2952,-0.8,295.1
2953,-0.8,295.201
2954,-0.8,295.301
2955,-0.8,295.401
2956,-0.8,295.5
2957,-0.8,295.6
2958,-0.8,295.7
2959,-0.8,295.801
2960,-0.8,295.901
2961,-0.8,296.001
2962,-0.8,296.1
2963,-0.8,296.201
2964,-0.8,296.301
2965,-0.8,296.401
2966,-0.8,296.5
2967,-0.8,296.601
2968,-0.8,296.7
2969,-0.8,296.801
2970,-0.8,296.902
2971,-0.8,297.001
2972,-0.8,297.1
2973,-0.8,297.201
2974,-0.8,297.3
2975,-0.8,297.402
2976,-0.8,297.5
2977,-0.8,297.6
2978,-0.8,297.7
2979,-0.8,297.8
2980,-0.8,297.901
2981,-0.8,298
2982,-0.8,298.1
2983,-0.8,298.2
2984,-0.8,298.303
2985,-0.8,298.403
2986,-0.8,298.503
2987,-0.8,298.602
2988,-0.8,298.701
2989,-0.8,298.801
2990,-0.8,298.901
2991,-0.8,299.001
2992,-0.8,299.1
2993,-0.8,299.202
2994,-0.8,299.301
2995,-0.8,299.402
2996,-0.8,299.5
2997,-0.8,299.6
2998,-0.8,299.7
2999,-0.8,299.8
3000,-0.8,299.901
3001,-0.8,300.001
3002,-0.8,300.101
3003,-0.8,300.202
3004,-0.8,300.301
3005,-0.8,300.402
3006,-0.8,300.5
3007,-0.8,300.601
3008,-0.8,300.702
3009,-0.8,300.802
3010,-0.8,300.901
3011,-0.8,301
3012,-0.8,301.1
3013,-0.8,301.201
3014,-0.8,301.301
3015,-0.8,301.402
3016,-0.8,301.501
3017,-0.8,301.602
3018,-0.8,301.704
3019,-0.8,301.802
3020,-0.8,301.901
3021,-0.8,302
3022,-1,302.101
3023,-1,302.202
3024,-1,302.3
3025,-1,302.401
3026,-0.8,302.5
3027,-0.8,302.601
3028,-0.8,302.703
3029,-1,302.8
3030,-1,302.901
3031,-1,303.001
3032,-1,303.101
3033,-1,303.2
3034,-1,303.302
3035,-1,303.401
3036,-1,303.501
3037,-1,303.6
3038,-1,303.7
3039,-1,303.802
3040,-1,303.903
3041,-1,304
3042,-1,304.101
3043,-1,304.202
3044,-1,304.301
3045,-1,304.401
3046,-1,304.501
3047,-1,304.6
3048,-1,304.701
3049,-1,304.801
3050,-1,304.901
3051,-1,305
3052,-1,305.101
3053,-1,305.2
3054,-1,305.3
3055,-1,305.402
3056,-1,305.502
3057,-1,305.601
3058,-1,305.7
3059,-1,305.8
3060,-1,305.902
3061,-1,306
3062,-1,306.1
3063,-1,306.2
3064,-1,306.3
3065,-1,306.401
3066,-1,306.5
3067,-1,306.6
3068,-1,306.7
3069,-1,306.8
3070,-1.2,306.901
3071,-1.2,307
3072,-1.2,307.1
3073,-1.2,307.2
3074,-1.2,307.301
3075,-1.2,307.402
3076,-1.2,307.5
3077,-1.2,307.6
3078,-1.2,307.7
3079,-1.2,307.8
3080,-1.2,307.901
3081,-1.2,308
3082,-1.2,308.101
3083,-1.2,308.205
3084,-1.2,308.305
3085,-1.2,308.402
3086,-1.2,308.5
3087,-1.2,308.6
3088,-1.2,308.7
3089,-1.2,308.8
3090,-1.2,308.901
3091,-1.2,309
3092,-1.2,309.1
3093,-1.2,309.2
3094,-1.2,309.304
3095,-1.2,309.402
3096,-1.2,309.5
3097,-1.2,309.6
3098,-1.2,309.7
3099,-1.2,309.801
3100,-1.2,309.901
3101,-1.2,310.001
3102,-1.2,310.101
3103,-1.2,310.2
3104,-1.2,310.3
3105,-1.2,310.404
3106,-1.2,310.501
3107,-1.2,310.6
3108,-1.2,310.701
3109,-1.2,310.803
3110,-1.2,310.901
3111,-1.2,311
3112,-1.2,311.1
3113,-1.2,311.2
3114,-1.2,311.301
3115,-1.2,311.401
3116,-1.2,311.5
3117,-1.2,311.604
3118,-1.4,311.701
3119,-1.4,311.8
3120,-1.4,311.901
3121,-1.4,312.002
3122,-1.4,312.1
3123,-1.4,312.2
3124,-1.4,312.301
3125,-1.4,312.401
3126,-1.4,312.5
3127,-1.4,312.6
3128,-1.4,312.7
3129,-1.4,312.8
3130,-1.4,312.902
3131,-1.4,313.001
3132,-1.4,313.1
3133,-1.4,313.201
3134,-1.4,313.301
3135,-1.4,313.402
3136,-1.4,313.5
3137,-1.4,313.6
3138,-1.4,313.7
3139,-1.4,313.8
3140,-1.4,313.901
3141,-1.4,314
3142,-1.4,314.1
3143,-1.4,314.2
3144,-1.4,314.303
3145,-1.4,314.401
3146,-1.4,314.501
3147,-1.4,314.6
3148,-1.4,314.7
3149,-1.4,314.8
3150,-1.4,314.901
3151,-1.4,315
3152,-1.4,315.104
3153,-1.4,315.203
3154,-1.4,315.3
3155,-1.4,315.401
3156,-1.4,315.501
3157,-1.4,315.6
3158,-1.4,315.7
3159,-1.4,315.8
3160,-1.4,315.901
3161,-1.4,316
3162,-1.4,316.099
3163,-1.4,316.202
3164,-1.4,316.3
3165,-1.4,316.4
3166,-1.4,316.499
3167,-1.4,316.599
3168,-1.4,316.701
3169,-1.4,316.8
3170,-1.4,316.901
3171,-1.4,317
3172,-1.6,317.1
3173,-1.4,317.202
3174,-1.6,317.3
3175,-1.6,317.401
3176,-1.6,317.5
3177,-1.6,317.602
3178,-1.6,317.699
3179,-1.6,317.8
3180,-1.6,317.901
3181,-1.6,318
3182,-1.6,318.1
3183,-1.6,318.2
3184,-1.6,318.3
3185,-1.6,318.401
3186,-1.6,318.501
3187,-1.6,318.6
3188,-1.6,318.7
3189,-1.8,318.8
3190,-4.8,318.901
3191,-10.4,319
3192,-10.4,319.1
3193,-12.8,319.2
3194,-17.4,319.301
3195,-21.6,319.402
3196,-25.2,319.502
3197,-28.2,319.601
3198,-28.2,319.7
3199,-30.2,319.801
3200,-30.4,319.901
3201,-30.4,320
3202,-31,320.1
3203,-31,320.2
3204,-32.2,320.301
3205,-33.2,320.402
3206,-35.2,320.5
3207,-38,320.6
3208,-39.4,320.7
3209,-39.4,320.8
3210,-41.4,320.901
3211,-42.6,321
3212,-44,321.1
3213,-45.2,321.2
3214,-46.6,321.3
3215,-46.6,321.4
3216,-48.6,321.5
3217,-51,321.6
3218,-54,321.7
3219,-57,321.799
3220,-59.6,321.9
3221,-59.6,322.002
3222,-61.6,322.1
3223,-66.4,322.203
3224,-67.4,322.301
3225,-67.6,322.401
3226,-70.2,322.5
3227,-70.2,322.6
3228,-74.4,322.7
3229,-76.6,322.8
3230,-78.6,322.901
3231,-81.2,323
3232,-81.2,323.1
3233,-83.2,323.2
3234,-84.6,323.3
3235,-86.8,323.4
3236,-87,323.5
3237,-86.6,323.6
3238,-86.6,323.7
3239,-86.4,323.801
3240,-86,323.901
3241,-85.6,324
3242,-85,324.1
3243,-84.6,324.2
3244,-84.6,324.3
3245,-84.4,324.4
3246,-84,324.5
3247,-83.6,324.6
3248,-83.4,324.7
3249,-83.4,324.801
3250,-83.2,324.901
3251,-83,325
3252,-82.8,325.1
3253,-82.6,325.2
3254,-82.4,325.3
3255,-82.4,325.401
3256,-82.2,325.501
3257,-82,325.6
3258,-81.8,325.7
3259,-81.6,325.8
3260,-81.4,325.901
3261,-81.4,326
3262,-81.4,326.1
3263,-81.2,326.202
3264,-81,326.3
3265,-81,326.402
3266,-80.8,326.5
3267,-80.8,326.6
3268,-80.8,326.7
3269,-80.6,326.8
3270,-80.6,326.9
3271,-80.4,326.999
3272,-80.4,327.1
3273,-80.4,327.2
3274,-80.4,327.301
3275,-80.2,327.403
3276,-80.2,327.5
3277,-80,327.6
3278,-80,327.7
3279,-80,327.8
3280,-79.8,327.903
3281,-79.8,328.014
3282,-79.8,328.1
3283,-79.6,328.199
3284,-79.6,328.3
3285,-79.6,328.401
3286,-79.6,328.5
3287,-79.4,328.6
3288,-79.4,328.7
3289,-79.4,328.8
3290,-79.4,328.901
3291,-79.4,328.999
3292,-79.2,329.102
3293,-79.2,329.2
3294,-79.2,329.3
3295,-79,329.4
3296,-79,329.502
3297,-79,329.6
3298,-79,329.7
3299,-78.8,329.8
3300,-78.8,329.913
3301,-78.8,330.001
3302,-78.8,330.1
3303,-78.8,330.201
3304,-78.8,330.3
3305,-78.6,330.401
3306,-78.6,330.501
3307,-78.6,330.6
3308,-78.6,330.701
3309,-78.6,330.801
3310,-78.4,330.902
3311,-78.4,331
3312,-78.4,331.101
3313,-78.4,331.202
3314,-78.4,331.3
3315,-78.4,331.401
3316,-78.2,331.503
3317,-78.2,331.602
3318,-78.2,331.701
3319,-78.2,331.802
3320,-78.2,331.902
3321,-78.2,332.004
3322,-78,332.101
3323,-78,332.2
3324,-78,332.3
3325,-78,332.401
3326,-78,332.501
3327,-78,332.602
3328,-77.8,332.702
3329,-77.8,332.801
3330,-77.8,332.902
3331,-77.8,333.001
3332,-77.8,333.103
3333,-77.8,333.2
3334,-77.8,333.301
3335,-77.8,333.401
3336,-77.6,333.5
3337,-77.6,333.6
3338,-77.6,333.7
3339,-77.6,333.8
3340,-77.6,333.901
3341,-77.6,334
3342,-77.6,334.1
3343,-77.6,334.2
3344,-77.6,334.3
3345,-77.4,334.401
3346,-77.4,334.5
3347,-77.4,334.6
3348,-77.4,334.7
3349,-77.4,334.8
3350,-77.4,334.901
3351,-77.4,335
3352,-77.2,335.101
3353,-77.2,335.2
3354,-77.2,335.3
3355,-77.2,335.401
3356,-77.2,335.501
3357,-77.2,335.601
3358,-77.2,335.7
3359,-77.2,335.801
3360,-77.2,335.901
3361,-77.2,336
3362,-77.2,336.101
3363,-77,336.2
3364,-77,336.3
3365,-77,336.401
3366,-77,336.5
3367,-77,336.599
3368,-77,336.7
3369,-77,336.801
3370,-77,336.901
3371,-76.8,337
3372,-76.8,337.1
3373,-76.8,337.2
3374,-76.8,337.3
3375,-76.8,337.401
3376,-76.8,337.5
3377,-76.8,337.6
3378,-76.8,337.7
3379,-76.8,337.799
3380,-76.8,337.901
3381,-76.8,338
3382,-76.8,338.1
3383,-76.8,338.2
3384,-76.8,338.301
3385,-76.8,338.404
3386,-76.8,338.501
3387,-76.6,338.6
3388,-76.6,338.7
3389,-76.6,338.8
3390,-76.6,338.903
3391,-76.6,339
3392,-76.6,339.103
3393,-76.6,339.2
3394,-76.6,339.303
3395,-76.6,339.403
3396,-76.6,339.501
3397,-76.6,339.601
3398,-76.4,339.7
3399,-76.4,339.801
3400,-76.4,339.901
3401,-76.4,340
3402,-76.4,340.1
3403,-76.4,340.2
3404,-76.4,340.3
3405,-76.4,340.401
3406,-76.4,340.503
3407,-76.4,340.6
3408,-76.4,340.7
3409,-76.4,340.8
3410,-76.4,340.901
3411,-76.2,341.001
3412,-76.2,341.1
3413,-76.2,341.203
3414,-76.2,341.3
3415,-76.2,341.401
3416,-76.2,341.5
3417,-76.2,341.6
3418,-76.2,341.7
3419,-76.2,341.8
3420,-76.2,341.901
3421,-76.2,342
3422,-76.2,342.1
3423,-76.2,342.202
3424,-76.2,342.303
3425,-76.2,342.403
3426,-76.2,342.502
3427,-76,342.601
3428,-76,342.7
3429,-76,342.8
3430,-76,342.901
3431,-76,343
3432,-76,343.1
3433,-76,343.2
3434,-76,343.3
3435,-76,343.402
3436,-76,343.5
3437,-76,343.6
3438,-76,343.7
3439,-75.8,343.803
3440,-75.8,343.901
3441,-75.8,344
3442,-75.8,344.1
3443,-75.8,344.203
3444,-75.8,344.3
3445,-75.8,344.402
3446,-75.8,344.5
3447,-75.8,344.6
3448,-75.8,344.7
3449,-75.8,344.802
3450,-75.8,344.901
3451,-75.8,345
3452,-75.8,345.101
3453,-75.8,345.2
3454,-75.8,345.3
3455,-75.8,345.401
3456,-75.8,345.501
3457,-75.8,345.6
3458,-75.8,345.7
3459,-75.6,345.8
3460,-75.6,345.903
3461,-75.6,346
3462,-75.6,346.102
3463,-75.6,346.2
3464,-75.6,346.3
3465,-75.6,346.401
3466,-75.6,346.501
3467,-75.6,346.601
3468,-75.6,346.7
3469,-75.6,346.8
3470,-75.6,346.901
3471,-75.6,347.002
3472,-75.6,347.102
3473,-75.6,347.201
3474,-75.6,347.301
3475,-75.6,347.401
3476,-75.6,347.5
3477,-75.4,347.604
3478,-75.4,347.7
3479,-75.4,347.8
3480,-75.4,347.901
3481,-75.4,348.002
3482,-75.4,348.102
3483,-75.4,348.201
3484,-75.4,348.301
3485,-75.4,348.402
3486,-75.4,348.5
3487,-75.4,348.6
3488,-75.4,348.7
3489,-75.4,348.8
3490,-75.4,348.901
3491,-75.4,349
3492,-75.4,349.1
3493,-75.4,349.2
3494,-75.4,349.3
3495,-75.4,349.401
3496,-75.4,349.501
3497,-75.2,349.6
3498,-75.2,349.7
3499,-75.2,349.8
3500,-75.2,349.901
3501,-75.2,350
3502,-75.2,350.099
3503,-75.2,350.199
3504,-75.2,350.3
3505,-75.2,350.401
3506,-75.2,350.503
3507,-75.2,350.6
3508,-75.2,350.7
3509,-75.2,350.802
3510,-75.2,350.901
3511,-75.2,351
3512,-75.2,351.1
3513,-75.2,351.2
3514,-75.2,351.3
3515,-75.2,351.401
3516,-75.2,351.499
3517,-75,351.6
3518,-75.2,351.7
3519,-75,351.8
3520,-75,351.901
3521,-75,352
3522,-75,352.1
3523,-75,352.2
3524,-75,352.3
3525,-75,352.4
3526,-75,352.499
3527,-75,352.6
3528,-75,352.7
3529,-75,352.8
3530,-75,352.901
3531,-75,353
3532,-75,353.1
3533,-75,353.204
3534,-75,353.305
3535,-75,353.404
3536,-74.8,353.504
3537,-74.8,353.604
3538,-74.8,353.701
3539,-74.8,353.801
3540,-74.8,353.901
3541,-74.8,354
3542,-74.8,354.1
3543,-74.8,354.201
3544,-74.8,354.3
3545,-74.8,354.402
3546,-74.8,354.501
3547,-74.8,354.601
3548,-74.8,354.701
3549,-74.8,354.8
3550,-74.8,354.901
3551,-74.8,355.001
3552,-74.8,355.101
3553,-74.8,355.202
3554,-74.8,355.302
3555,-74.8,355.401
3556,-74.8,355.5
3557,-74.8,355.601
3558,-74.8,355.702
3559,-74.8,355.801
3560,-74.8,355.902
3561,-74.8,356.001
3562,-74.8,356.101
3563,-74.8,356.202
3564,-74.8,356.301
3565,-74.8,356.403
3566,-74.8,356.501
3567,-74.8,356.6
3568,-74.8,356.701
3569,-74.6,356.8
3570,-74.6,356.901
3571,-74.6,357.004
3572,-74.6,357.104
3573,-74.6,357.202
3574,-74.6,357.301
3575,-74.6,357.401
3576,-74.6,357.502
3577,-74.6,357.602
3578,-74.6,357.702
3579,-74.6,357.803
3580,-74.6,357.901
3581,-74.6,358.002
3582,-74.6,358.1
3583,-74.6,358.201
3584,-74.6,358.304
3585,-74.6,358.405
3586,-74.6,358.504
3587,-74.6,358.602
3588,-74.6,358.7
3589,-74.6,358.8
3590,-74.6,358.901
3591,-74.6,359
3592,-74.6,359.103
3593,-74.6,359.2
3594,-74.6,359.301
3595,-74.6,359.403
3596,-74.4,359.501
3597,-74.4,359.603
3598,-74.4,359.7
3599,-74.4,359.801
3600,-74.4,359.901
3601,-74.4,360
3602,-74.4,360.101
3603,-74.4,360.202
3604,-74.4,360.3
3605,-74.4,360.401
3606,-74.4,360.5
3607,-74.4,360.6
3608,-74.4,360.702
3609,-74.4,360.801
3610,-74.4,360.901
3611,-74.4,361.001
3612,-73,361.1
3613,-71.8,361.199
3614,-71.8,361.3
3615,-68.8,361.401
3616,-65.2,361.5
3617,-62.4,361.6
3618,-61,361.7
3619,-59.4,361.8
3620,-59.4,361.901
3621,-57.2,362
3622,-55.2,362.1
3623,-53.6,362.2
3624,-52.8,362.3
3625,-52.4,362.401
3626,-52.4,362.5
3627,-51.6,362.6
3628,-50.8,362.7
3629,-50.4,362.8
3630,-50.4,362.9
3631,-49.4,362.999
3632,-49.4,363.101
3633,-49.2,363.2
3634,-49.2,363.302
3635,-49.4,363.401
3636,-49.6,363.501
3637,-49.6,363.6
3638,-49.6,363.7
3639,-49.8,363.8
3640,-50,363.901
3641,-50,364.001
3642,-50.2,364.1
3643,-50.2,364.202
3644,-50.2,364.3
3645,-50.4,364.402
3646,-50.4,364.501
3647,-50.4,364.601
3648,-50.6,364.7
3649,-50.6,364.801
3650,-50.6,364.901
3651,-50.6,365.001
3652,-50.8,365.101
3653,-50.8,365.199
3654,-50.8,365.302
3655,-50.8,365.401
3656,-50.8,365.5
3657,-51,365.6
3658,-51,365.701
3659,-51,365.802
3660,-51,365.901
3661,-51,366.001
3662,-51,366.1
3663,-51.2,366.201
3664,-51.2,366.299
3665,-51.2,366.401
3666,-51.2,366.501
3667,-51.2,366.6
3668,-51.2,366.7
3669,-51.2,366.801
3670,-51.2,366.902
3671,-51.4,367.001
3672,-51.4,367.1
3673,-51.4,367.201
3674,-51.4,367.301
3675,-51.4,367.401
3676,-51.4,367.501
3677,-51.4,367.601
3678,-51.4,367.703
3679,-51.4,367.801
3680,-51.6,367.902
3681,-51.6,368.001
3682,-51.6,368.1
3683,-51.6,368.202
3684,-51.6,368.302
3685,-51.6,368.401
3686,-51.6,368.501
3687,-51.6,368.6
3688,-51.6,368.703
3689,-51.6,368.8
3690,-51.6,368.901
3691,-51.6,369
3692,-51.8,369.1
3693,-51.8,369.2
3694,-51.8,369.301
3695,-51.8,369.402
3696,-51.8,369.5
3697,-51.8,369.6
3698,-51.8,369.701
3699,-51.8,369.801
3700,-51.8,369.902
3701,-51.8,370
3702,-51.8,370.1
3703,-51.8,370.2
3704,-51.8,370.302
3705,-51.8,370.401
3706,-52,370.5
3707,-52,370.602
3708,-52,370.702
3709,-52,370.8
3710,-52,370.902
3711,-52,371
3712,-52,371.101
3713,-52,371.2
3714,-52,371.3
3715,-52,371.401
3716,-52,371.501
3717,-52,371.6
3718,-52,371.7
3719,-52,371.801
3720,-52,371.902
3721,-52,372.001
3722,-52,372.1
3723,-52,372.201
3724,-52,372.301
3725,-52.2,372.401
3726,-52.2,372.501
3727,-52.2,372.601
3728,-52.2,372.701
3729,-52.2,372.8
3730,-52.2,372.901
3731,-52.2,373.001
3732,-52.2,373.1
3733,-52.2,373.202
3734,-52.2,373.301
3735,-52.2,373.401
3736,-52.2,373.5
3737,-52.2,373.601
3738,-52.2,373.7
3739,-52.2,373.801
3740,-52.2,373.901
3741,-52.2,374.003
3742,-52.2,374.101
3743,-52.2,374.2
3744,-52.2,374.3
3745,-52.2,374.401
3746,-52.2,374.501
3747,-52.2,374.6
3748,-52.2,374.699
3749,-52.2,374.8
3750,-52.2,374.903
3751,-52.2,375
3752,-52.4,375.1
3753,-52.4,375.2
3754,-52.4,375.3
3755,-52.4,375.401
3756,-52.4,375.5
3757,-52.4,375.601
3758,-52.4,375.702
3759,-52.4,375.804
3760,-52.4,375.901
3761,-52.4,376.001
3762,-52.4,376.101
3763,-52.4,376.201
3764,-52.4,376.3
3765,-52.4,376.402
3766,-52.4,376.5
3767,-52.4,376.6
3768,-52.4,376.701
3769,-52.4,376.8
3770,-52.4,376.901
3771,-52.4,377
3772,-52.4,377.1
3773,-52.4,377.2
3774,-52.4,377.3
3775,-52.4,377.401
3776,-52.4,377.5
3777,-52.4,377.601
3778,-52.4,377.7
3779,-52.4,377.802
3780,-52.4,377.901
3781,-52.4,378
3782,-52.4,378.101
3783,-52.4,378.2
3784,-52.4,378.303
3785,-52.4,378.401
3786,-52.4,378.501
3787,-52.4,378.6
3788,-52.4,378.7
3789,-52.4,378.801
3790,-52.6,378.9
3791,-52.4,379
3792,-52.4,379.101
3793,-52.4,379.2
3794,-52.4,379.3
3795,-52.6,379.403
3796,-52.6,379.502
3797,-52.6,379.601
3798,-52.6,379.7
3799,-52.6,379.8
3800,-52.6,379.902
3801,-52.6,380.001
3802,-52.6,380.1
3803,-52.6,380.2
3804,-52.6,380.302
3805,-52.6,380.401
3806,-52.6,380.503
3807,-52.6,380.601
3808,-52.6,380.7
3809,-52.6,380.8
3810,-52.6,380.901
3811,-52.6,381
3812,-52.6,381.1
3813,-52.6,381.2
3814,-52.6,381.304
3815,-52.6,381.401
3816,-52.6,381.5
3817,-52.6,381.6
3818,-52.6,381.701
3819,-52.6,381.803
3820,-52.6,381.904
3821,-52.6,382.004
3822,-52.6,382.104
3823,-52.6,382.203
3824,-52.6,382.302
3825,-52.6,382.403
3826,-52.6,382.501
3827,-52.6,382.601
3828,-52.6,382.7
3829,-52.6,382.801
3830,-52.6,382.901
3831,-52.6,383
3832,-52.6,383.1
3833,-52.6,383.2
3834,-52.6,383.3
3835,-52.6,383.402
3836,-52.6,383.5
3837,-52.6,383.6
3838,-52.6,383.7
3839,-52.6,383.801
3840,-52.6,383.901
3841,-52.6,384
3842,-52.6,384.1
3843,-52.6,384.2
3844,-52.6,384.3
3845,-52.6,384.406
3846,-52.6,384.501
3847,-52.6,384.602
3848,-52.6,384.7
3849,-52.6,384.801
3850,-52.6,384.901
3851,-52.6,385
3852,-52.6,385.101
3853,-52.6,385.2
3854,-52.6,385.301
3855,-52.8,385.401
3856,-52.6,385.501
3857,-52.6,385.602
3858,-52.8,385.7
3859,-52.8,385.801
3860,-52.8,385.902
3861,-52.8,386
3862,-52.8,386.101
3863,-52.8,386.202
3864,-52.8,386.3
3865,-52.8,386.404
3866,-52.8,386.502
3867,-52.8,386.6
3868,-52.8,386.701
3869,-52.8,386.801
3870,-52.8,386.905
3871,-52.8,387.001
3872,-52.8,387.1
3873,-52.8,387.2
3874,-52.8,387.3
3875,-52.8,387.402
3876,-52.8,387.501
3877,-52.8,387.601
3878,-52.8,387.7
3879,-52.8,387.8
3880,-52.8,387.901
3881,-52.8,388
3882,-52.8,388.1
3883,-52.8,388.202
3884,-52.8,388.302
3885,-52.8,388.401
3886,-52.8,388.503
3887,-52.8,388.602
3888,-52.8,388.702
3889,-52.8,388.8
3890,-52.8,388.903
3891,-52.8,389
3892,-52.8,389.1
3893,-52.8,389.2
3894,-52.8,389.3
3895,-52.8,389.4
3896,-52.8,389.5
3897,-52.8,389.6
3898,-52.8,389.702
3899,-52.8,389.802
3900,-52.8,389.9
3901,-52.8,390
3902,-52.8,390.1
3903,-52.8,390.2
3904,-52.8,390.301
3905,-52.8,390.401
3906,-52.8,390.5
3907,-52.8,390.601
3908,-52.8,390.7
3909,-52.8,390.8
3910,-52.8,390.902
3911,-52.8,391
3912,-52.8,391.102
3913,-52.8,391.2
3914,-52.8,391.301
3915,-52.8,391.401
3916,-52.8,391.5
3917,-52.8,391.6
3918,-52.8,391.7
3919,-52.8,391.8
3920,-52.8,391.901
3921,-52.8,392.001
3922,-52.8,392.099
3923,-52.8,392.2
3924,-52.8,392.3
3925,-52.8,392.401
3926,-52.8,392.5
3927,-52.8,392.6
3928,-52.8,392.699
3929,-52.8,392.8
3930,-52.8,392.906
3931,-52.8,393.001
3932,-52.8,393.1
3933,-52.8,393.2
3934,-52.8,393.299
3935,-52.8,393.401
3936,-52.8,393.502
3937,-52.8,393.6
3938,-52.8,393.7
3939,-52.8,393.8
3940,-52.8,393.901
3941,-52.8,394
3942,-52.8,394.099
3943,-52.8,394.2
3944,-52.8,394.299
3945,-52.8,394.402
3946,-52.8,394.5
3947,-52.8,394.6
3948,-52.8,394.7
3949,-52.8,394.8
3950,-52.8,394.901
3951,-52.8,395
3952,-52.8,395.099
3953,-52.8,395.2
3954,-52.8,395.3
3955,-52.8,395.401
3956,-52.8,395.5
3957,-52.8,395.6
3958,-52.8,395.7
3959,-52.8,395.8
3960,-52.8,395.901
3961,-52.8,396
3962,-52.8,396.099
3963,-52.8,396.2
3964,-52.8,396.3
3965,-52.8,396.401
3966,-52.8,396.5
3967,-52.8,396.6
3968,-52.8,396.7
3969,-52.8,396.8
3970,-52.8,396.901
3971,-52.8,397
3972,-52.8,397.1
3973,-52.8,397.199
3974,-52.8,397.3
3975,-52.8,397.401
3976,-52.8,397.5
3977,-52.8,397.6
3978,-52.8,397.7
3979,-52.8,397.8
3980,-52.8,397.901
3981,-52.8,398.001
3982,-52.8,398.1
3983,-52.8,398.2
3984,-52.8,398.3
3985,-52.8,398.401
3986,-52.8,398.5
3987,-52.8,398.6
3988,-52.8,398.7
3989,-52.8,398.8
3990,-52.8,398.9
3991,-52.8,399
3992,-52.8,399.1
3993,-52.8,399.2
3994,-53,399.3
3995,-53,399.401
3996,-53,399.5
3997,-52.8,399.6
3998,-52.8,399.7
3999,-53,399.799
4000,-53,399.901
4001,-53,400
4002,-52.8,400.1
4003,-53,400.2
4004,-52.8,400.3
4005,-52.8,400.4
4006,-52.8,400.5
4007,-52.8,400.6
4008,-52.8,400.7
4009,-52.8,400.8
4010,-53,400.901
4011,-53,401
4012,-52.8,401.099
4013,-52.8,401.2
4014,-53,401.3
4015,-53,401.401
4016,-53,401.5
4017,-53,401.6
4018,-53,401.701
4019,-53,401.8
4020,-53,401.901
4021,-53,402.001
4022,-53,402.1
4023,-53,402.2
4024,-53,402.3
4025,-53,402.401
4026,-53,402.5
4027,-53,402.6
4028,-53,402.7
4029,-53,402.8
4030,-53,402.901
4031,-53,403
4032,-53,403.1
4033,-53,403.199
4034,-53,403.3
4035,-53,403.402
4036,-53,403.5
4037,-53,403.6
4038,-53,403.7
4039,-53,403.8
4040,-53,403.901
4041,-53,403.999
4042,-53,404.1
4043,-53,404.2
4044,-53,404.299
4045,-53,404.4
4046,-53,404.5
4047,-53,404.6
4048,-53,404.7
4049,-53,404.8
4050,-53,404.9
4051,-53,405
4052,-53,405.1
4053,-53,405.2
4054,-53,405.301
4055,-53,405.401
4056,-53,405.5
4057,-53,405.6
4058,-53,405.702
4059,-53,405.8
4060,-53,405.902
4061,-53,406.003
4062,-53,406.1
4063,-53,406.2
4064,-53,406.3
4065,-53,406.402
4066,-53,406.501
4067,-53,406.602
4068,-53,406.7
4069,-53,406.801
4070,-53,406.904
4071,-53,407.001
4072,-53,407.1
4073,-53,407.2
4074,-53,407.3
4075,-53,407.401
4076,-53,407.501
4077,-53,407.6
4078,-53,407.7
4079,-53,407.805
4080,-53,407.901
4081,-53,408.001
4082,-53,408.1
4083,-53,408.201
4084,-53,408.3
4085,-53,408.401
4086,-53,408.5
4087,-53,408.601
4088,-53,408.701
4089,-53,408.801
4090,-53,408.902
4091,-53,409.001
4092,-53,409.1
4093,-53,409.201
4094,-53,409.3
4095,-53,409.401
4096,-53,409.5
4097,-53,409.6
4098,-53,409.7
4099,-53,409.8
4100,-53,409.903
4101,-53,410
4102,-53,410.1
4103,-53,410.2
4104,-53,410.3
4105,-53,410.404
4106,-53,410.501
4107,-53,410.602
4108,-53,410.7
4109,-53,410.8
4110,-53,410.905
4111,-53,411.003
4112,-53,411.102
4113,-53,411.201
4114,-53,411.3
4115,-53,411.401
4116,-53,411.5
4117,-53,411.602
4118,-53,411.703
4119,-53,411.8
4120,-53,411.901
4121,-53,412.001
4122,-53,412.102
4123,-53,412.2
4124,-53,412.3
4125,-53,412.401
4126,-53,412.504
4127,-53,412.601
4128,-53,412.704
4129,-53,412.803
4130,-53,412.902
4131,-53,413.004
4132,-53,413.103
4133,-52.6,413.202
4134,-47.2,413.301
4135,-47.2,413.404
4136,-41.2,413.503
4137,-36.8,413.6
4138,-34.4,413.7
4139,-33.6,413.801
4140,-33.6,413.901
4141,-33.8,414.001
4142,-33.6,414.101
4143,-33.2,414.2
4144,-33.2,414.3
4145,-33.4,414.401
4146,-33.4,414.5
4147,-33.6,414.6
4148,-33.8,414.701
4149,-33.8,414.801
4150,-34,414.902
4151,-34.2,415
4152,-34.2,415.1
4153,-34.2,415.2
4154,-34.4,415.3
4155,-34.4,415.401
4156,-34.4,415.5
4157,-34.4,415.6
4158,-34.6,415.7
4159,-34.6,415.8
4160,-34.6,415.901
4161,-34.6,416.002
4162,-34.8,416.1
4163,-34.8,416.201
4164,-34.8,416.3
4165,-34.8,416.401
4166,-35,416.5
4167,-35,416.6
4168,-35,416.701
4169,-35,416.801
4170,-35,416.901
4171,-35.2,417
4172,-35.2,417.1
4173,-35.2,417.2
4174,-35.2,417.303
4175,-35.2,417.401
4176,-35.4,417.5
4177,-35.4,417.6
4178,-35.4,417.7
4179,-35.4,417.801
4180,-35.4,417.901
4181,-35.4,418
4182,-35.4,418.1
4183,-35.6,418.2
4184,-35.6,418.3
4185,-35.6,418.402
4186,-35.6,418.5
4187,-35.6,418.6
4188,-35.6,418.699
4189,-35.6,418.8
4190,-35.8,418.901
4191,-35.8,419
4192,-35.8,419.1
4193,-35.8,419.2
4194,-35.8,419.303
4195,-35.8,419.401
4196,-35.8,419.5
4197,-35.8,419.6
4198,-35.8,419.7
4199,-35.8,419.8
4200,-36,419.901
4201,-36,420
4202,-36,420.1
4203,-36,420.2
4204,-36,420.3
4205,-36,420.4
4206,-36,420.5
4207,-36,420.6
4208,-36,420.7
4209,-36,420.8
4210,-36,420.9
4211,-36,421
4212,-36.2,421.101
4213,-36.2,421.199
4214,-36.2,421.303
4215,-36.2,421.4
4216,-36.2,421.5
4217,-36.2,421.6
4218,-36.2,421.7
4219,-36.2,421.8
4220,-36.2,421.9
4221,-36.2,422.001
4222,-36.2,422.101
4223,-36.2,422.2
4224,-36.2,422.301
4225,-36.2,422.4
4226,-36.4,422.502
4227,-36.4,422.601
4228,-36.4,422.702
4229,-36.4,422.8
4230,-36.4,422.901
4231,-36.4,423.001
4232,-36.4,423.1
4233,-36.4,423.2
4234,-36.4,423.301
4235,-36.4,423.401
4236,-36.4,423.5
4237,-36.4,423.6
4238,-36.4,423.7
4239,-36.4,423.8
4240,-36.4,423.901
4241,-36.4,424
4242,-36.4,424.1
4243,-36.6,424.2
4244,-36.6,424.301
4245,-36.6,424.401
4246,-36.6,424.5
4247,-36.6,424.6
4248,-36.6,424.7
4249,-36.6,424.8
4250,-36.6,424.901
4251,-36.6,425
4252,-36.6,425.1
4253,-36.6,425.2
4254,-36.6,425.3
4255,-36.6,425.4
4256,-36.6,425.501
4257,-36.6,425.6
4258,-36.6,425.7
4259,-36.6,425.8
4260,-36.6,425.902
4261,-36.6,426
4262,-36.6,426.1
4263,-36.6,426.2
4264,-36.6,426.3
4265,-36.8,426.401
4266,-36.8,426.5
4267,-36.8,426.6
4268,-36.8,426.7
4269,-36.8,426.8
4270,-36.8,426.901
4271,-36.8,427
4272,-36.8,427.1
4273,-36.8,427.2
4274,-36.8,427.3
4275,-36.8,427.401
4276,-36.8,427.5
4277,-36.8,427.6
4278,-36.8,427.7
4279,-36.8,427.803
4280,-36.8,427.901
4281,-36.8,428
4282,-36.8,428.1
4283,-36.8,428.201
4284,-36.8,428.3
4285,-36.8,428.401
4286,-36.8,428.5
4287,-36.8,428.6
4288,-36.8,428.7
4289,-36.8,428.801
4290,-36.8,428.901
4291,-37,429
4292,-37,429.102
4293,-37,429.202
4294,-37,429.302
4295,-37,429.402
4296,-37,429.501
4297,-37,429.6
4298,-37,429.7
4299,-37,429.8
4300,-37,429.9
4301,-37,430
4302,-37,430.103
4303,-37,430.2
4304,-37,430.301
4305,-37,430.402
4306,-37,430.501
4307,-37,430.6
4308,-37,430.7
4309,-37,430.8
4310,-37,430.901
4311,-37,431
4312,-37,431.1
4313,-37,431.202
4314,-37,431.301
4315,-37,431.401
4316,-37,431.5
4317,-37,431.6
4318,-37,431.701
4319,-37,431.8
4320,-37.2,431.901
4321,-37.2,432
4322,-37.2,432.101
4323,-37.2,432.203
4324,-37.2,432.301
4325,-37.2,432.403
4326,-37.2,432.502
4327,-37.2,432.601
4328,-37.2,432.708
4329,-37.2,432.804
4330,-37.2,432.903
4331,-37.2,433
4332,-37.2,433.101
4333,-37.2,433.2
4334,-37.2,433.3
4335,-37.2,433.401
4336,-37.2,433.5
4337,-37.2,433.6
4338,-37.2,433.7
4339,-37.2,433.8
4340,-37.2,433.901
4341,-37.2,434
4342,-37.2,434.1
4343,-37.2,434.2
4344,-37.2,434.3
4345,-37.2,434.401
4346,-37.2,434.5
4347,-37.2,434.6
4348,-37.2,434.7
4349,-37.2,434.8
4350,-37.2,434.902
4351,-37.2,435.001
4352,-37.2,435.1
4353,-37.2,435.2
4354,-37.2,435.3
4355,-37.2,435.401
4356,-37.2,435.5
4357,-37.2,435.602
4358,-37.2,435.7
4359,-37.2,435.8
4360,-37.4,435.908
4361,-37.4,436.001
4362,-37.4,436.1
4363,-37.2,436.199
4364,-37.4,436.3
4365,-37.4,436.4
4366,-37.4,436.5
4367,-37.4,436.6
4368,-37.4,436.7
4369,-37.4,436.8
4370,-37.4,436.9
4371,-37.4,437
4372,-37.4,437.1
4373,-37.4,437.2
4374,-37.4,437.3
4375,-37.4,437.401
4376,-37.4,437.5
4377,-37.4,437.6
4378,-37.4,437.7
4379,-37.4,437.8
4380,-37.4,437.906
4381,-37.4,438.001
4382,-37.4,438.1
4383,-37.4,438.199
4384,-37.4,438.299
4385,-37.4,438.401
4386,-37.4,438.5
4387,-37.4,438.6
4388,-37.4,438.7
4389,-37.4,438.8
4390,-37.4,438.903
4391,-37.4,439.001
4392,-37.4,439.102
4393,-37.4,439.203
4394,-37.4,439.304
4395,-37.4,439.405
4396,-37.4,439.504
4397,-37.4,439.603
4398,-37.4,439.701
4399,-37.4,439.8
4400,-37.4,439.906
4401,-37.4,440.001
4402,-37.4,440.104
4403,-37.4,440.2
4404,-37.4,440.301
4405,-37.4,440.402
4406,-37.4,440.5
4407,-37.4,440.601
4408,-37.4,440.7
4409,-37.4,440.801
4410,-37.4,440.902
4411,-37.4,441.001
4412,-37.4,441.099
4413,-37.4,441.2
4414,-37.4,441.3
4415,-37.6,441.403
4416,-37.6,441.502
4417,-37.6,441.601
4418,-37.6,441.704
4419,-37.6,441.802
4420,-37.6,441.91
4421,-37.6,442.001
4422,-37.6,442.1
4423,-37.6,442.2
4424,-37.6,442.301
4425,-37.6,442.401
4426,-37.6,442.5
4427,-37.6,442.601
4428,-37.6,442.701
4429,-37.6,442.801
4430,-37.6,442.905
4431,-37.6,443.003
4432,-37.6,443.1
4433,-37.6,443.2
4434,-37.6,443.3
4435,-37.6,443.401
4436,-37.6,443.501
4437,-37.6,443.6
4438,-37.6,443.706
4439,-37.6,443.804
4440,-37.6,443.907
4441,-37.6,444.005
4442,-37.6,444.104
4443,-37.6,444.205
4444,-37.6,444.304
4445,-37.6,444.406
4446,-37.6,444.503
4447,-37.6,444.604
4448,-37.6,444.703
4449,-37.6,444.805
4450,-37.6,444.904
4451,-37.6,445.002
4452,-37.6,445.101
4453,-37.6,445.201
4454,-37.6,445.301
4455,-37.6,445.402
4456,-37.6,445.501
4457,-37.6,445.601
4458,-37.6,445.701
4459,-37.6,445.8
4460,-37.6,445.901
4461,-37.6,446
4462,-37.6,446.101
4463,-37.6,446.201
4464,-37.6,446.301
4465,-37.6,446.402
4466,-37.6,446.5
4467,-37.6,446.601
4468,-37.6,446.7
4469,-37.6,446.8
4470,-37.6,446.901
4471,-37.6,447
4472,-37.6,447.106
4473,-37.6,447.203
4474,-37.6,447.301
4475,-37.6,447.401
4476,-37.6,447.5
4477,-37.6,447.602
4478,-37.6,447.702
4479,-37.6,447.8
4480,-37.6,447.901
4481,-37.6,448
4482,-37.8,448.1
4483,-37.8,448.203
4484,-37.8,448.3
4485,-37.8,448.401
4486,-37.8,448.5
4487,-37.8,448.601
4488,-37.8,448.702
4489,-37.8,448.801
4490,-37.8,448.903
4491,-37.8,449.001
4492,-37.8,449.104
4493,-37.8,449.201
4494,-37.8,449.301
4495,-37.8,449.401
4496,-37.8,449.501
4497,-37.8,449.6
4498,-37.8,449.701
4499,-37.8,449.8
4500,-37.8,449.906
4501,-37.8,450.001
4502,-37.8,450.103
4503,-37.8,450.2
4504,-37.8,450.3
4505,-37.8,450.401
4506,-37.8,450.5
4507,-37.8,450.602
4508,-37.8,450.7
4509,-37.8,450.8
4510,-37.8,450.901
4511,-37.8,451
4512,-37.8,451.1
4513,-37.8,451.2
4514,-37.8,451.303
4515,-37.6,451.401
4516,-36.2,451.5
4517,-33,451.6
4518,-33,451.7
4519,-28.6,451.8
4520,-24.2,451.902
4521,-20,452
4522,-17,452.1
4523,-15.2,452.2
4524,-15.2,452.3
4525,-14,452.401
4526,-12.2,452.5
4527,-9.8,452.6
4528,-7.6,452.7
4529,-7.6,452.8
4530,-6.2,452.901
4531,-5,453
4532,-4.4,453.101
4533,-4.6,453.2
4534,-4.8,453.3
4535,-4.8,453.401
4536,-5.2,453.5
4537,-5.4,453.6
4538,-5.6,453.7
4539,-6,453.8
4540,-6.2,453.901
4541,-6.2,454
4542,-6.2,454.101
4543,-6.4,454.2
4544,-6.6,454.3
4545,-6.8,454.401
4546,-6.8,454.5
4547,-6.8,454.599
4548,-6.8,454.7
4549,-7,454.8
4550,-7,454.901
4551,-7.2,455
4552,-7.2,455.1
4553,-7.2,455.2
4554,-7.4,455.304
4555,-7.4,455.401
4556,-7.6,455.5
4557,-7.6,455.6
4558,-7.6,455.701
4559,-7.6,455.8
4560,-7.8,455.901
4561,-7.8,456
4562,-7.8,456.1
4563,-8,456.204
4564,-8,456.301
4565,-8,456.401
4566,-8,456.5
4567,-8.2,456.6
4568,-8.2,456.7
4569,-8.2,456.799
4570,-8.2,456.901
4571,-8.2,456.999
4572,-8.4,457.1
4573,-8.4,457.199
4574,-8.4,457.299
4575,-8.4,457.401
4576,-8.4,457.5
4577,-8.4,457.599
4578,-8.6,457.7
4579,-8.6,457.8
4580,-8.6,457.901
4581,-8.6,458
4582,-8.6,458.1
4583,-8.6,458.2
4584,-8.6,458.3
4585,-8.8,458.401
4586,-8.8,458.499
4587,-8.8,458.601
4588,-8.8,458.699
4589,-8.8,458.8
4590,-8.8,458.901
4591,-8.8,459
4592,-9,459.1
4593,-9,459.2
4594,-9,459.3
4595,-9,459.401
4596,-9,459.5
4597,-9,459.599
4598,-9,459.7
4599,-9,459.8
4600,-9,459.9
4601,-9.2,460
4602,-9.2,460.102
4603,-9.2,460.201
4604,-9.2,460.3
4605,-9.2,460.401
4606,-9.2,460.5
4607,-9.2,460.601
4608,-9.4,460.726
4609,-9.4,460.8
4610,-9.4,460.902
4611,-9.4,461
4612,-9.4,461.1
4613,-9.4,461.201
4614,-9.4,461.3
4615,-9.4,461.403
4616,-9.4,461.5
4617,-9.4,461.6
4618,-9.4,461.702
4619,-9.6,461.8
4620,-9.6,461.901
4621,-9.6,462.002
4622,-9.6,462.102
4623,-9.6,462.2
4624,-9.6,462.3
4625,-9.6,462.401
4626,-9.6,462.501
4627,-9.6,462.6
4628,-9.6,462.701
4629,-9.8,462.801
4630,-9.8,462.902
4631,-9.8,463
4632,-9.8,463.1
4633,-9.8,463.201
4634,-9.8,463.3
4635,-9.8,463.402
4636,-9.8,463.5
4637,-9.8,463.601
4638,-9.8,463.701
4639,-9.8,463.801
4640,-9.8,463.901
4641,-9.8,464.001
4642,-9.8,464.1
4643,-10,464.2
4644,-10,464.3
4645,-10,464.402
4646,-10,464.501
4647,-10,464.601
4648,-10,464.701
4649,-10,464.801
4650,-10,464.902
4651,-10,465.001
4652,-10,465.101
4653,-10,465.2
4654,-10,465.3
4655,-10,465.401
4656,-10,465.5
4657,-10,465.6
4658,-10.2,465.7
4659,-10.2,465.801
4660,-10.2,465.902
4661,-10.2,466.001
4662,-10.2,466.1
4663,-10.2,466.2
4664,-10.2,466.3
4665,-10.2,466.402
4666,-10.2,466.499
4667,-10.2,466.6
4668,-10.2,466.7
4669,-10.2,466.804
4670,-10.2,466.904
4671,-10.2,467.003
4672,-10.2,467.109
4673,-10.2,467.202
4674,-10.2,467.3
4675,-10.2,467.4
4676,-10.4,467.5
4677,-10.4,467.6
4678,-10.4,467.7
4679,-10.4,467.8
4680,-10.4,467.901
4681,-10.4,468
4682,-10.4,468.1
4683,-10.4,468.2
4684,-10.4,468.3
4685,-10.4,468.401
4686,-10.4,468.5
4687,-10.4,468.6
4688,-10.4,468.701
4689,-10.4,468.8
4690,-10.4,468.903
4691,-10.4,469.001
4692,-10.4,469.101
4693,-10.4,469.2
4694,-10.4,469.3
4695,-10.6,469.401
4696,-10.6,469.501
4697,-10.6,469.6
4698,-10.6,469.702
4699,-10.6,469.801
4700,-10.6,469.902
4701,-10.6,470.002
4702,-10.6,470.101
4703,-10.6,470.2
4704,-10.6,470.3
4705,-10.6,470.402
4706,-10.6,470.5
4707,-10.6,470.6
4708,-10.6,470.701
4709,-10.6,470.801
4710,-10.6,470.901
4711,-10.6,471
4712,-10.6,471.1
4713,-10.6,471.2
4714,-10.8,471.3
4715,-10.8,471.401
4716,-10.8,471.5
4717,-10.8,471.6
4718,-10.8,471.702
4719,-10.8,471.801
4720,-10.8,471.902
4721,-10.8,472
4722,-10.8,472.1
4723,-10.8,472.201
4724,-10.8,472.3
4725,-10.8,472.401
4726,-10.8,472.499
4727,-10.8,472.6
4728,-10.8,472.7
4729,-10.8,472.8
4730,-10.8,472.903
4731,-10.8,473.002
4732,-10.8,473.1
4733,-10.8,473.2
4734,-10.8,473.301
4735,-10.8,473.4
4736,-10.8,473.5
4737,-10.8,473.599
4738,-10.8,473.7
4739,-10.8,473.8
4740,-10.8,473.902
4741,-10.8,474.001
4742,-10.8,474.1
4743,-10.8,474.2
4744,-10.8,474.301
4745,-11,474.402
4746,-11,474.501
4747,-11,474.601
4748,-11,474.7
4749,-11,474.801
4750,-11,474.901
4751,-11,475
4752,-11,475.101
4753,-11,475.2
4754,-11,475.3
4755,-11,475.401
4756,-11,475.5
4757,-11,475.6
4758,-11,475.701
4759,-11,475.8
4760,-11,475.901
4761,-11,476.001
4762,-11,476.1
4763,-11,476.2
4764,-11,476.3
4765,-11,476.402
4766,-11,476.5
4767,-11,476.601
4768,-11,476.701
4769,-11,476.8
4770,-11,476.901
4771,-11,477
4772,-11,477.1
4773,-11,477.2
4774,-11,477.3
4775,-11.2,477.401
4776,-11.2,477.5
4777,-11.2,477.6
4778,-11.2,477.7
4779,-11.2,477.799
4780,-11.2,477.901
4781,-11.2,477.999
4782,-11.2,478.099
4783,-11.2,478.199
4784,-11.2,478.3
4785,-11.2,478.401
4786,-11.2,478.5
4787,-11.2,478.601
4788,-11.2,478.7
4789,-11.2,478.801
4790,-11.2,478.901
4791,-11.2,479.001
4792,-11.2,479.1
4793,-11.2,479.2
4794,-11.2,479.3
4795,-11.2,479.401
4796,-11.2,479.5
4797,-11.2,479.6
4798,-11.2,479.7
4799,-11.2,479.8
4800,-11.2,479.9
4801,-11.2,480
4802,-11.2,480.101
4803,-11.2,480.2
4804,-11.2,480.3
4805,-11.2,480.4
4806,-11.2,480.5
4807,-11.2,480.6
4808,-11.2,480.7
4809,-11.4,480.8
4810,-11.4,480.901
4811,-11.4,481
4812,-11.4,481.1
4813,-11.4,481.2
4814,-11.4,481.3
4815,-11.4,481.401
4816,-11.4,481.5
4817,-11.4,481.601
4818,-11.4,481.7
4819,-11.4,481.8
4820,-11.4,481.901
4821,-11.4,482
4822,-11.4,482.1
4823,-11.4,482.2
4824,-11.4,482.3
4825,-11.4,482.401
4826,-11.4,482.501
4827,-11.4,482.601
4828,-11.4,482.7
4829,-11.4,482.8
4830,-11.4,482.901
4831,-11.4,483
4832,-11.4,483.1
4833,-11.4,483.2
4834,-11.4,483.3
4835,-11.4,483.401
4836,-11.4,483.501
4837,-11.4,483.601
4838,-11.4,483.7
4839,-11.4,483.8
4840,-11.4,483.901
4841,-11.4,484.001
4842,-11.4,484.1
4843,-11.4,484.2
4844,-11.4,484.3
4845,-11.4,484.401
4846,-11.6,484.5
4847,-11.4,484.6
4848,-11.4,484.7
4849,-11.6,484.8
4850,-11.6,484.901
4851,-11.6,485.002
4852,-11.6,485.103
4853,-11.6,485.201
4854,-11.6,485.301
4855,-11.6,485.402
4856,-11.6,485.501
4857,-11.6,485.6
4858,-11.6,485.724
4859,-11.6,485.8
4860,-11.6,485.904
4861,-11.6,486.003
4862,-11.6,486.103
4863,-11.6,486.2
4864,-11.6,486.3
4865,-11.6,486.402
4866,-11.6,486.501
4867,-11.6,486.599
4868,-11.6,486.7
4869,-11.6,486.8
4870,-11.6,486.903
4871,-11.6,487
4872,-11.6,487.099
4873,-11.6,487.2
4874,-11.6,487.3
4875,-11.6,487.402
4876,-11.6,487.5
4877,-11.6,487.6
4878,-11.6,487.7
4879,-11.6,487.799
4880,-11.6,487.901
4881,-11.6,488
4882,-11.6,488.1
4883,-11.6,488.2
4884,-11.6,488.3
4885,-11.6,488.401
4886,-11.6,488.5
4887,-11.6,488.6
4888,-11.8,488.699
4889,-11.8,488.8
4890,-11.8,488.9
4891,-11.8,489
4892,-11.8,489.1
4893,-11.8,489.2
4894,-11.8,489.3
4895,-11.8,489.401
4896,-11.8,489.5
4897,-11.8,489.6
4898,-11.8,489.7
4899,-11.8,489.801
4900,-11.8,489.901
4901,-11.8,490.001
4902,-11.8,490.1
4903,-11.8,490.2
4904,-11.8,490.304
4905,-11.8,490.407
4906,-11.8,490.501
4907,-11.8,490.6
4908,-11.8,490.7
4909,-11.8,490.801
4910,-11.8,490.901
4911,-11.8,491
4912,-11.8,491.1
4913,-11.8,491.2
4914,-11.8,491.3
4915,-11.8,491.401
4916,-11.8,491.501
4917,-11.8,491.6
4918,-11.8,491.7
4919,-11.8,491.801
4920,-11.8,491.901
4921,-11.8,492
4922,-11.8,492.1
4923,-11.8,492.2
4924,-11.8,492.3
4925,-11.8,492.4
4926,-11.8,492.5
4927,-11.8,492.6
4928,-11.8,492.7
4929,-11.8,492.8
4930,-11.8,492.901
4931,-11.8,493
4932,-11.8,493.1
4933,-11.8,493.2
4934,-11.8,493.3
4935,-11.8,493.401
4936,-11.8,493.5
4937,-11.8,493.6
4938,-11.8,493.7
4939,-11.8,493.8
4940,-11.8,493.901
4941,-11.8,494.001
4942,-11.8,494.1
4943,-11.8,494.2
4944,-11.8,494.3
4945,-11.8,494.401
4946,-11.8,494.501
4947,-11.8,494.6
4948,-11.8,494.7
4949,-11.8,494.8
4950,-11.8,494.901
4951,-11.8,495
4952,-11.8,495.1
4953,-11.8,495.2
4954,-12,495.3
4955,-12,495.401
4956,-12,495.501
4957,-12,495.601
4958,-12,495.7
4959,-12,495.8
4960,-12,495.901
4961,-12,496.002
4962,-12,496.103
4963,-12,496.205
4964,-12,496.301
4965,-12,496.401
4966,-12,496.5
4967,-12,496.6
4968,-12,496.702
4969,-12,496.8
4970,-12,496.905
4971,-12,497.003
4972,-12,497.102
4973,-12,497.2
4974,-12,497.301
4975,-12,497.401
4976,-12,497.5
4977,-12,497.603
4978,-12,497.701
4979,-12,497.801
4980,-12,497.904
4981,-12,498.002
4982,-12,498.1
4983,-12,498.2
4984,-12,498.301
4985,-12,498.402
4986,-12,498.501
4987,-12,498.6
4988,-12,498.7
4989,-12,498.8
4990,-12,498.902
4991,-12,499
4992,-12,499.1
4993,-12,499.201
4994,-12,499.301
4995,-12,499.402
4996,-12,499.501
4997,-12,499.6
4998,-12,499.701
4999,-12,499.8
5000,-12,499.901
