Reading,Load [4.4 N],Time [sec.]
1,0,0
2,0,0.098
3,0,0.198
4,0,0.298
5,0,0.398
6,0,0.499
7,0,0.598
8,0,0.698
9,0,0.798
10,0,0.899
11,0,1
12,0,1.1
13,0,1.241
14,0,1.299
15,0,1.399
16,0,1.499
17,0,1.598
18,0,1.698
19,0,1.798
20,0,1.898
21,0,1.999
22,0,2.098
23,0,2.198
24,0,2.298
25,0,2.398
26,0,2.499
27,0,2.598
28,0,2.698
29,0,2.798
30,0,2.898
31,0,2.999
32,0,3.098
33,0,3.198
34,0,3.298
35,0,3.399
36,0,3.499
37,0,3.599
38,0,3.698
39,0,3.798
40,0,3.899
41,0,3.999
42,0,4.098
43,0,4.198
44,0,4.298
45,0,4.398
46,0,4.499
47,0,4.598
48,0,4.7
49,0,4.798
50,0,4.898
51,0,4.999
52,0,5.097
53,0,5.198
54,0,5.298
55,0,5.397
56,0,5.498
57,0,5.598
58,0,5.699
59,0,5.798
60,0,5.898
61,0,5.999
62,0,6.098
63,0,6.198
64,0,6.298
65,0,6.398
66,0,6.499
67,0,6.598
68,0,6.698
69,0,6.797
70,0,6.898
71,0,6.999
72,0,7.097
73,0,7.198
74,0,7.298
75,0,7.398
76,0,7.499
77,0,7.598
78,0,7.698
79,0,7.798
80,0,7.899
81,0,7.999
82,0,8.099
83,0,8.199
84,0,8.298
85,0,8.398
86,0,8.499
87,0,8.598
88,0,8.697
89,0,8.797
90,0,8.898
91,0,8.999
92,0,9.098
93,0,9.199
94,0,9.298
95,0,9.398
96,0,9.5
97,0,9.601
98,0,9.699
99,0,9.829
100,0,9.905
101,0,9.999
102,0,10.098
103,0,10.199
104,0,10.299
105,0,10.398
106,0,10.5
107,0,10.599
108,0,10.699
109,0,10.807
110,0,10.901
111,0,10.999
112,0,11.098
113,0,11.198
114,0,11.298
115,0,11.398
116,0,11.499
117,0,11.598
118,0,11.698
119,0,11.798
120,0,11.898
121,0,11.999
122,0,12.098
123,0,12.198
124,0,12.298
125,0,12.398
126,0,12.5
127,0,12.598
128,0,12.699
129,0,12.799
130,0,12.898
131,0,12.999
132,0,13.098
133,0,13.2
134,0,13.299
135,0,13.398
136,0,13.499
137,0,13.599
138,0,13.699
139,0,13.798
140,0,13.898
141,0,14
142,0,14.098
143,0,14.198
144,0,14.298
145,0,14.398
146,0,14.499
147,0,14.598
148,0,14.698
149,0,14.798
150,0,14.898
151,0,14.999
152,0,15.098
153,0,15.198
154,0,15.298
155,0,15.398
156,0,15.499
157,0,15.597
158,0,15.698
159,0,15.797
160,0,15.898
161,0,15.999
162,0,16.097
163,0,16.198
164,0,16.298
165,0,16.398
166,0,16.502
167,0,16.6
168,0,16.699
169,0,16.798
170,0,16.898
171,0,17
172,0,17.098
173,0,17.198
174,0,17.299
175,0,17.398
176,0,17.499
177,0,17.599
178,0,17.699
179,0,17.798
180,0,17.898
181,0,17.999
182,0,18.098
183,0,18.198
184,0,18.298
185,0,18.398
186,0,18.501
187,0,18.6
188,0,18.701
189,0,18.798
190,0,18.899
191,0,19
192,0,19.099
193,0,19.198
194,0,19.298
195,0,19.397
196,0,19.499
197,0,19.602
198,0,19.702
199,0,19.799
200,0,19.898
201,0,20
202,0,20.099
203,0,20.199
204,0,20.298
205,0,20.399
206,0,20.5
207,0,20.6
208,0,20.698
209,0,20.799
210,0,20.899
211,0,21
212,0,21.099
213,0,21.198
214,0,21.299
215,0,21.397
216,0,21.5
217,0,21.599
218,0,21.699
219,0,21.799
220,0,21.899
221,0,22
222,0,22.098
223,0,22.199
224,0,22.298
225,0,22.398
226,0,22.499
227,0,22.598
228,0,22.698
229,0,22.798
230,0,22.897
231,0,23.002
232,0,23.099
233,0,23.198
234,0,23.297
235,0,23.398
236,0,23.499
237,0,23.598
238,0,23.698
239,0,23.797
240,0,23.898
241,0,23.998
242,0,24.098
243,0,24.198
244,0,24.298
245,0,24.4
246,0,24.5
247,0,24.6
248,0,24.699
249,0,24.799
250,0,24.899
251,0,25.001
252,0,25.101
253,0,25.198
254,0,25.298
255,0,25.399
256,0,25.501
257,0,25.598
258,0,25.698
259,0,25.798
260,0,25.897
261,0,25.999
262,0,26.098
263,0,26.198
264,0,26.298
265,0,26.398
266,0,26.499
267,0,26.597
268,0,26.698
269,0,26.798
270,0,26.897
271,0,26.999
272,0,27.098
273,0,27.198
274,0,27.299
275,0,27.398
276,0,27.499
277,0,27.598
278,0,27.697
279,0,27.797
280,0,27.898
281,0,27.999
282,0,28.098
283,0,28.198
284,0,28.3
285,0,28.398
286,0,28.5
287,0,28.599
288,0,28.7
289,0,28.799
290,0,28.898
291,0,28.999
292,0,29.098
293,0,29.198
294,0,29.299
295,0,29.399
296,0,29.5
297,0,29.599
298,0,29.698
299,0,29.798
300,0,29.898
301,0,29.999
302,0,30.098
303,0,30.198
304,0,30.298
305,0,30.398
306,0,30.5
307,0,30.598
308,0,30.698
309,0,30.798
310,0,30.898
311,0,30.999
312,0,31.098
313,0,31.198
314,0,31.298
315,0,31.398
316,0,31.498
317,0,31.597
318,0,31.698
319,0,31.798
320,0,31.898
321,0,32.002
322,0,32.102
323,0,32.2
324,0,32.298
325,0,32.398
326,0,32.501
327,0,32.601
328,0,32.698
329,0,32.798
330,0,32.898
331,0,32.999
332,0,33.098
333,0,33.198
334,0,33.298
335,0,33.398
336,0,33.499
337,0,33.597
338,0,33.698
339,0,33.798
340,0,33.898
341,0,33.999
342,0,34.098
343,0,34.198
344,0,34.298
345,0,34.398
346,0,34.499
347,0,34.598
348,0,34.698
349,0,34.798
350,0,34.898
351,0,35.001
352,0,35.098
353,0,35.198
354,0,35.298
355,0,35.398
356,0,35.499
357,0,35.598
358,0,35.698
359,0,35.798
360,0,35.898
361,0,35.999
362,0,36.097
363,0,36.197
364,0,36.298
365,0,36.398
366,0,36.499
367,0,36.598
368,0,36.698
369,0,36.798
370,0,36.898
371,0,36.999
372,0,37.099
373,0,37.198
374,0,37.299
375,0,37.398
376,0,37.498
377,0,37.598
378,0,37.698
379,0,37.798
380,0,37.898
381,0,37.999
382,0,38.098
383,0,38.198
384,0,38.298
385,0,38.398
386,0,38.499
387,0,38.599
388,0,38.698
389,0,38.798
390,0,38.898
391,0,39
392,0,39.098
393,0,39.198
394,0,39.298
395,0,39.398
396,0,39.499
397,0,39.598
398,0,39.698
399,0,39.798
400,0,39.898
401,0,39.999
402,0,40.098
403,0,40.198
404,0,40.298
405,0,40.398
406,0,40.499
407,0,40.598
408,0,40.698
409,0,40.799
410,0,40.898
411,0,40.999
412,0,41.098
413,0,41.198
414,0,41.298
415,0,41.398
416,0,41.498
417,0,41.598
418,0,41.698
419,0,41.797
420,0,41.897
421,0,41.999
422,0,42.097
423,0,42.197
424,0,42.297
425,0,42.398
426,0,42.498
427,0,42.599
428,0,42.698
429,0,42.798
430,0,42.898
431,0,42.999
432,0,43.098
433,0,43.198
434,0,43.298
435,0,43.399
436,0,43.499
437,0,43.598
438,0,43.698
439,0,43.799
440,0,43.898
441,0,43.999
442,0,44.101
443,0,44.198
444,0,44.298
445,0,44.398
446,0,44.499
447,0,44.598
448,0,44.698
449,0,44.798
450,0,44.897
451,0,45
452,0,45.098
453,0,45.198
454,0,45.297
455,0,45.398
456,0,45.499
457,0,45.597
458,0,45.698
459,0,45.798
460,0,45.898
461,0,45.998
462,0,46.099
463,0,46.198
464,0,46.298
465,0,46.398
466,0,46.499
467,0,46.598
468,0,46.698
469,0,46.798
470,0,46.901
471,0,47
472,0,47.1
473,0,47.2
474,0,47.299
475,0,47.4
476,0,47.498
477,0,47.598
478,0,47.698
479,0,47.801
480,0,47.899
481,0,48.001
482,0,48.098
483,0,48.198
484,0,48.303
485,0,48.403
486,0,48.499
487,0,48.598
488,0,48.698
489,0,48.798
490,0,48.898
491,0,49.001
492,0,49.098
493,0,49.2
494,0,49.298
495,0,49.399
496,0,49.5
497,0,49.598
498,0,49.698
499,0,49.798
500,0,49.898
501,0,49.999
502,0,50.099
503,0,50.199
504,0,50.299
505,0,50.399
506,0,50.499
507,0,50.598
508,0,50.698
509,0,50.798
510,0,50.898
511,0,50.999
512,0,51.098
513,0,51.199
514,0,51.298
515,0,51.398
516,0,51.499
517,0,51.598
518,0,51.698
519,0,51.812
520,0,51.901
521,0,51.999
522,0,52.098
523,0,52.198
524,0,52.298
525,0,52.398
526,0,52.499
527,0,52.603
528,0,52.699
529,0,52.798
530,0,52.898
531,0,52.999
532,0,53.098
533,0,53.203
534,0,53.301
535,0,53.399
536,0,53.502
537,0,53.6
538,0,53.699
539,0,53.798
540,0,53.904
541,0,54.004
542,0,54.103
543,0,54.202
544,0,54.302
545,0,54.401
546,0,54.501
547,0,54.599
548,0,54.7
549,0,54.801
550,0,54.898
551,0,54.999
552,0,55.099
553,0,55.198
554,0,55.298
555,0,55.398
556,0,55.499
557,0,55.599
558,0,55.698
559,0,55.798
560,0,55.899
561,0,56.003
562,0,56.099
563,0,56.199
564,0,56.301
565,0,56.4
566,0,56.501
567,0,56.598
568,0,56.698
569,0,56.798
570,0,56.899
571,0,56.999
572,0,57.099
573,0,57.198
574,0,57.299
575,0,57.398
576,0,57.499
577,0,57.598
578,0,57.698
579,0,57.798
580,0,57.899
581,0,58.003
582,0,58.099
583,0,58.198
584,0,58.298
585,0,58.401
586,0,58.503
587,0,58.603
588,0,58.701
589,0,58.8
590,0,58.898
591,0,58.999
592,0,59.098
593,0,59.198
594,0,59.298
595,0,59.399
596,0,59.499
597,0,59.598
598,0,59.698
599,0,59.798
600,0,59.899
601,0,60.001
602,0,60.098
603,0,60.198
604,0,60.298
605,0,60.398
606,0,60.5
607,0,60.599
608,0,60.698
609,0,60.798
610,0,60.897
611,0,60.999
612,0,61.099
613,0,61.198
614,0,61.298
615,0,61.397
616,0,61.499
617,0,61.598
618,0,61.698
619,0,61.798
620,0,61.898
621,0,61.999
622,0,62.099
623,0,62.199
624,0,62.298
625,0,62.398
626,0,62.499
627,0,62.598
628,0,62.698
629,0,62.8
630,0,62.898
631,0,62.999
632,0,63.098
633,0,63.198
634,0,63.298
635,0,63.399
636,0,63.499
637,0,63.598
638,0,63.698
639,0,63.799
640,0,63.899
641,0,63.998
642,0,64.099
643,0,64.198
644,0,64.298
645,0,64.398
646,0,64.501
647,0,64.599
648,0,64.698
649,0,64.798
650,0,64.898
651,0,64.999
652,0,65.098
653,-0.2,65.198
654,-0.2,65.298
655,-0.8,65.398
656,-2.4,65.499
657,-4.6,65.598
658,-7,65.698
659,-10,65.799
660,-10,65.902
661,-12.4,65.999
662,-14,66.097
663,-14.8,66.198
664,-15,66.297
665,-15,66.397
666,-15,66.499
667,-15.4,66.598
668,-16,66.698
669,-16.4,66.797
670,-16.6,66.897
671,-16.6,66.998
672,-16.4,67.097
673,-16.4,67.197
674,-16.2,67.297
675,-16,67.397
676,-16,67.498
677,-16,67.597
678,-16,67.697
679,-15.8,67.797
680,-15.8,67.897
681,-15.6,68.002
682,-15.6,68.099
683,-15.6,68.2
684,-15.6,68.301
685,-15.6,68.401
686,-15.4,68.499
687,-15.4,68.603
688,-15.4,68.698
689,-15.4,68.798
690,-15.4,68.897
691,-15.4,68.999
692,-15.2,69.097
693,-15.2,69.197
694,-15.2,69.298
695,-15.2,69.398
696,-15.2,69.499
697,-15.2,69.597
698,-15.2,69.702
699,-15.2,69.799
700,-15,69.898
701,-15,69.998
702,-15,70.098
703,-15,70.205
704,-15,70.299
705,-15,70.399
706,-15,70.5
707,-15,70.603
708,-15,70.699
709,-15,70.797
710,-15,70.897
711,-15,70.999
712,-15,71.097
713,-15,71.198
714,-14.8,71.297
715,-14.8,71.397
716,-14.8,71.499
717,-14.8,71.601
718,-14.8,71.697
719,-14.8,71.797
720,-14.8,71.898
721,-14.8,72
722,-14.8,72.098
723,-14.8,72.197
724,-14.8,72.297
725,-14.8,72.398
726,-14.8,72.502
727,-14.8,72.599
728,-14.8,72.699
729,-14.8,72.799
730,-14.8,72.898
731,-14.8,72.999
732,-14.8,73.098
733,-14.6,73.198
734,-14.6,73.301
735,-14.6,73.398
736,-14.6,73.499
737,-14.6,73.602
738,-14.6,73.699
739,-14.6,73.798
740,-14.6,73.899
741,-14.6,73.998
742,-14.6,74.099
743,-14.6,74.198
744,-14.6,74.298
745,-14.6,74.399
746,-14.6,74.499
747,-14.6,74.598
748,-14.6,74.698
749,-14.6,74.797
750,-14.6,74.897
751,-14.6,75.001
752,-14.6,75.1
753,-14.6,75.2
754,-14.6,75.298
755,-14.6,75.4
756,-14.4,75.501
757,-14.4,75.599
758,-14.4,75.7
759,-14.4,75.798
760,-14.4,75.897
761,-14.4,76.003
762,-14.4,76.1
763,-14.4,76.2
764,-14.4,76.301
765,-14.4,76.401
766,-14.4,76.499
767,-14.4,76.599
768,-14.4,76.699
769,-14.4,76.8
770,-14.4,76.902
771,-14.4,77.002
772,-14.4,77.099
773,-14.4,77.2
774,-14.4,77.299
775,-14.4,77.399
776,-14.4,77.501
777,-14.4,77.6
778,-14.4,77.7
779,-14.4,77.8
780,-14.4,77.9
781,-14.4,78.001
782,-14.4,78.1
783,-14.4,78.201
784,-14.4,78.3
785,-14.4,78.4
786,-14.4,78.502
787,-14.4,78.603
788,-14.4,78.699
789,-14.4,78.798
790,-14.4,78.898
791,-14.2,78.998
792,-14.2,79.098
793,-14.2,79.199
794,-14.2,79.298
795,-14.2,79.397
796,-14.2,79.498
797,-14.2,79.597
798,-14.2,79.698
799,-14.2,79.797
800,-14.2,79.898
801,-14.2,80
802,-14.2,80.097
803,-14.2,80.199
804,-14.2,80.3
805,-14.2,80.399
806,-14.2,80.5
807,-14.2,80.599
808,-14.2,80.7
809,-14.2,80.799
810,-14.2,80.9
811,-14.2,81
812,-14.2,81.1
813,-14.2,81.199
814,-14.2,81.299
815,-14.2,81.399
816,-14.2,81.498
817,-14.2,81.597
818,-14.2,81.698
819,-14.2,81.798
820,-14.2,81.897
821,-14.2,81.999
822,-14.2,82.097
823,-14.2,82.197
824,-14.2,82.298
825,-14.2,82.397
826,-14.2,82.498
827,-14.2,82.597
828,-14.2,82.697
829,-14.2,82.798
830,-14.2,82.897
831,-14.2,82.998
832,-14.2,83.098
833,-14.2,83.198
834,-14.2,83.298
835,-14.2,83.398
836,-14.2,83.498
837,-14.2,83.598
838,-14.2,83.697
839,-14,83.798
840,-14,83.897
841,-14,83.999
842,-14,84.098
843,-14,84.197
844,-14.2,84.298
845,-14,84.397
846,-14,84.499
847,-14,84.598
848,-14,84.697
849,-14,84.798
850,-14,84.898
851,-14,84.999
852,-14,85.098
853,-14,85.198
854,-14,85.298
855,-14,85.398
856,-14,85.499
857,-14,85.598
858,-14,85.698
859,-14,85.798
860,-14,85.897
861,-14,85.999
862,-14,86.098
863,-14,86.198
864,-14,86.297
865,-14,86.398
866,-14,86.498
867,-14,86.597
868,-14,86.697
869,-14,86.798
870,-14,86.898
871,-14,86.999
872,-14,87.098
873,-14,87.198
874,-14,87.297
875,-14,87.398
876,-14,87.498
877,-14,87.598
878,-14,87.698
879,-14,87.798
880,-14,87.898
881,-14,88
882,-14,88.097
883,-14,88.199
884,-14,88.301
885,-14,88.398
886,-14,88.5
887,-14,88.598
888,-14,88.699
889,-14,88.799
890,-14,88.899
891,-14,89
892,-14,89.098
893,-14,89.199
894,-14,89.298
895,-14,89.398
896,-14,89.501
897,-14,89.598
898,-14,89.698
899,-14,89.799
900,-14,89.899
901,-14,90
902,-14,90.098
903,-14,90.199
904,-14,90.299
905,-14,90.398
906,-14,90.5
907,-14,90.599
908,-14,90.699
909,-14,90.797
910,-14,90.899
911,-14,90.999
912,-14,91.098
913,-14,91.199
914,-14,91.298
915,-14,91.399
916,-14,91.499
917,-14,91.599
918,-14,91.698
919,-14,91.799
920,-14,91.898
921,-14,91.999
922,-14,92.098
923,-14,92.198
924,-14,92.301
925,-14,92.4
926,-14,92.499
927,-14,92.598
928,-13.8,92.698
929,-13.8,92.798
930,-14,92.898
931,-14,92.999
932,-14,93.098
933,-13.8,93.197
934,-13.8,93.298
935,-13.8,93.397
936,-13.8,93.499
937,-13.8,93.598
938,-13.8,93.698
939,-13.8,93.798
940,-13.8,93.898
941,-13.8,93.999
942,-13.8,94.098
943,-13.8,94.198
944,-13.8,94.298
945,-13.8,94.398
946,-13.8,94.499
947,-13.8,94.598
948,-13.8,94.698
949,-13.8,94.798
950,-13.8,94.897
951,-13.8,94.999
952,-13.8,95.098
953,-13.8,95.198
954,-13.8,95.298
955,-13.8,95.398
956,-13.8,95.5
957,-13.8,95.598
958,-13.8,95.698
959,-13.8,95.798
960,-13.8,95.898
961,-13.8,96
962,-13.8,96.098
963,-13.8,96.198
964,-13.8,96.299
965,-13.8,96.398
966,-13.8,96.499
967,-13.8,96.598
968,-13.8,96.701
969,-13.8,96.798
970,-13.8,96.898
971,-13.8,96.999
972,-13.8,97.098
973,-13.8,97.198
974,-13.8,97.298
975,-13.8,97.398
976,-13.8,97.499
977,-13.8,97.598
978,-13.8,97.698
979,-13.8,97.801
980,-13.8,97.899
981,-13.8,97.999
982,-13.8,98.098
983,-13.8,98.198
984,-13.8,98.297
985,-13.8,98.398
986,-13.8,98.499
987,-13.8,98.598
988,-13.8,98.701
989,-13.8,98.799
990,-13.8,98.898
991,-13.8,98.998
992,-13.8,99.097
993,-13.8,99.198
994,-13.8,99.298
995,-13.8,99.398
996,-13.8,99.499
997,-13.8,99.598
998,-13.8,99.698
999,-13.8,99.798
1000,-13.8,99.899
1001,-13.8,99.999
1002,-13.8,100.098
1003,-13.8,100.199
1004,-13.8,100.298
1005,-13.8,100.399
1006,-13.8,100.501
1007,-13.8,100.599
1008,-13.8,100.699
1009,-13.8,100.798
1010,-13.8,100.898
1011,-13.8,100.999
1012,-13.8,101.098
1013,-13.8,101.198
1014,-13.8,101.298
1015,-13.8,101.398
1016,-13.8,101.499
1017,-13.8,101.598
1018,-13.8,101.701
1019,-13.8,101.799
1020,-13.8,101.898
1021,-13.8,101.999
1022,-13.8,102.097
1023,-13.8,102.199
1024,-13.8,102.298
1025,-13.8,102.398
1026,-13.8,102.5
1027,-13.8,102.598
1028,-13.8,102.699
1029,-13.8,102.799
1030,-13.8,102.9
1031,-13.8,102.999
1032,-13.8,103.098
1033,-13.8,103.198
1034,-13.8,103.304
1035,-13.8,103.399
1036,-13.8,103.5
1037,-13.8,103.598
1038,-13.8,103.699
1039,-13.8,103.798
1040,-13.6,103.899
1041,-13.8,104
1042,-13.8,104.1
1043,-13.8,104.198
1044,-13.8,104.298
1045,-13.6,104.398
1046,-13.6,104.499
1047,-13.6,104.599
1048,-13.6,104.698
1049,-13.6,104.8
1050,-13.6,104.899
1051,-13.6,104.999
1052,-13.8,105.099
1053,-13.8,105.199
1054,-13.6,105.297
1055,-13.6,105.398
1056,-13.6,105.5
1057,-13.6,105.6
1058,-13.6,105.701
1059,-13.6,105.802
1060,-13.6,105.899
1061,-13.6,105.999
1062,-13.6,106.099
1063,-13.4,106.2
1064,-13,106.299
1065,-13,106.398
1066,-11.6,106.5
1067,-9.8,106.599
1068,-8,106.699
1069,-6.8,106.798
1070,-5.8,106.898
1071,-5.8,106.999
1072,-5,107.098
1073,-4.8,107.198
1074,-4.8,107.3
1075,-4.8,107.399
1076,-4.8,107.5
1077,-5,107.598
1078,-5,107.699
1079,-5,107.799
1080,-5.2,107.898
1081,-5.2,108
1082,-5.2,108.098
1083,-5.2,108.198
1084,-5.2,108.305
1085,-5.4,108.399
1086,-5.4,108.499
1087,-5.4,108.599
1088,-5.4,108.699
1089,-5.4,108.798
1090,-5.4,108.898
1091,-5.4,109.001
1092,-5.4,109.099
1093,-5.4,109.199
1094,-5.4,109.298
1095,-5.6,109.399
1096,-5.6,109.5
1097,-5.6,109.599
1098,-5.6,109.699
1099,-5.6,109.798
1100,-5.6,109.899
1101,-5.6,110
1102,-5.6,110.098
1103,-5.6,110.199
1104,-5.6,110.299
1105,-5.6,110.398
1106,-5.6,110.5
1107,-5.6,110.598
1108,-5.6,110.698
1109,-5.6,110.799
1110,-5.8,110.898
1111,-5.8,110.999
1112,-5.8,111.098
1113,-5.8,111.199
1114,-5.8,111.298
1115,-5.8,111.398
1116,-5.8,111.5
1117,-5.8,111.599
1118,-5.8,111.698
1119,-5.8,111.798
1120,-5.8,111.9
1121,-5.8,111.999
1122,-5.8,112.098
1123,-5.8,112.199
1124,-5.8,112.3
1125,-5.8,112.399
1126,-5.8,112.499
1127,-5.8,112.598
1128,-5.8,112.698
1129,-5.8,112.798
1130,-5.8,112.901
1131,-5.8,113
1132,-5.8,113.099
1133,-5.8,113.2
1134,-5.8,113.298
1135,-5.8,113.399
1136,-6,113.5
1137,-5.8,113.598
1138,-6,113.698
1139,-6,113.798
1140,-6,113.898
1141,-6,114
1142,-6,114.098
1143,-6,114.199
1144,-6,114.298
1145,-6,114.398
1146,-6,114.501
1147,-6,114.599
1148,-6,114.699
1149,-6,114.799
1150,-6,114.9
1151,-6,114.999
1152,-6,115.099
1153,-6,115.199
1154,-6,115.299
1155,-6,115.398
1156,-6,115.499
1157,-6,115.598
1158,-6,115.699
1159,-6,115.799
1160,-6,115.898
1161,-6,116
1162,-6,116.098
1163,-6,116.199
1164,-6,116.299
1165,-6,116.399
1166,-6,116.5
1167,-6,116.599
1168,-6,116.699
1169,-6,116.799
1170,-6,116.898
1171,-6,117.001
1172,-6,117.099
1173,-6,117.198
1174,-6,117.298
1175,-6,117.399
1176,-6,117.499
1177,-6,117.599
1178,-6,117.698
1179,-6,117.799
1180,-6,117.898
1181,-6,118
1182,-6,118.099
1183,-6,118.199
1184,-6,118.299
1185,-6,118.399
1186,-6,118.5
1187,-6,118.599
1188,-6,118.698
1189,-6,118.798
1190,-6,118.898
1191,-6,119.001
1192,-6,119.099
1193,-6,119.199
1194,-6,119.299
1195,-6,119.399
1196,-6,119.5
1197,-6,119.599
1198,-6,119.701
1199,-6,119.798
1200,-6,119.899
1201,-6,119.999
1202,-6,120.098
1203,-6,120.199
1204,-6,120.299
1205,-6,120.399
1206,-6,120.499
1207,-6.2,120.599
1208,-6.2,120.698
1209,-6.2,120.798
1210,-6.2,120.901
1211,-6.2,121
1212,-6.2,121.099
1213,-6.2,121.197
1214,-6.2,121.3
1215,-6.2,121.4
1216,-6.2,121.499
1217,-6.2,121.598
1218,-6.2,121.699
1219,-6.2,121.8
1220,-6.2,121.898
1221,-6.2,122
1222,-6.2,122.099
1223,-6.2,122.198
1224,-6.2,122.298
1225,-6.2,122.398
1226,-6.2,122.5
1227,-6.2,122.598
1228,-6.2,122.7
1229,-6.2,122.799
1230,-6.2,122.899
1231,-6.2,122.999
1232,-6.2,123.098
1233,-6.2,123.198
1234,-6.2,123.3
1235,-6.2,123.398
1236,-6.2,123.499
1237,-6.2,123.599
1238,-6.2,123.699
1239,-6.2,123.798
1240,-6.2,123.898
1241,-6.2,123.999
1242,-6.2,124.098
1243,-6.2,124.198
1244,-6.2,124.299
1245,-6.2,124.398
1246,-6.2,124.5
1247,-6.2,124.599
1248,-6.2,124.698
1249,-6.2,124.798
1250,-6.2,124.898
1251,-6.2,124.999
1252,-6.2,125.099
1253,-6.2,125.199
1254,-6.2,125.299
1255,-6.2,125.399
1256,-6.2,125.499
1257,-6.2,125.599
1258,-6.2,125.698
1259,-6.2,125.799
1260,-6.2,125.898
1261,-6.2,126
1262,-6.2,126.099
1263,-6.2,126.199
1264,-6.2,126.298
1265,-6.2,126.398
1266,-6.2,126.5
1267,-6.2,126.6
1268,-6.2,126.698
1269,-6.2,126.798
1270,-6.2,126.898
1271,-6.2,127
1272,-6.2,127.099
1273,-6.2,127.2
1274,-6.2,127.299
1275,-6.2,127.403
1276,-6.2,127.5
1277,-6.2,127.599
1278,-6.2,127.699
1279,-6.2,127.798
1280,-6.2,127.898
1281,-6.2,127.999
1282,-6.2,128.098
1283,-6.2,128.198
1284,-6.2,128.299
1285,-6.2,128.398
1286,-6.2,128.499
1287,-6.2,128.598
1288,-6.2,128.699
1289,-6.2,128.799
1290,-6.2,128.899
1291,-6.2,129.001
1292,-6.2,129.098
1293,-6.2,129.2
1294,-6.2,129.299
1295,-6.2,129.4
1296,-6.2,129.499
1297,-6.2,129.6
1298,-6.2,129.699
1299,-6.2,129.799
1300,-6.2,129.898
1301,-6.2,129.999
1302,-6.2,130.098
1303,-6.2,130.199
1304,-6.2,130.3
1305,-6.2,130.398
1306,-6.2,130.499
1307,-6.2,130.598
1308,-6.2,130.698
1309,-6.2,130.799
1310,-6.2,130.899
1311,-6.2,130.999
1312,-6.2,131.098
1313,-6.2,131.2
1314,-6.2,131.301
1315,-6.2,131.399
1316,-6.2,131.499
1317,-6.2,131.598
1318,-6.2,131.698
1319,-6.2,131.799
1320,-6.2,131.899
1321,-6.2,132
1322,-6.2,132.099
1323,-6.2,132.198
1324,-6.2,132.298
1325,-6.2,132.398
1326,-6.2,132.499
1327,-6.2,132.598
1328,-6.2,132.7
1329,-6.2,132.798
1330,-6.2,132.898
1331,-6.2,132.999
1332,-6.2,133.099
1333,-6.2,133.199
1334,-6.2,133.298
1335,-6.2,133.398
1336,-6.2,133.499
1337,-6.2,133.599
1338,-6.2,133.699
1339,-6.2,133.798
1340,-6.2,133.899
1341,-6.2,133.999
1342,-6.2,134.098
1343,-6.2,134.198
1344,-6.2,134.298
1345,-6.2,134.398
1346,-6.2,134.5
1347,-6.2,134.599
1348,-6.2,134.699
1349,-6.2,134.799
1350,-6.2,134.899
1351,-6.2,134.999
1352,-6.2,135.098
1353,-6.2,135.198
1354,-6.2,135.3
1355,-6.2,135.4
1356,-6.2,135.5
1357,-6.2,135.598
1358,-6.2,135.698
1359,-6.2,135.799
1360,-6.2,135.901
1361,-6.2,135.999
1362,-6.2,136.098
1363,-6.2,136.198
1364,-6.2,136.298
1365,-6.2,136.398
1366,-6.2,136.5
1367,-6.2,136.598
1368,-6.2,136.698
1369,-6.2,136.798
1370,-6.2,136.898
1371,-6.2,136.999
1372,-6.2,137.098
1373,-6.2,137.198
1374,-6.2,137.298
1375,-6.2,137.398
1376,-6.2,137.5
1377,-6.2,137.598
1378,-6.2,137.701
1379,-6.2,137.801
1380,-6.2,137.901
1381,-6.2,138.001
1382,-6.2,138.1
1383,-6.2,138.2
1384,-6.2,138.299
1385,-6.2,138.401
1386,-6.2,138.499
1387,-6.2,138.6
1388,-6.2,138.702
1389,-6.2,138.802
1390,-6.2,138.899
1391,-6.2,138.999
1392,-6.2,139.098
1393,-6.2,139.198
1394,-6.2,139.298
1395,-6.2,139.398
1396,-6.2,139.5
1397,-6.2,139.598
1398,-6.2,139.698
1399,-6.2,139.799
1400,-6.2,139.898
1401,-6.2,140
1402,-6.2,140.098
1403,-6.2,140.198
1404,-6.2,140.3
1405,-6.2,140.398
1406,-6.4,140.499
1407,-6.2,140.598
1408,-6.2,140.698
1409,-6.2,140.797
1410,-6.2,140.898
1411,-6.2,140.999
1412,-6.2,141.099
1413,-6.2,141.198
1414,-6.2,141.298
1415,-6.2,141.399
1416,-6.4,141.499
1417,-6.4,141.598
1418,-6.4,141.698
1419,-6.4,141.798
1420,-6.4,141.898
1421,-6.2,142
1422,-6.2,142.098
1423,-6.4,142.198
1424,-6.2,142.298
1425,-6.4,142.398
1426,-6.4,142.499
1427,-6.4,142.598
1428,-6.4,142.698
1429,-6.4,142.801
1430,-6.2,142.898
1431,-6.2,142.999
1432,-6.2,143.098
1433,-6.4,143.198
1434,-6.4,143.298
1435,-6.4,143.397
1436,-6.4,143.499
1437,-6.4,143.598
1438,-6.4,143.699
1439,-6.4,143.798
1440,-6.4,143.898
1441,-6.4,144
1442,-6.4,144.099
1443,-6.4,144.198
1444,-6.4,144.298
1445,-6.4,144.398
1446,-6.4,144.5
1447,-6.4,144.598
1448,-6.4,144.7
1449,-6.4,144.81
1450,-6.4,144.9
1451,-6.4,144.999
1452,-6.4,145.098
1453,-6.4,145.198
1454,-6.4,145.298
1455,-6.4,145.398
1456,-6.4,145.499
1457,-6.4,145.598
1458,-6.4,145.698
1459,-6.4,145.797
1460,-6.4,145.898
1461,-6.4,145.999
1462,-6.4,146.098
1463,-6.4,146.198
1464,-6.4,146.299
1465,-6.4,146.398
1466,-6.4,146.499
1467,-6.4,146.598
1468,-6.4,146.698
1469,-6.4,146.798
1470,-6.4,146.898
1471,-6.4,146.999
1472,-6.4,147.1
1473,-6.4,147.198
1474,-6.4,147.298
1475,-6.4,147.397
1476,-6.4,147.499
1477,-6.4,147.598
1478,-6.4,147.698
1479,-6.4,147.798
1480,-6.4,147.898
1481,-6.4,147.999
1482,-6.4,148.098
1483,-6.4,148.198
1484,-6.4,148.301
1485,-6.4,148.398
1486,-6.4,148.498
1487,-6.4,148.6
1488,-6.4,148.699
1489,-6.4,148.798
1490,-6.4,148.898
1491,-6.4,149
1492,-6.4,149.103
1493,-6.4,149.2
1494,-6.4,149.299
1495,-6.4,149.398
1496,-6.4,149.499
1497,-6.4,149.598
1498,-6.4,149.699
1499,-6.4,149.798
1500,-6.4,149.9
1501,-6.4,150.001
1502,-6.4,150.098
1503,-6.4,150.198
1504,-6.4,150.298
1505,-6.4,150.399
1506,-6.4,150.5
1507,-6.4,150.598
1508,-6.4,150.699
1509,-6.4,150.799
1510,-6.4,150.898
1511,-6.4,151
1512,-6.4,151.098
1513,-6.4,151.198
1514,-6.6,151.298
1515,-6.6,151.398
1516,-8,151.499
1517,-10.6,151.598
1518,-13,151.698
1519,-15,151.798
1520,-15,151.898
1521,-16.4,151.999
1522,-18,152.099
1523,-19.4,152.198
1524,-20,152.298
1525,-20,152.398
1526,-20,152.499
1527,-20,152.598
1528,-19.8,152.698
1529,-19.6,152.799
1530,-19.4,152.898
1531,-19.2,152.998
1532,-19.2,153.098
1533,-19.2,153.198
1534,-19,153.298
1535,-19,153.398
1536,-19,153.498
1537,-19,153.598
1538,-19,153.698
1539,-18.8,153.798
1540,-18.8,153.898
1541,-18.8,153.999
1542,-18.8,154.099
1543,-18.8,154.198
1544,-18.6,154.298
1545,-18.6,154.398
1546,-18.6,154.499
1547,-18.6,154.598
1548,-18.4,154.699
1549,-18.4,154.798
1550,-18.4,154.898
1551,-18.4,154.999
1552,-18.4,155.099
1553,-18.4,155.198
1554,-18.4,155.298
1555,-18.4,155.398
1556,-18.4,155.498
1557,-18.4,155.598
1558,-18.2,155.698
1559,-18.2,155.797
1560,-18.2,155.898
1561,-18.2,155.999
1562,-18.2,156.098
1563,-18.2,156.198
1564,-18.2,156.298
1565,-18.2,156.398
1566,-18.2,156.499
1567,-18.2,156.598
1568,-18.2,156.698
1569,-18.2,156.798
1570,-18,156.898
1571,-18,156.999
1572,-18,157.098
1573,-18,157.198
1574,-18,157.298
1575,-18,157.398
1576,-18,157.499
1577,-18,157.598
1578,-18,157.698
1579,-18,157.798
1580,-18,157.898
1581,-18,157.999
1582,-18,158.098
1583,-18,158.199
1584,-18,158.3
1585,-18,158.399
1586,-18,158.499
1587,-18,158.598
1588,-18,158.698
1589,-18,158.798
1590,-18,158.898
1591,-17.8,158.999
1592,-17.8,159.097
1593,-17.8,159.198
1594,-17.8,159.298
1595,-17.8,159.398
1596,-17.8,159.499
1597,-17.8,159.598
1598,-17.8,159.698
1599,-17.8,159.798
1600,-17.8,159.9
1601,-17.8,159.999
1602,-17.8,160.099
1603,-17.8,160.198
1604,-17.8,160.298
1605,-17.8,160.398
1606,-17.8,160.504
1607,-17.8,160.599
1608,-17.8,160.698
1609,-17.8,160.797
1610,-17.8,160.898
1611,-17.8,160.999
1612,-17.8,161.099
1613,-17.8,161.199
1614,-17.8,161.297
1615,-17.8,161.398
1616,-17.6,161.499
1617,-17.6,161.598
1618,-17.6,161.698
1619,-17.6,161.798
1620,-17.6,161.898
1621,-17.6,161.999
1622,-17.6,162.098
1623,-17.6,162.198
1624,-17.6,162.3
1625,-17.6,162.398
1626,-17.6,162.499
1627,-17.6,162.598
1628,-17.6,162.698
1629,-17.6,162.798
1630,-17.6,162.898
1631,-17.6,162.999
1632,-17.6,163.098
1633,-17.6,163.198
1634,-17.6,163.298
1635,-17.6,163.398
1636,-17.6,163.499
1637,-17.6,163.598
1638,-17.6,163.698
1639,-17.6,163.798
1640,-17.6,163.898
1641,-17.6,163.999
1642,-17.6,164.098
1643,-17.6,164.199
1644,-17.4,164.298
1645,-17.6,164.398
1646,-17.4,164.498
1647,-17.4,164.598
1648,-17.4,164.698
1649,-17.4,164.798
1650,-17.4,164.9
1651,-17.4,164.999
1652,-17.4,165.098
1653,-17.4,165.198
1654,-17.4,165.298
1655,-17.4,165.398
1656,-17.4,165.5
1657,-17.4,165.598
1658,-17.4,165.698
1659,-17.4,165.8
1660,-17.4,165.898
1661,-17.4,165.999
1662,-17.4,166.098
1663,-17.4,166.198
1664,-17.4,166.298
1665,-17.4,166.398
1666,-17.4,166.499
1667,-17.4,166.599
1668,-17.4,166.698
1669,-17.4,166.798
1670,-17.4,166.899
1671,-17.4,166.999
1672,-17.4,167.098
1673,-17.4,167.198
1674,-17.4,167.299
1675,-17.4,167.398
1676,-17.4,167.499
1677,-17.4,167.598
1678,-17.4,167.698
1679,-17.4,167.799
1680,-17.4,167.898
1681,-17.4,167.999
1682,-17.4,168.102
1683,-17.4,168.199
1684,-17.4,168.298
1685,-17.4,168.398
1686,-17.4,168.502
1687,-17.4,168.599
1688,-17.4,168.699
1689,-17.4,168.798
1690,-17.4,168.898
1691,-17.4,169
1692,-17.2,169.098
1693,-17.2,169.199
1694,-17.2,169.301
1695,-17.2,169.4
1696,-17.2,169.5
1697,-17.2,169.6
1698,-17.2,169.698
1699,-17.2,169.8
1700,-17.2,169.898
1701,-17.2,169.999
1702,-17.2,170.098
1703,-17.2,170.198
1704,-17.2,170.298
1705,-17.2,170.397
1706,-17.2,170.499
1707,-17.2,170.598
1708,-17.2,170.698
1709,-17.2,170.798
1710,-17.2,170.898
1711,-17.2,170.999
1712,-17.2,171.098
1713,-17.2,171.197
1714,-17.2,171.298
1715,-17.2,171.398
1716,-17.2,171.499
1717,-17.2,171.598
1718,-17.2,171.698
1719,-17.2,171.798
1720,-17.2,171.898
1721,-17.2,171.999
1722,-17.2,172.098
1723,-17.2,172.198
1724,-17.2,172.298
1725,-17.2,172.398
1726,-17.2,172.5
1727,-17.2,172.598
1728,-17.2,172.698
1729,-17.2,172.798
1730,-17.2,172.898
1731,-17.2,172.999
1732,-17.2,173.098
1733,-17.2,173.198
1734,-17.2,173.297
1735,-17.2,173.398
1736,-17.2,173.499
1737,-17.2,173.598
1738,-17.2,173.699
1739,-17.2,173.799
1740,-17.2,173.897
1741,-17.2,173.999
1742,-17.2,174.098
1743,-17.2,174.199
1744,-17.2,174.298
1745,-17.2,174.398
1746,-17.2,174.499
1747,-17.2,174.598
1748,-17.2,174.698
1749,-17.2,174.799
1750,-17.2,174.898
1751,-17.2,175
1752,-17.2,175.099
1753,-17.2,175.198
1754,-17.2,175.298
1755,-17,175.398
1756,-17,175.499
1757,-17.2,175.599
1758,-17.2,175.698
1759,-17,175.798
1760,-17,175.898
1761,-17,175.999
1762,-17,176.099
1763,-17,176.201
1764,-17,176.298
1765,-17,176.398
1766,-17,176.5
1767,-17,176.599
1768,-17,176.698
1769,-17,176.798
1770,-17,176.898
1771,-17,176.999
1772,-17,177.098
1773,-17,177.198
1774,-17,177.298
1775,-17,177.399
1776,-17,177.499
1777,-17,177.598
1778,-17,177.701
1779,-17,177.801
1780,-17,177.9
1781,-17,178.001
1782,-17,178.099
1783,-17,178.199
1784,-17,178.309
1785,-17,178.4
1786,-17,178.501
1787,-17,178.599
1788,-17,178.699
1789,-17,178.8
1790,-17,178.898
1791,-17,179.001
1792,-17,179.098
1793,-17,179.199
1794,-17,179.3
1795,-17,179.398
1796,-17,179.5
1797,-17,179.601
1798,-17,179.699
1799,-17,179.799
1800,-17,179.898
1801,-17,179.999
1802,-17,180.1
1803,-17,180.199
1804,-17,180.298
1805,-17,180.398
1806,-17,180.5
1807,-17,180.598
1808,-17,180.698
1809,-17,180.799
1810,-17,180.9
1811,-17,181.003
1812,-17,181.101
1813,-17,181.199
1814,-17,181.298
1815,-17,181.398
1816,-17,181.5
1817,-17,181.601
1818,-17,181.702
1819,-17,181.801
1820,-17,181.898
1821,-17,182
1822,-17,182.099
1823,-17,182.199
1824,-17,182.299
1825,-17,182.398
1826,-17,182.499
1827,-17,182.597
1828,-17,182.7
1829,-17,182.8
1830,-17,182.898
1831,-17,183
1832,-17,183.098
1833,-17,183.198
1834,-17,183.298
1835,-17,183.398
1836,-17,183.499
1837,-17,183.598
1838,-17,183.698
1839,-17,183.801
1840,-17,183.899
1841,-17,183.999
1842,-17,184.098
1843,-17,184.2
1844,-17,184.299
1845,-17,184.398
1846,-17,184.499
1847,-17,184.598
1848,-17,184.7
1849,-17,184.799
1850,-17,184.899
1851,-17,184.999
1852,-17,185.098
1853,-17,185.198
1854,-17,185.299
1855,-17,185.4
1856,-17,185.5
1857,-17,185.598
1858,-17,185.698
1859,-17,185.798
1860,-17,185.899
1861,-17,186
1862,-17,186.098
1863,-17,186.198
1864,-17,186.298
1865,-17,186.398
1866,-16.8,186.499
1867,-16.8,186.598
1868,-17,186.698
1869,-17,186.798
1870,-16.8,186.898
1871,-16.8,187
1872,-16.8,187.098
1873,-16.8,187.203
1874,-16.8,187.3
1875,-16.8,187.403
1876,-16.8,187.501
1877,-16.8,187.599
1878,-16.8,187.698
1879,-16.8,187.798
1880,-16.8,187.898
1881,-16.8,187.999
1882,-16.8,188.098
1883,-16.8,188.198
1884,-16.8,188.298
1885,-16.8,188.398
1886,-16.8,188.499
1887,-16.8,188.598
1888,-16.8,188.698
1889,-16.8,188.798
1890,-16.8,188.898
1891,-16.8,188.999
1892,-16.8,189.098
1893,-16.8,189.198
1894,-16.8,189.299
1895,-16.8,189.398
1896,-16.8,189.499
1897,-16.8,189.598
1898,-16.8,189.698
1899,-16.8,189.8
1900,-16.8,189.897
1901,-16.8,189.999
1902,-16.8,190.098
1903,-16.8,190.198
1904,-16.8,190.298
1905,-16.8,190.398
1906,-16.8,190.499
1907,-16.8,190.597
1908,-16.8,190.698
1909,-16.8,190.798
1910,-16.8,190.898
1911,-16.8,190.999
1912,-16.8,191.098
1913,-16.8,191.198
1914,-16.8,191.298
1915,-16.8,191.398
1916,-16.8,191.499
1917,-16.8,191.598
1918,-16.8,191.698
1919,-16.8,191.798
1920,-16.8,191.898
1921,-16.8,191.999
1922,-16.8,192.098
1923,-16.8,192.198
1924,-16.8,192.298
1925,-16.8,192.399
1926,-16.8,192.499
1927,-16.8,192.599
1928,-16.8,192.698
1929,-16.8,192.798
1930,-16.8,192.898
1931,-16.8,192.999
1932,-16.8,193.098
1933,-16.8,193.198
1934,-16.8,193.298
1935,-16.8,193.397
1936,-16.8,193.499
1937,-16.8,193.598
1938,-16.8,193.698
1939,-16.8,193.798
1940,-16.8,193.898
1941,-16.8,193.998
1942,-16.8,194.098
1943,-16.8,194.197
1944,-16.8,194.298
1945,-16.8,194.398
1946,-16.8,194.498
1947,-16.8,194.599
1948,-16.8,194.698
1949,-16.8,194.798
1950,-16.8,194.897
1951,-16.8,195.001
1952,-16.8,195.1
1953,-16.8,195.199
1954,-16.8,195.299
1955,-16.8,195.399
1956,-16.8,195.499
1957,-16.8,195.598
1958,-16.8,195.699
1959,-16.8,195.798
1960,-16.8,195.898
1961,-16.8,195.999
1962,-16.8,196.099
1963,-16.8,196.199
1964,-16.8,196.299
1965,-16.8,196.399
1966,-16.8,196.5
1967,-16.8,196.598
1968,-16.8,196.699
1969,-16.8,196.798
1970,-16.8,196.898
1971,-16.8,196.999
1972,-16.8,197.098
1973,-16.8,197.198
1974,-16.8,197.298
1975,-16.8,197.398
1976,-16.8,197.499
1977,-16.8,197.598
1978,-16.8,197.698
1979,-16.8,197.798
1980,-16.8,197.898
1981,-16.8,197.999
1982,-16.8,198.098
1983,-16.8,198.198
1984,-16.8,198.298
1985,-16.8,198.398
1986,-16.8,198.498
1987,-16.8,198.601
1988,-16.8,198.698
1989,-16.8,198.798
1990,-16.8,198.901
1991,-16.8,198.999
1992,-16.8,199.099
1993,-16.8,199.198
1994,-16.8,199.3
1995,-16.8,199.398
1996,-16.8,199.498
1997,-16.8,199.599
1998,-16.8,199.698
1999,-16.8,199.797
2000,-16.8,199.9
2001,-16.8,199.999
2002,-16.8,200.098
2003,-16.8,200.198
2004,-16.8,200.298
2005,-16.8,200.398
2006,-16.8,200.498
2007,-16.8,200.598
2008,-16.8,200.698
2009,-16.8,200.797
2010,-16.8,200.898
2011,-16.8,200.999
2012,-16.8,201.098
2013,-16.8,201.198
2014,-16.8,201.298
2015,-16.8,201.398
2016,-16.8,201.499
2017,-16.8,201.598
2018,-16.8,201.698
2019,-16.8,201.798
2020,-16.8,201.898
2021,-16.8,201.999
2022,-16.8,202.098
2023,-16.8,202.198
2024,-16.6,202.298
2025,-16.8,202.398
2026,-16.8,202.498
2027,-16.6,202.597
2028,-16.6,202.698
2029,-16.6,202.797
2030,-16.6,202.898
2031,-16.6,202.998
2032,-16.8,203.098
2033,-16.8,203.198
2034,-16.8,203.298
2035,-16.6,203.398
2036,-16.8,203.498
2037,-16.6,203.598
2038,-16.6,203.698
2039,-16.6,203.798
2040,-16.6,203.898
2041,-16.6,203.999
2042,-16.6,204.098
2043,-16.6,204.198
2044,-16.6,204.297
2045,-16.6,204.398
2046,-16.6,204.499
2047,-16.6,204.598
2048,-16.6,204.698
2049,-16.6,204.798
2050,-16.6,204.898
2051,-16.6,205.001
2052,-16.6,205.099
2053,-16.6,205.201
2054,-16.6,205.299
2055,-16.6,205.4
2056,-16.6,205.503
2057,-16.6,205.604
2058,-16.6,205.701
2059,-16.6,205.802
2060,-16.6,205.901
2061,-16.6,206.001
2062,-16.6,206.102
2063,-16.6,206.2
2064,-16.6,206.299
2065,-16.6,206.402
2066,-16.6,206.502
2067,-16.6,206.6
2068,-16.6,206.7
2069,-16.6,206.799
2070,-16.6,206.899
2071,-16.6,206.999
2072,-16.6,207.099
2073,-16.6,207.199
2074,-16.6,207.299
2075,-16.6,207.401
2076,-16.6,207.501
2077,-16.6,207.599
2078,-16.6,207.698
2079,-16.6,207.798
2080,-16.6,207.898
2081,-16.6,207.999
2082,-16.6,208.098
2083,-16.6,208.198
2084,-16.6,208.298
2085,-16.6,208.398
2086,-16.6,208.501
2087,-16.6,208.598
2088,-16.6,208.698
2089,-16.6,208.799
2090,-16.6,208.898
2091,-16.6,208.999
2092,-16.6,209.098
2093,-16.6,209.198
2094,-16.6,209.298
2095,-16.6,209.398
2096,-16.6,209.499
2097,-16.6,209.598
2098,-16.6,209.698
2099,-16.6,209.798
2100,-16.6,209.897
2101,-16.6,209.999
2102,-16.6,210.097
2103,-16.6,210.198
2104,-16.6,210.298
2105,-16.6,210.398
2106,-16.6,210.498
2107,-16.6,210.597
2108,-16.6,210.698
2109,-16.6,210.798
2110,-16.6,210.897
2111,-16.6,211.002
2112,-16.6,211.1
2113,-16.6,211.198
2114,-16.6,211.3
2115,-16.6,211.399
2116,-16.6,211.499
2117,-16.6,211.599
2118,-16.6,211.698
2119,-16.6,211.798
2120,-16.6,211.899
2121,-16.6,211.999
2122,-16.6,212.098
2123,-16.6,212.198
2124,-16.6,212.297
2125,-16.6,212.398
2126,-16.6,212.499
2127,-16.6,212.598
2128,-16.6,212.698
2129,-16.6,212.797
2130,-16.6,212.898
2131,-16.6,213
2132,-16.6,213.098
2133,-16.6,213.199
2134,-16.6,213.297
2135,-16.6,213.398
2136,-16.6,213.5
2137,-16.6,213.6
2138,-16.6,213.698
2139,-16.6,213.799
2140,-16.6,213.898
2141,-16.6,213.999
2142,-16.6,214.098
2143,-16.6,214.198
2144,-16.6,214.3
2145,-16.6,214.403
2146,-16.6,214.504
2147,-16.6,214.605
2148,-16.6,214.699
2149,-16.6,214.798
2150,-16.6,214.899
2151,-16.6,214.999
2152,-16.6,215.098
2153,-16.6,215.198
2154,-16.6,215.299
2155,-16.6,215.398
2156,-16.6,215.499
2157,-16.6,215.598
2158,-16.6,215.698
2159,-16.6,215.798
2160,-16.6,215.898
2161,-16.6,216
2162,-16.6,216.099
2163,-16.6,216.199
2164,-16.6,216.298
2165,-16.6,216.398
2166,-16.6,216.499
2167,-16.6,216.598
2168,-16.6,216.698
2169,-16.6,216.802
2170,-16.6,216.897
2171,-16.6,216.999
2172,-16.6,217.098
2173,-16.6,217.198
2174,-16.6,217.297
2175,-16.6,217.398
2176,-16.6,217.5
2177,-16.6,217.598
2178,-16.6,217.698
2179,-16.6,217.798
2180,-16.6,217.898
2181,-16.6,218.004
2182,-16.6,218.101
2183,-16.6,218.199
2184,-16.6,218.298
2185,-16.6,218.398
2186,-16.6,218.501
2187,-16.6,218.598
2188,-16.6,218.699
2189,-16.6,218.801
2190,-16.6,218.9
2191,-16.6,218.999
2192,-16.6,219.099
2193,-16.6,219.199
2194,-16.4,219.299
2195,-16.4,219.398
2196,-16.4,219.502
2197,-16.4,219.602
2198,-16.4,219.699
2199,-16.6,219.798
2200,-16.6,219.898
2201,-16.6,219.999
2202,-16.6,220.098
2203,-16.6,220.198
2204,-16.6,220.298
2205,-16.4,220.398
2206,-16.4,220.5
2207,-16.4,220.598
2208,-16.4,220.697
2209,-16.4,220.798
2210,-16.6,220.898
2211,-16.6,220.999
2212,-16.4,221.1
2213,-16.4,221.198
2214,-16.4,221.297
2215,-16.4,221.398
2216,-16.4,221.5
2217,-16.4,221.598
2218,-16.4,221.698
2219,-16.4,221.798
2220,-16.4,221.898
2221,-16.4,221.999
2222,-16.4,222.099
2223,-16.4,222.198
2224,-16.4,222.301
2225,-16.4,222.399
2226,-16.4,222.5
2227,-16.4,222.598
2228,-16.4,222.698
2229,-16.4,222.798
2230,-16.4,222.899
2231,-16.4,223.002
2232,-16.6,223.102
2233,-17.8,223.201
2234,-20,223.302
2235,-23,223.402
2236,-25.2,223.502
2237,-25.2,223.601
2238,-25.6,223.7
2239,-25.4,223.8
2240,-25.2,223.9
2241,-25,224.001
2242,-24.8,224.102
2243,-24.8,224.202
2244,-24.8,224.302
2245,-24.6,224.401
2246,-24.4,224.505
2247,-24.4,224.602
2248,-24.4,224.7
2249,-24.2,224.799
2250,-24.2,224.898
2251,-24.2,225
2252,-24.2,225.099
2253,-24,225.199
2254,-24,225.299
2255,-24,225.399
2256,-24,225.5
2257,-23.8,225.598
2258,-23.8,225.699
2259,-23.8,225.798
2260,-23.8,225.899
2261,-23.8,225.999
2262,-23.8,226.099
2263,-23.6,226.199
2264,-23.6,226.299
2265,-23.6,226.398
2266,-23.6,226.5
2267,-23.6,226.6
2268,-23.4,226.698
2269,-23.4,226.8
2270,-23.4,226.899
2271,-23.4,226.999
2272,-23.4,227.098
2273,-23.4,227.2
2274,-23.4,227.298
2275,-23.4,227.398
2276,-23.4,227.499
2277,-23.4,227.599
2278,-23.2,227.7
2279,-23.2,227.798
2280,-23.2,227.899
2281,-23.2,228
2282,-23.2,228.099
2283,-23.2,228.199
2284,-23.2,228.299
2285,-23.2,228.398
2286,-23.2,228.499
2287,-23.2,228.598
2288,-23.2,228.698
2289,-23.2,228.798
2290,-23.2,228.898
2291,-23.2,229
2292,-23.2,229.099
2293,-23,229.2
2294,-23,229.298
2295,-23,229.398
2296,-23,229.499
2297,-23,229.598
2298,-23,229.698
2299,-23,229.798
2300,-23,229.898
2301,-23,229.999
2302,-23,230.098
2303,-23,230.199
2304,-23,230.299
2305,-23,230.398
2306,-23,230.499
2307,-23,230.598
2308,-22.8,230.698
2309,-22.8,230.798
2310,-22.8,230.898
2311,-22.8,230.999
2312,-22.8,231.099
2313,-22.8,231.198
2314,-22.8,231.298
2315,-22.8,231.398
2316,-22.8,231.499
2317,-22.8,231.599
2318,-22.8,231.699
2319,-22.8,231.798
2320,-22.8,231.898
2321,-22.8,231.999
2322,-22.8,232.1
2323,-22.8,232.198
2324,-22.8,232.299
2325,-22.8,232.398
2326,-22.8,232.5
2327,-22.8,232.599
2328,-22.8,232.699
2329,-22.8,232.799
2330,-22.6,232.902
2331,-22.6,232.999
2332,-22.6,233.101
2333,-22.6,233.2
2334,-22.6,233.3
2335,-22.6,233.401
2336,-22.6,233.499
2337,-22.6,233.599
2338,-22.6,233.701
2339,-22.6,233.8
2340,-22.6,233.899
2341,-22.6,233.999
2342,-22.6,234.099
2343,-22.6,234.199
2344,-22.6,234.301
2345,-22.6,234.4
2346,-22.6,234.498
2347,-22.6,234.601
2348,-22.6,234.701
2349,-22.6,234.798
2350,-22.4,234.898
2351,-22.4,234.999
2352,-22.4,235.098
2353,-22.4,235.198
2354,-22.4,235.297
2355,-22.4,235.398
2356,-22.4,235.499
2357,-22.4,235.598
2358,-22.4,235.698
2359,-22.4,235.798
2360,-22.4,235.898
2361,-22.4,236
2362,-22.4,236.098
2363,-22.4,236.198
2364,-22.4,236.298
2365,-22.4,236.399
2366,-22.4,236.499
2367,-22.4,236.598
2368,-22.4,236.698
2369,-22.4,236.8
2370,-22.4,236.898
2371,-22.4,236.999
2372,-22.4,237.099
2373,-22.4,237.198
2374,-22.4,237.298
2375,-22.4,237.398
2376,-22.4,237.499
2377,-22.4,237.598
2378,-22.4,237.698
2379,-22.4,237.798
2380,-22.4,237.899
2381,-22.4,238
2382,-22.2,238.098
2383,-22.2,238.2
2384,-22.2,238.299
2385,-22.2,238.4
2386,-22.2,238.5
2387,-22.2,238.599
2388,-22.2,238.698
2389,-22.2,238.798
2390,-22.2,238.898
2391,-22.2,239.001
2392,-22.2,239.1
2393,-22.2,239.198
2394,-22.2,239.299
2395,-22.2,239.399
2396,-22.2,239.5
2397,-22.2,239.599
2398,-22.2,239.699
2399,-22.2,239.798
2400,-22.2,239.899
2401,-22.2,239.999
2402,-22.2,240.098
2403,-22.2,240.199
2404,-22.2,240.299
2405,-22.2,240.398
2406,-22.2,240.499
2407,-22.2,240.598
2408,-22.2,240.698
2409,-22.2,240.798
2410,-22.2,240.898
2411,-22.2,240.999
2412,-22.2,241.099
2413,-22.2,241.2
2414,-22.2,241.298
2415,-22.2,241.399
2416,-22.2,241.499
2417,-22.2,241.598
2418,-22.2,241.699
2419,-22.2,241.801
2420,-22.2,241.94
2421,-22.2,242.002
2422,-22.2,242.101
2423,-22.2,242.2
2424,-22.2,242.3
2425,-22.2,242.401
2426,-22.2,242.508
2427,-22.2,242.603
2428,-22.2,242.699
2429,-22.2,242.798
2430,-22.2,242.898
2431,-22.2,242.999
2432,-22.2,243.098
2433,-22.2,243.198
2434,-22,243.298
2435,-22,243.398
2436,-22,243.499
2437,-22,243.598
2438,-22,243.699
2439,-22,243.799
2440,-22,243.898
2441,-22,243.999
2442,-22,244.099
2443,-22,244.198
2444,-22,244.298
2445,-22,244.398
2446,-22,244.499
2447,-22,244.598
2448,-22,244.698
2449,-22,244.798
2450,-22,244.898
2451,-22,244.999
2452,-22,245.098
2453,-22,245.2
2454,-22,245.298
2455,-22,245.398
2456,-22,245.499
2457,-22,245.598
2458,-22,245.699
2459,-22,245.798
2460,-22,245.898
2461,-22,245.999
2462,-22,246.098
2463,-22,246.198
2464,-22,246.297
2465,-22,246.398
2466,-22,246.499
2467,-22,246.598
2468,-22,246.697
2469,-22,246.798
2470,-22,246.898
2471,-22,246.999
2472,-22,247.098
2473,-22,247.198
2474,-22,247.298
2475,-22,247.399
2476,-22,247.499
2477,-22,247.598
2478,-22,247.698
2479,-22,247.798
2480,-22,247.898
2481,-22,247.999
2482,-22,248.098
2483,-22,248.199
2484,-22,248.298
2485,-22,248.398
2486,-22,248.499
2487,-22,248.598
2488,-21.8,248.698
2489,-21.8,248.798
2490,-22,248.899
2491,-22,248.999
2492,-21.8,249.097
2493,-21.8,249.198
2494,-21.8,249.298
2495,-21.8,249.398
2496,-21.8,249.499
2497,-21.8,249.598
2498,-21.8,249.698
2499,-21.8,249.798
2500,-21.8,249.898
2501,-21.8,249.999
2502,-21.8,250.098
2503,-21.8,250.199
2504,-21.8,250.297
2505,-21.8,250.398
2506,-21.8,250.499
2507,-21.8,250.598
2508,-21.8,250.698
2509,-21.8,250.798
2510,-21.8,250.898
2511,-21.8,251
2512,-21.8,251.098
2513,-21.8,251.198
2514,-21.8,251.299
2515,-21.8,251.398
2516,-21.8,251.499
2517,-21.8,251.598
2518,-21.8,251.698
2519,-21.8,251.798
2520,-21.8,251.899
2521,-21.8,251.999
2522,-21.8,252.098
2523,-21.8,252.199
2524,-21.8,252.298
2525,-21.8,252.398
2526,-21.8,252.499
2527,-21.8,252.598
2528,-21.8,252.699
2529,-21.8,252.798
2530,-21.8,252.898
2531,-21.8,252.999
2532,-21.8,253.098
2533,-21.8,253.198
2534,-21.8,253.298
2535,-21.8,253.398
2536,-21.8,253.498
2537,-21.8,253.599
2538,-21.8,253.699
2539,-21.8,253.798
2540,-21.8,253.898
2541,-21.8,253.999
2542,-21.8,254.098
2543,-21.8,254.198
2544,-21.8,254.298
2545,-21.8,254.398
2546,-21.8,254.498
2547,-21.8,254.598
2548,-21.8,254.698
2549,-21.8,254.799
2550,-21.8,254.899
2551,-21.8,254.999
2552,-21.8,255.099
2553,-21.8,255.198
2554,-21.8,255.299
2555,-21.8,255.398
2556,-21.8,255.5
2557,-21.8,255.599
2558,-21.8,255.698
2559,-21.8,255.798
2560,-21.8,255.899
2561,-21.8,255.999
2562,-21.8,256.099
2563,-21.8,256.199
2564,-21.8,256.298
2565,-21.8,256.399
2566,-21.8,256.499
2567,-21.6,256.599
2568,-21.6,256.699
2569,-21.6,256.798
2570,-21.6,256.898
2571,-21.6,257
2572,-21.6,257.099
2573,-21.6,257.199
2574,-21.6,257.299
2575,-21.6,257.399
2576,-21.6,257.5
2577,-21.6,257.599
2578,-21.6,257.699
2579,-21.6,257.799
2580,-21.6,257.898
2581,-21.6,257.999
2582,-21.6,258.099
2583,-21.6,258.198
2584,-21.6,258.298
2585,-21.6,258.399
2586,-21.6,258.5
2587,-21.6,258.599
2588,-21.6,258.698
2589,-21.6,258.798
2590,-21.6,258.898
2591,-21.6,259
2592,-21.6,259.098
2593,-21.6,259.199
2594,-21.6,259.298
2595,-21.6,259.398
2596,-21.6,259.499
2597,-21.6,259.598
2598,-21.6,259.699
2599,-21.6,259.799
2600,-21.6,259.898
2601,-21.6,260
2602,-21.6,260.099
2603,-21.6,260.199
2604,-21.6,260.298
2605,-21.6,260.398
2606,-21.6,260.5
2607,-21.6,260.599
2608,-21.6,260.698
2609,-21.6,260.799
2610,-21.6,260.898
2611,-21.6,260.999
2612,-21.6,261.098
2613,-21.6,261.199
2614,-21.6,261.299
2615,-21.6,261.398
2616,-21.6,261.499
2617,-21.6,261.599
2618,-21.6,261.699
2619,-21.6,261.798
2620,-21.6,261.899
2621,-21.6,261.999
2622,-21.6,262.098
2623,-21.6,262.199
2624,-21.6,262.299
2625,-21.6,262.398
2626,-21.6,262.5
2627,-21.6,262.599
2628,-21.6,262.699
2629,-21.6,262.798
2630,-21.6,262.898
2631,-21.6,262.999
2632,-21.6,263.098
2633,-21.6,263.198
2634,-21.6,263.3
2635,-21.6,263.399
2636,-21.6,263.499
2637,-21.6,263.599
2638,-21.6,263.701
2639,-21.6,263.799
2640,-21.6,263.9
2641,-21.6,263.999
2642,-21.4,264.099
2643,-21.4,264.199
2644,-21.4,264.299
2645,-21.4,264.398
2646,-21.4,264.5
2647,-21.4,264.598
2648,-21.4,264.698
2649,-21.4,264.799
2650,-21.4,264.898
2651,-21.4,265
2652,-21.4,265.098
2653,-21.4,265.199
2654,-21.4,265.299
2655,-21.4,265.398
2656,-21.4,265.499
2657,-21.4,265.598
2658,-21.4,265.698
2659,-21.4,265.798
2660,-21.4,265.898
2661,-21.4,266
2662,-21.4,266.098
2663,-21.4,266.199
2664,-21.4,266.299
2665,-21.4,266.399
2666,-21.4,266.5
2667,-21.4,266.599
2668,-21.4,266.698
2669,-21.4,266.798
2670,-21.4,266.899
2671,-21.4,267
2672,-21.4,267.099
2673,-21.4,267.198
2674,-21.4,267.298
2675,-21.4,267.399
2676,-21.4,267.5
2677,-21.4,267.598
2678,-21.4,267.699
2679,-21.4,267.798
2680,-21.4,267.898
2681,-21.4,267.999
2682,-21.4,268.1
2683,-21.4,268.198
2684,-21.4,268.298
2685,-21.4,268.399
2686,-21.4,268.5
2687,-21.4,268.598
2688,-21.4,268.698
2689,-21.4,268.798
2690,-21.4,268.898
2691,-21.4,269
2692,-21.4,269.099
2693,-21.4,269.198
2694,-21.4,269.299
2695,-21.4,269.398
2696,-21.4,269.5
2697,-21.4,269.599
2698,-21.4,269.698
2699,-21.4,269.798
2700,-21.4,269.898
2701,-21.4,270
2702,-21.4,270.098
2703,-21.4,270.199
2704,-21.4,270.299
2705,-21.4,270.399
2706,-21.4,270.5
2707,-21.4,270.599
2708,-21.4,270.699
2709,-21.4,270.799
2710,-21.4,270.898
2711,-21.4,271
2712,-21.4,271.099
2713,-21.4,271.199
2714,-21.4,271.298
2715,-21.4,271.399
2716,-21.4,271.499
2717,-21.4,271.599
2718,-21.4,271.698
2719,-21.4,271.799
2720,-21.4,271.899
2721,-21.4,272
2722,-21.4,272.098
2723,-21.4,272.198
2724,-21.4,272.298
2725,-21.4,272.399
2726,-21.4,272.5
2727,-21.4,272.598
2728,-21.4,272.698
2729,-21.4,272.798
2730,-21.4,272.899
2731,-21.4,273
2732,-21.4,273.098
2733,-21.4,273.2
2734,-21.4,273.298
2735,-21.4,273.398
2736,-21.4,273.5
2737,-21.4,273.598
2738,-21.4,273.698
2739,-21.4,273.799
2740,-21.4,273.899
2741,-21.4,273.999
2742,-21.4,274.1
2743,-21.4,274.198
2744,-21.4,274.299
2745,-21.4,274.398
2746,-21.4,274.5
2747,-21.4,274.598
2748,-21.4,274.699
2749,-21.4,274.799
2750,-21.4,274.898
2751,-21.4,275
2752,-21.4,275.099
2753,-21.4,275.198
2754,-21.4,275.298
2755,-21.4,275.398
2756,-21.4,275.499
2757,-21.2,275.598
2758,-21.2,275.698
2759,-21,275.798
2760,-20,275.898
2761,-18.6,275.999
2762,-18.6,276.098
2763,-17,276.198
2764,-16,276.298
2765,-15.4,276.398
2766,-15.2,276.499
2767,-15.2,276.598
2768,-15,276.698
2769,-15,276.797
2770,-15,276.898
2771,-15.2,276.999
2772,-15.2,277.098
2773,-15.2,277.198
2774,-15.2,277.298
2775,-15.2,277.398
2776,-15.4,277.498
2777,-15.4,277.598
2778,-15.4,277.698
2779,-15.4,277.798
2780,-15.4,277.898
2781,-15.4,277.999
2782,-15.4,278.098
2783,-15.4,278.197
2784,-15.6,278.298
2785,-15.6,278.397
2786,-15.6,278.498
2787,-15.6,278.597
2788,-15.6,278.698
2789,-15.6,278.798
2790,-15.6,278.897
2791,-15.6,278.998
2792,-15.6,279.098
2793,-15.6,279.198
2794,-15.6,279.298
2795,-15.6,279.398
2796,-15.6,279.499
2797,-15.8,279.598
2798,-15.8,279.698
2799,-15.8,279.798
2800,-15.8,279.898
2801,-15.8,279.999
2802,-15.8,280.099
2803,-15.8,280.199
2804,-15.8,280.299
2805,-15.8,280.401
2806,-15.8,280.499
2807,-15.8,280.599
2808,-15.8,280.699
2809,-15.8,280.799
2810,-15.8,280.901
2811,-15.8,281
2812,-15.8,281.1
2813,-15.8,281.198
2814,-15.8,281.298
2815,-15.8,281.398
2816,-15.8,281.5
2817,-15.8,281.598
2818,-15.8,281.699
2819,-15.8,281.798
2820,-15.8,281.898
2821,-15.8,282
2822,-15.8,282.098
2823,-15.8,282.198
2824,-15.8,282.298
2825,-15.8,282.398
2826,-15.8,282.499
2827,-15.8,282.599
2828,-15.8,282.698
2829,-16,282.798
2830,-16,282.901
2831,-16,282.999
2832,-16,283.098
2833,-16,283.199
2834,-16,283.298
2835,-16,283.398
2836,-16,283.499
2837,-16,283.599
2838,-16,283.698
2839,-16,283.798
2840,-16,283.898
2841,-16,283.999
2842,-16,284.099
2843,-16,284.199
2844,-16,284.298
2845,-16,284.398
2846,-16,284.499
2847,-16,284.599
2848,-16,284.698
2849,-16,284.798
2850,-16,284.898
2851,-16,284.999
2852,-16,285.098
2853,-16,285.198
2854,-16,285.298
2855,-16,285.398
2856,-16,285.5
2857,-16,285.601
2858,-16,285.698
2859,-16,285.798
2860,-16,285.898
2861,-16,285.999
2862,-16,286.098
2863,-16,286.198
2864,-16,286.298
2865,-16,286.398
2866,-16,286.499
2867,-16,286.598
2868,-16,286.698
2869,-16,286.798
2870,-16,286.897
2871,-16,286.999
2872,-16,287.098
2873,-16,287.198
2874,-16,287.298
2875,-16,287.398
2876,-16,287.499
2877,-16,287.598
2878,-16,287.698
2879,-16,287.797
2880,-16,287.898
2881,-16,287.999
2882,-16,288.097
2883,-16,288.197
2884,-16,288.298
2885,-16,288.398
2886,-16,288.501
2887,-16,288.598
2888,-16,288.698
2889,-16,288.798
2890,-16,288.898
2891,-16,289
2892,-16,289.099
2893,-16,289.198
2894,-16,289.302
2895,-16,289.401
2896,-16,289.502
2897,-16,289.603
2898,-16,289.699
2899,-16,289.799
2900,-16,289.899
2901,-16,290
2902,-16,290.098
2903,-16.2,290.198
2904,-16,290.298
2905,-16,290.398
2906,-16,290.5
2907,-16.2,290.599
2908,-16.2,290.699
2909,-16,290.799
2910,-16,290.899
2911,-16,291
2912,-16.2,291.098
2913,-16.2,291.198
2914,-16.2,291.298
2915,-16.2,291.399
2916,-16.2,291.5
2917,-16.2,291.598
2918,-16.2,291.698
2919,-16.2,291.799
2920,-16.2,291.898
2921,-16.2,291.999
2922,-16.2,292.099
2923,-16.2,292.198
2924,-16.2,292.299
2925,-16.2,292.398
2926,-16.2,292.499
2927,-16.2,292.598
2928,-16.2,292.698
2929,-16.2,292.797
2930,-16.2,292.898
2931,-16.2,292.999
2932,-16.2,293.098
2933,-16.2,293.197
2934,-16.2,293.299
2935,-16.2,293.399
2936,-16.2,293.5
2937,-16.2,293.597
2938,-16.2,293.698
2939,-16.2,293.8
2940,-16.2,293.899
2941,-16.2,294.001
2942,-16.2,294.101
2943,-16.2,294.199
2944,-16.2,294.298
2945,-16.2,294.399
2946,-16.2,294.499
2947,-16.2,294.6
2948,-16.2,294.699
2949,-16.2,294.802
2950,-16.2,294.899
2951,-16.2,294.999
2952,-16.2,295.1
2953,-16.2,295.199
2954,-16.2,295.298
2955,-16.2,295.4
2956,-16.2,295.499
2957,-16.2,295.6
2958,-16.2,295.7
2959,-16.2,295.798
2960,-16.2,295.899
2961,-16.2,295.999
2962,-16.2,296.1
2963,-16.2,296.199
2964,-16.2,296.3
2965,-16.2,296.4
2966,-16.2,296.499
2967,-16.2,296.599
2968,-16.2,296.699
2969,-16.2,296.798
2970,-16.2,296.899
2971,-16.2,297
2972,-16.2,297.098
2973,-16.2,297.2
2974,-16.2,297.299
2975,-16.2,297.398
2976,-16.2,297.499
2977,-16.2,297.598
2978,-16.2,297.699
2979,-16.2,297.798
2980,-16.2,297.899
2981,-16.2,297.999
2982,-16.2,298.098
2983,-16.2,298.2
2984,-16.2,298.298
2985,-16.2,298.399
2986,-16.2,298.5
2987,-16.2,298.599
2988,-16.2,298.698
2989,-16.2,298.798
2990,-16.2,298.899
2991,-16.2,298.999
2992,-16.2,299.099
2993,-16.2,299.198
2994,-16.2,299.3
2995,-16.2,299.399
2996,-16.2,299.5
2997,-16.2,299.598
2998,-16.2,299.699
2999,-16.2,299.799
3000,-16.2,299.898
3001,-16.2,300.001
3002,-16.2,300.099
3003,-16.2,300.198
3004,-16.2,300.299
3005,-16.2,300.4
3006,-16.2,300.5
3007,-16.2,300.599
3008,-16.2,300.701
3009,-16.2,300.798
3010,-16.2,300.898
3011,-16.2,301
3012,-16.2,301.1
3013,-16.2,301.199
3014,-16.2,301.298
3015,-16.2,301.398
3016,-16.2,301.499
3017,-16.2,301.598
3018,-16.2,301.699
3019,-16.2,301.798
3020,-16.2,301.898
3021,-16.2,302.001
3022,-16.2,302.1
3023,-16.2,302.198
3024,-16.2,302.298
3025,-16.2,302.4
3026,-16.2,302.499
3027,-16.2,302.599
3028,-16.2,302.698
3029,-16.2,302.8
3030,-16.2,302.899
3031,-16.2,302.999
3032,-16.2,303.098
3033,-16.2,303.199
3034,-16.2,303.298
3035,-16.2,303.398
3036,-16.2,303.501
3037,-16.2,303.6
3038,-16.2,303.699
3039,-16.2,303.798
3040,-16.2,303.898
3041,-16.2,304
3042,-16.2,304.098
3043,-16.2,304.199
3044,-16.2,304.298
3045,-16.2,304.398
3046,-16.2,304.502
3047,-16.2,304.599
3048,-16.2,304.698
3049,-16.2,304.799
3050,-16.2,304.898
3051,-16.2,304.999
3052,-16.2,305.098
3053,-16.2,305.198
3054,-16.2,305.298
3055,-16.2,305.398
3056,-16.2,305.5
3057,-16.2,305.6
3058,-16.2,305.698
3059,-16.2,305.799
3060,-16.2,305.901
3061,-16.2,306
3062,-16.2,306.099
3063,-16.2,306.198
3064,-16.2,306.298
3065,-16.2,306.4
3066,-16.2,306.499
3067,-16.2,306.6
3068,-16.2,306.699
3069,-16.2,306.798
3070,-16.2,306.898
3071,-16.2,307
3072,-16.2,307.099
3073,-16.2,307.199
3074,-16.2,307.3
3075,-16.2,307.398
3076,-16.2,307.499
3077,-16.2,307.598
3078,-16.2,307.698
3079,-16.2,307.798
3080,-16.2,307.899
3081,-16.2,307.999
3082,-16.2,308.105
3083,-16.2,308.199
3084,-16.2,308.299
3085,-16.2,308.398
3086,-16.2,308.499
3087,-16.2,308.598
3088,-16.2,308.698
3089,-16.2,308.798
3090,-16.2,308.898
3091,-16.2,308.999
3092,-16.2,309.099
3093,-16.2,309.198
3094,-16.2,309.299
3095,-16.2,309.398
3096,-16.2,309.499
3097,-16.2,309.599
3098,-16.2,309.699
3099,-16.2,309.799
3100,-16.2,309.898
3101,-16.2,309.998
3102,-16.2,310.099
3103,-16.2,310.198
3104,-16.2,310.298
3105,-16.2,310.398
3106,-16.2,310.499
3107,-16.2,310.598
3108,-16.2,310.698
3109,-16.2,310.798
3110,-16.2,310.898
3111,-16.2,310.999
3112,-16.2,311.098
3113,-16.2,311.198
3114,-16.2,311.298
3115,-16.2,311.398
3116,-16.2,311.499
3117,-16.2,311.597
3118,-16.2,311.698
3119,-16.2,311.798
3120,-16.2,311.898
3121,-16.2,311.999
3122,-16.2,312.099
3123,-16.2,312.198
3124,-16.2,312.299
3125,-16.2,312.398
3126,-16.2,312.499
3127,-16.2,312.598
3128,-16.2,312.698
3129,-16.2,312.798
3130,-16.2,312.898
3131,-16.2,312.999
3132,-16.2,313.098
3133,-16.2,313.199
3134,-16.2,313.298
3135,-16.2,313.398
3136,-16.2,313.499
3137,-16.2,313.598
3138,-16.2,313.698
3139,-16.2,313.798
3140,-16.2,313.898
3141,-16.2,313.999
3142,-16.2,314.098
3143,-16.2,314.198
3144,-16.2,314.298
3145,-16.2,314.398
3146,-16.2,314.5
3147,-16.2,314.598
3148,-16.2,314.698
3149,-16.2,314.797
3150,-16.2,314.898
3151,-16.2,314.999
3152,-16.2,315.098
3153,-16.2,315.197
3154,-16.2,315.298
3155,-16.2,315.398
3156,-16.2,315.5
3157,-16.2,315.597
3158,-16.2,315.698
3159,-16.2,315.798
3160,-16.2,315.898
3161,-16.2,315.999
3162,-16.2,316.098
3163,-16.2,316.198
3164,-16.2,316.301
3165,-16.2,316.404
3166,-16.2,316.499
3167,-16.2,316.598
3168,-16.2,316.699
3169,-16.2,316.799
3170,-16.2,316.898
3171,-16.2,316.999
3172,-16.2,317.099
3173,-16.2,317.198
3174,-16.2,317.298
3175,-16.2,317.398
3176,-16.2,317.499
3177,-16.2,317.598
3178,-16.2,317.698
3179,-16.2,317.799
3180,-16.2,317.898
3181,-16.2,317.999
3182,-16.2,318.098
3183,-16.2,318.198
3184,-16.2,318.298
3185,-16.2,318.398
3186,-16.2,318.499
3187,-16.2,318.597
3188,-16.2,318.698
3189,-16.2,318.798
3190,-16.2,318.899
3191,-16.2,318.999
3192,-16.2,319.098
3193,-16.2,319.198
3194,-16.2,319.298
3195,-16.2,319.398
3196,-16.2,319.499
3197,-16.2,319.598
3198,-16.2,319.697
3199,-16.2,319.798
3200,-16.2,319.899
3201,-16.2,319.999
3202,-16.2,320.098
3203,-16.2,320.198
3204,-16.2,320.298
3205,-16.2,320.398
3206,-16.2,320.499
3207,-16.2,320.598
3208,-16.2,320.698
3209,-16.2,320.798
3210,-16.2,320.898
3211,-16.2,320.998
3212,-16.2,321.098
3213,-16.4,321.199
3214,-16.2,321.299
3215,-16.2,321.398
3216,-16.2,321.499
3217,-16.2,321.598
3218,-16.2,321.698
3219,-16.2,321.798
3220,-16.2,321.898
3221,-16.2,321.999
3222,-16,322.098
3223,-16,322.199
3224,-15,322.298
3225,-13.8,322.398
3226,-12.6,322.499
3227,-11,322.598
3228,-9.4,322.698
3229,-9.4,322.798
3230,-7.8,322.897
3231,-6.2,322.999
3232,-4.6,323.098
3233,-4.2,323.198
3234,-4,323.297
3235,-4,323.398
3236,-3.4,323.499
3237,-3.4,323.597
3238,-3.4,323.698
3239,-3.6,323.798
3240,-3.6,323.898
3241,-3.6,324
3242,-3.8,324.098
3243,-3.8,324.198
3244,-4,324.298
3245,-4,324.398
3246,-4,324.499
3247,-4,324.597
3248,-4.2,324.698
3249,-4.2,324.798
3250,-4.2,324.898
3251,-4.2,324.999
3252,-4.2,325.098
3253,-4.4,325.198
3254,-4.4,325.298
3255,-4.4,325.398
3256,-4.4,325.5
3257,-4.4,325.598
3258,-4.4,325.698
3259,-4.4,325.797
3260,-4.6,325.898
3261,-4.6,325.999
3262,-4.6,326.113
3263,-4.6,326.201
3264,-4.6,326.298
3265,-4.6,326.398
3266,-4.6,326.499
3267,-4.6,326.598
3268,-4.6,326.698
3269,-4.8,326.798
3270,-4.8,326.898
3271,-4.8,326.999
3272,-4.8,327.098
3273,-4.8,327.198
3274,-4.8,327.298
3275,-4.8,327.398
3276,-4.8,327.498
3277,-4.8,327.598
3278,-4.8,327.698
3279,-4.8,327.798
3280,-4.8,327.898
3281,-4.8,328
3282,-4.8,328.098
3283,-4.8,328.198
3284,-4.8,328.298
3285,-5,328.398
3286,-5,328.499
3287,-5,328.598
3288,-5,328.698
3289,-5,328.798
3290,-5,328.898
3291,-5,329.001
3292,-5,329.098
3293,-5,329.198
3294,-5,329.298
3295,-5,329.398
3296,-5,329.502
3297,-5,329.602
3298,-5,329.701
3299,-5,329.798
3300,-5,329.898
3301,-5,330
3302,-5,330.099
3303,-5,330.198
3304,-5,330.299
3305,-5,330.398
3306,-5,330.499
3307,-5.2,330.598
3308,-5.2,330.698
3309,-5.2,330.798
3310,-5.2,330.898
3311,-5.2,330.999
3312,-5.2,331.098
3313,-5.2,331.197
3314,-5.2,331.298
3315,-5.2,331.398
3316,-5.2,331.499
3317,-5.2,331.598
3318,-5.2,331.698
3319,-5.2,331.798
3320,-5.2,331.898
3321,-5.2,331.998
3322,-5.2,332.098
3323,-5.2,332.198
3324,-5.2,332.299
3325,-5.2,332.398
3326,-5.2,332.499
3327,-5.2,332.598
3328,-5.2,332.698
3329,-5.2,332.798
3330,-5.2,332.898
3331,-5.2,332.999
3332,-5.2,333.098
3333,-5.2,333.198
3334,-5.2,333.298
3335,-5.2,333.398
3336,-5.2,333.499
3337,-5.2,333.598
3338,-5.4,333.698
3339,-5.4,333.799
3340,-5.4,333.898
3341,-5.4,333.999
3342,-5.4,334.098
3343,-5.4,334.198
3344,-5.4,334.297
3345,-5.4,334.398
3346,-5.4,334.499
3347,-5.4,334.598
3348,-5.4,334.698
3349,-5.4,334.799
3350,-5.4,334.898
3351,-5.4,334.999
3352,-5.4,335.098
3353,-5.4,335.2
3354,-5.4,335.299
3355,-5.4,335.398
3356,-5.4,335.5
3357,-5.4,335.601
3358,-5.4,335.7
3359,-5.4,335.799
3360,-5.4,335.898
3361,-5.4,335.999
3362,-5.4,336.098
3363,-5.4,336.198
3364,-5.4,336.298
3365,-5.4,336.398
3366,-5.4,336.499
3367,-5.4,336.598
3368,-5.4,336.698
3369,-5.4,336.797
3370,-5.4,336.898
3371,-5.4,336.999
3372,-5.4,337.098
3373,-5.4,337.198
3374,-5.4,337.297
3375,-5.4,337.398
3376,-5.4,337.498
3377,-5.4,337.597
3378,-5.4,337.698
3379,-5.4,337.798
3380,-5.4,337.898
3381,-5.4,337.999
3382,-5.4,338.098
3383,-5.4,338.202
3384,-5.4,338.301
3385,-5.4,338.399
3386,-5.4,338.503
3387,-5.6,338.602
3388,-5.6,338.699
3389,-5.6,338.798
3390,-5.6,338.898
3391,-5.6,338.999
3392,-5.6,339.098
3393,-5.6,339.198
3394,-5.6,339.298
3395,-5.6,339.398
3396,-5.6,339.499
3397,-5.6,339.598
3398,-5.6,339.698
3399,-5.6,339.798
3400,-5.6,339.898
3401,-5.6,339.999
3402,-5.6,340.098
3403,-5.6,340.198
3404,-5.6,340.298
3405,-5.6,340.398
3406,-5.6,340.499
3407,-5.6,340.597
3408,-5.6,340.698
3409,-5.6,340.798
3410,-5.6,340.898
3411,-5.6,340.999
3412,-5.6,341.097
3413,-5.6,341.197
3414,-5.6,341.298
3415,-5.6,341.398
3416,-5.6,341.499
3417,-5.6,341.598
3418,-5.6,341.698
3419,-5.6,341.798
3420,-5.6,341.898
3421,-5.6,342.001
3422,-5.6,342.098
3423,-5.6,342.198
3424,-5.6,342.298
3425,-5.6,342.398
3426,-5.6,342.499
3427,-5.6,342.598
3428,-5.6,342.698
3429,-5.6,342.798
3430,-5.6,342.898
3431,-5.6,342.999
3432,-5.6,343.098
3433,-5.6,343.198
3434,-5.6,343.298
3435,-5.6,343.398
3436,-5.6,343.498
3437,-5.6,343.598
3438,-5.6,343.698
3439,-5.6,343.798
3440,-5.6,343.898
3441,-5.6,343.999
3442,-5.6,344.098
3443,-5.6,344.198
3444,-5.6,344.298
3445,-5.6,344.398
3446,-5.6,344.499
3447,-5.6,344.598
3448,-5.6,344.698
3449,-5.6,344.8
3450,-5.6,344.901
3451,-5.6,344.999
3452,-5.6,345.101
3453,-5.6,345.2
3454,-5.6,345.3
3455,-5.6,345.399
3456,-5.6,345.499
3457,-5.6,345.599
3458,-5.8,345.699
3459,-5.8,345.798
3460,-5.6,345.898
3461,-5.6,346.001
3462,-5.8,346.1
3463,-5.8,346.2
3464,-5.6,346.298
3465,-5.6,346.399
3466,-5.8,346.5
3467,-5.8,346.6
3468,-5.8,346.699
3469,-5.8,346.799
3470,-5.8,346.899
3471,-5.8,346.999
3472,-5.8,347.099
3473,-5.8,347.198
3474,-5.8,347.298
3475,-5.8,347.399
3476,-5.8,347.5
3477,-5.8,347.599
3478,-5.8,347.699
3479,-5.8,347.798
3480,-5.8,347.899
3481,-5.8,348
3482,-5.8,348.099
3483,-5.8,348.198
3484,-5.8,348.298
3485,-5.8,348.398
3486,-5.8,348.499
3487,-5.8,348.598
3488,-5.8,348.699
3489,-5.8,348.798
3490,-5.8,348.898
3491,-5.8,348.999
3492,-5.8,349.099
3493,-5.8,349.198
3494,-5.8,349.299
3495,-5.8,349.397
3496,-5.8,349.5
3497,-5.8,349.598
3498,-5.8,349.698
3499,-5.8,349.798
3500,-5.8,349.898
3501,-5.8,349.999
3502,-5.8,350.097
3503,-5.8,350.198
3504,-5.8,350.298
3505,-5.8,350.398
3506,-5.8,350.502
3507,-5.8,350.605
3508,-5.8,350.699
3509,-5.8,350.798
3510,-5.8,350.899
3511,-5.8,350.999
3512,-5.8,351.098
3513,-5.8,351.198
3514,-5.8,351.297
3515,-5.8,351.397
3516,-5.8,351.498
3517,-5.8,351.598
3518,-5.8,351.698
3519,-5.8,351.798
3520,-5.8,351.897
3521,-5.8,351.999
3522,-5.8,352.098
3523,-5.8,352.198
3524,-5.8,352.298
3525,-5.8,352.398
3526,-5.8,352.499
3527,-5.8,352.598
3528,-5.8,352.698
3529,-5.8,352.798
3530,-5.8,352.897
3531,-5.8,353
3532,-5.8,353.102
3533,-5.8,353.199
3534,-5.8,353.299
3535,-5.8,353.398
3536,-5.8,353.5
3537,-5.8,353.599
3538,-5.8,353.699
3539,-5.8,353.799
3540,-5.8,353.898
3541,-5.8,354.001
3542,-5.8,354.098
3543,-5.8,354.198
3544,-5.8,354.298
3545,-5.8,354.398
3546,-5.8,354.5
3547,-5.8,354.6
3548,-5.8,354.699
3549,-5.8,354.8
3550,-5.8,354.898
3551,-5.8,355
3552,-5.8,355.098
3553,-5.8,355.198
3554,-5.8,355.299
3555,-5.8,355.4
3556,-5.8,355.498
3557,-5.8,355.6
3558,-5.8,355.702
3559,-5.8,355.799
3560,-5.8,355.899
3561,-5.8,355.999
3562,-5.8,356.1
3563,-5.8,356.199
3564,-5.8,356.3
3565,-5.8,356.402
3566,-5.8,356.502
3567,-5.8,356.6
3568,-5.8,356.698
3569,-5.8,356.799
3570,-5.8,356.898
3571,-5.8,357
3572,-6,357.1
3573,-6,357.202
3574,-6,357.3
3575,-6,357.401
3576,-6,357.499
3577,-6,357.604
3578,-6,357.702
3579,-6,357.803
3580,-6,357.902
3581,-6,357.999
3582,-6,358.098
3583,-6,358.198
3584,-6,358.299
3585,-6,358.399
3586,-6,358.5
3587,-6,358.599
3588,-6,358.699
3589,-6,358.799
3590,-6,358.898
3591,-6,358.999
3592,-6,359.099
3593,-6,359.2
3594,-6,359.3
3595,-6,359.399
3596,-6,359.499
3597,-6,359.599
3598,-6,359.698
3599,-6,359.797
3600,-6,359.898
3601,-6,360
3602,-6,360.097
3603,-6,360.197
3604,-6,360.298
3605,-6,360.398
3606,-6,360.499
3607,-6,360.598
3608,-6,360.698
3609,-6,360.798
3610,-6,360.898
3611,-6,360.999
3612,-6,361.097
3613,-6,361.198
3614,-6,361.297
3615,-6,361.398
3616,-6,361.499
3617,-6,361.598
3618,-6,361.698
3619,-6,361.798
3620,-6,361.898
3621,-6,361.999
3622,-6,362.098
3623,-6,362.198
3624,-6,362.298
3625,-6,362.397
3626,-6,362.499
3627,-6,362.599
3628,-6,362.698
3629,-6,362.798
3630,-6,362.898
3631,-6,362.999
3632,-6,363.098
3633,-6,363.198
3634,-6,363.297
3635,-6,363.398
3636,-6,363.499
3637,-6,363.598
3638,-6,363.699
3639,-6,363.798
3640,-6,363.898
3641,-6,363.999
3642,-6,364.098
3643,-6,364.198
3644,-6,364.298
3645,-6,364.398
3646,-6,364.499
3647,-6,364.598
3648,-6,364.701
3649,-6,364.801
3650,-6,364.9
3651,-6,364.999
3652,-6,365.098
3653,-6,365.199
3654,-6,365.299
3655,-6,365.401
3656,-6,365.499
3657,-6,365.598
3658,-6,365.698
3659,-6,365.798
3660,-6,365.898
3661,-6,365.999
3662,-6,366.098
3663,-6,366.198
3664,-6,366.301
3665,-6,366.398
3666,-6,366.502
3667,-6,366.6
3668,-6,366.699
3669,-6,366.798
3670,-6,366.898
3671,-6,366.999
3672,-6,367.098
3673,-6,367.2
3674,-6,367.298
3675,-6,367.399
3676,-6,367.499
3677,-6,367.598
3678,-6,367.698
3679,-6,367.799
3680,-6,367.898
3681,-6,367.999
3682,-6,368.099
3683,-6,368.199
3684,-6,368.299
3685,-6,368.398
3686,-6,368.499
3687,-6,368.598
3688,-6,368.699
3689,-6,368.799
3690,-6,368.9
3691,-6,369
3692,-6,369.098
3693,-6.2,369.198
3694,-7.4,369.299
3695,-9,369.398
3696,-10.8,369.499
3697,-12.6,369.599
3698,-12.6,369.699
3699,-14.6,369.798
3700,-15.6,369.898
3701,-15.8,370
3702,-15.8,370.099
3703,-15.8,370.199
3704,-15.6,370.298
3705,-15.6,370.399
3706,-15.4,370.5
3707,-15.4,370.599
3708,-15.2,370.699
3709,-15.2,370.799
3710,-15.2,370.899
3711,-15.2,371
3712,-15.2,371.099
3713,-15,371.199
3714,-15,371.298
3715,-15,371.398
3716,-15,371.5
3717,-15,371.599
3718,-15,371.7
3719,-15,371.802
3720,-15,371.899
3721,-15,371.999
3722,-14.8,372.098
3723,-14.8,372.198
3724,-14.8,372.299
3725,-14.8,372.399
3726,-14.8,372.5
3727,-14.8,372.599
3728,-14.8,372.698
3729,-14.8,372.798
3730,-14.8,372.899
3731,-14.8,373
3732,-14.8,373.098
3733,-14.8,373.198
3734,-14.8,373.299
3735,-14.8,373.399
3736,-14.6,373.499
3737,-14.6,373.598
3738,-14.6,373.697
3739,-14.6,373.797
3740,-14.6,373.898
3741,-14.6,373.999
3742,-14.6,374.099
3743,-14.6,374.198
3744,-14.6,374.298
3745,-14.6,374.398
3746,-14.6,374.499
3747,-14.6,374.604
3748,-14.6,374.704
3749,-14.6,374.802
3750,-14.6,374.901
3751,-14.6,374.999
3752,-14.6,375.1
3753,-14.6,375.199
3754,-14.6,375.299
3755,-14.6,375.398
3756,-14.4,375.501
3757,-14.4,375.598
3758,-14.4,375.698
3759,-14.4,375.798
3760,-14.4,375.899
3761,-14.4,375.999
3762,-14.4,376.098
3763,-14.4,376.199
3764,-14.4,376.299
3765,-14.4,376.398
3766,-14.4,376.499
3767,-14.4,376.598
3768,-14.4,376.698
3769,-14.4,376.799
3770,-14.4,376.898
3771,-14.4,377
3772,-14.4,377.098
3773,-14.4,377.199
3774,-14.4,377.298
3775,-14.4,377.399
3776,-14.4,377.5
3777,-14.4,377.598
3778,-14.4,377.698
3779,-14.4,377.798
3780,-14.4,377.898
3781,-14.4,377.999
3782,-14.4,378.099
3783,-14.4,378.199
3784,-14.4,378.299
3785,-14.4,378.398
3786,-14.4,378.499
3787,-14.4,378.599
3788,-14.4,378.698
3789,-14.4,378.799
3790,-14.4,378.899
3791,-14.4,378.999
3792,-14.4,379.099
3793,-14.4,379.198
3794,-14.4,379.299
3795,-14.4,379.398
3796,-14.4,379.499
3797,-14.4,379.598
3798,-14.4,379.697
3799,-14.2,379.799
3800,-14.2,379.899
3801,-14.2,379.999
3802,-14.2,380.099
3803,-14.2,380.199
3804,-14.2,380.299
3805,-14.2,380.399
3806,-14.2,380.5
3807,-14.2,380.598
3808,-14.2,380.7
3809,-14.2,380.798
3810,-14.2,380.898
3811,-14.2,380.999
3812,-14.2,381.099
3813,-14.2,381.199
3814,-14.2,381.299
3815,-14.2,381.399
3816,-14.2,381.5
3817,-14.2,381.598
3818,-14.2,381.7
3819,-14.2,381.799
3820,-14.2,381.899
3821,-14.2,381.999
3822,-14.2,382.1
3823,-14.2,382.199
3824,-14.2,382.298
3825,-14.2,382.399
3826,-14.2,382.499
3827,-14.2,382.599
3828,-14.2,382.698
3829,-14.2,382.798
3830,-14.2,382.898
3831,-14.2,383
3832,-14.2,383.098
3833,-14.2,383.198
3834,-14.2,383.298
3835,-14.2,383.399
3836,-14.2,383.499
3837,-14.2,383.598
3838,-14.2,383.698
3839,-14.2,383.799
3840,-14.2,383.898
3841,-14.2,384
3842,-14.2,384.099
3843,-14.2,384.198
3844,-14.2,384.298
3845,-14.2,384.399
3846,-14.2,384.5
3847,-14.2,384.598
3848,-14.2,384.698
3849,-14.2,384.799
3850,-14.2,384.901
3851,-14.2,384.999
3852,-14.2,385.099
3853,-14.2,385.198
3854,-14.2,385.298
3855,-14.2,385.398
3856,-14.2,385.5
3857,-14.2,385.6
3858,-14.2,385.699
3859,-14.2,385.798
3860,-14.2,385.898
3861,-14.2,385.999
3862,-14.2,386.099
3863,-14.2,386.198
3864,-14.2,386.299
3865,-14.2,386.398
3866,-14.2,386.499
3867,-14.2,386.598
3868,-14.2,386.698
3869,-14.2,386.799
3870,-14.2,386.898
3871,-14.2,387
3872,-14.2,387.098
3873,-14.2,387.198
3874,-14.2,387.298
3875,-14.2,387.398
3876,-14.2,387.5
3877,-14.2,387.598
3878,-14.2,387.699
3879,-14.2,387.798
3880,-14.2,387.899
3881,-14.2,387.999
3882,-14.2,388.098
3883,-14.2,388.198
3884,-14.2,388.298
3885,-14.2,388.399
3886,-14.2,388.499
3887,-14.2,388.599
3888,-14.2,388.703
3889,-14.2,388.799
3890,-14.2,388.899
3891,-14.2,389
3892,-14.2,389.099
3893,-14.2,389.2
3894,-14.2,389.314
3895,-14.2,389.401
3896,-14.2,389.501
3897,-14.2,389.599
3898,-14.2,389.699
3899,-14.2,389.798
3900,-14.2,389.9
3901,-14.2,390
3902,-14.2,390.099
3903,-14.2,390.198
3904,-14,390.298
3905,-14,390.4
3906,-14.2,390.5
3907,-14.2,390.599
3908,-14.2,390.699
3909,-14,390.799
3910,-14.2,390.899
3911,-14.2,391
3912,-14.2,391.099
3913,-14,391.199
3914,-14.2,391.299
3915,-14,391.398
3916,-14.2,391.501
3917,-14.2,391.599
3918,-14,391.698
3919,-14,391.798
3920,-14,391.898
3921,-14,391.999
3922,-14,392.098
3923,-14,392.198
3924,-14,392.298
3925,-14,392.399
3926,-14,392.499
3927,-14,392.598
3928,-14,392.698
3929,-14,392.798
3930,-14,392.898
3931,-14,392.999
3932,-14,393.098
3933,-14,393.198
3934,-14,393.298
3935,-14,393.398
3936,-14,393.499
3937,-14,393.598
3938,-14,393.698
3939,-14,393.798
3940,-14,393.898
3941,-14,393.999
3942,-14,394.098
3943,-14,394.197
3944,-14,394.298
3945,-14,394.398
3946,-14,394.499
3947,-14,394.598
3948,-14,394.698
3949,-14,394.798
3950,-14,394.898
3951,-14,394.999
3952,-14,395.099
3953,-14,395.198
3954,-14,395.298
3955,-14,395.398
3956,-14,395.499
3957,-14,395.598
3958,-14,395.699
3959,-14,395.798
3960,-14,395.898
3961,-14,395.999
3962,-14,396.099
3963,-14,396.199
3964,-14,396.298
3965,-14,396.402
3966,-14,396.499
3967,-14,396.598
3968,-14,396.698
3969,-14,396.798
3970,-14,396.898
3971,-14,397.005
3972,-14,397.099
3973,-14,397.198
3974,-14,397.298
3975,-14,397.398
3976,-14,397.502
3977,-14,397.602
3978,-14,397.702
3979,-14,397.799
3980,-14,397.898
3981,-14,398.003
3982,-14,398.102
3983,-14,398.202
3984,-14,398.302
3985,-14,398.403
3986,-14,398.502
3987,-14,398.6
3988,-14,398.699
3989,-14,398.799
3990,-14,398.898
3991,-14,399.001
3992,-14,399.1
3993,-14,399.2
3994,-14,399.3
3995,-14,399.401
3996,-14,399.5
3997,-14,399.6
3998,-14,399.7
3999,-14,399.799
4000,-14,399.899
4001,-14,400.002
4002,-14,400.1
4003,-14,400.202
4004,-14,400.3
4005,-14,400.401
4006,-14,400.501
4007,-14,400.6
4008,-14,400.7
4009,-14,400.8
4010,-14,400.898
4011,-14,401
4012,-14,401.099
4013,-14,401.198
4014,-14,401.298
4015,-14,401.398
4016,-14,401.499
4017,-14,401.598
4018,-14,401.699
4019,-14,401.799
4020,-14,401.899
4021,-14,402.002
4022,-14,402.1
4023,-14,402.198
4024,-14,402.299
4025,-14,402.398
4026,-14,402.505
4027,-14,402.599
4028,-14,402.698
4029,-14,402.8
4030,-14,402.899
4031,-14,402.999
4032,-14,403.1
4033,-14,403.201
4034,-14,403.299
4035,-14,403.399
4036,-14,403.499
4037,-14,403.6
4038,-14,403.7
4039,-14,403.801
4040,-14,403.901
4041,-14,404.001
4042,-14,404.1
4043,-14,404.199
4044,-14,404.299
4045,-14,404.399
4046,-14,404.501
4047,-14,404.6
4048,-14,404.7
4049,-14,404.8
4050,-14,404.898
4051,-14,404.999
4052,-14,405.099
4053,-14,405.199
4054,-14,405.301
4055,-14,405.399
4056,-14,405.501
4057,-14,405.6
4058,-14,405.699
4059,-14,405.798
4060,-14,405.9
4061,-14,406
4062,-14,406.099
4063,-14,406.2
4064,-14,406.298
4065,-14,406.398
4066,-14,406.499
4067,-14,406.599
4068,-14,406.698
4069,-14,406.798
4070,-14,406.898
4071,-14,406.999
4072,-14,407.098
4073,-14,407.198
4074,-14,407.3
4075,-14,407.398
4076,-14,407.499
4077,-14,407.598
4078,-14,407.7
4079,-14,407.799
4080,-14,407.898
4081,-14,407.999
4082,-14,408.098
4083,-14,408.198
4084,-14,408.298
4085,-14,408.398
4086,-14,408.499
4087,-14,408.598
4088,-14,408.7
4089,-14,408.798
4090,-14,408.898
4091,-14,408.999
4092,-14,409.098
4093,-14,409.2
4094,-14,409.298
4095,-14,409.398
4096,-14,409.499
4097,-14,409.598
4098,-14,409.698
4099,-14,409.798
4100,-14,409.899
4101,-14,409.999
4102,-14,410.098
4103,-14,410.198
4104,-14,410.3
4105,-14,410.401
4106,-14,410.499
4107,-14,410.598
4108,-14,410.698
4109,-14,410.798
4110,-14,410.898
4111,-14,410.999
4112,-14,411.098
4113,-14,411.199
4114,-14,411.298
4115,-15,411.398
4116,-16.8,411.5
4117,-19.2,411.598
4118,-21.4,411.698
4119,-22.2,411.798
4120,-22.2,411.898
4121,-22.2,411.999
4122,-22.2,412.098
4123,-22,412.197
4124,-22,412.299
4125,-21.8,412.398
4126,-21.8,412.499
4127,-21.8,412.598
4128,-21.6,412.698
4129,-21.6,412.797
4130,-21.4,412.898
4131,-21.4,412.999
4132,-21.4,413.098
4133,-21.4,413.198
4134,-21.4,413.298
4135,-21.2,413.398
4136,-21.2,413.499
4137,-21.2,413.598
4138,-21.2,413.698
4139,-21.2,413.798
4140,-21.2,413.897
4141,-21.2,413.999
4142,-21.2,414.099
4143,-21.2,414.198
4144,-21.2,414.298
4145,-21,414.398
4146,-21,414.499
4147,-21,414.598
4148,-21,414.7
4149,-21,414.798
4150,-21,414.898
4151,-21,415
4152,-21,415.098
4153,-21,415.202
4154,-21,415.3
4155,-21,415.398
4156,-21,415.5
4157,-21,415.598
4158,-20.8,415.698
4159,-20.8,415.798
4160,-20.8,415.898
4161,-20.8,416
4162,-20.8,416.098
4163,-20.8,416.198
4164,-20.8,416.298
4165,-20.8,416.398
4166,-20.8,416.499
4167,-20.8,416.598
4168,-20.8,416.698
4169,-20.8,416.798
4170,-20.8,416.898
4171,-20.8,416.999
4172,-20.8,417.098
4173,-20.8,417.198
4174,-20.8,417.298
4175,-20.6,417.398
4176,-20.6,417.499
4177,-20.6,417.598
4178,-20.6,417.698
4179,-20.6,417.798
4180,-20.6,417.898
4181,-20.6,417.999
4182,-20.6,418.097
4183,-20.6,418.198
4184,-20.6,418.298
4185,-20.6,418.398
4186,-20.6,418.499
4187,-20.6,418.598
4188,-20.6,418.698
4189,-20.6,418.798
4190,-20.6,418.898
4191,-20.6,418.999
4192,-20.6,419.098
4193,-20.6,419.198
4194,-20.6,419.298
4195,-20.6,419.398
4196,-20.6,419.499
4197,-20.6,419.598
4198,-20.4,419.698
4199,-20.4,419.798
4200,-20.4,419.899
4201,-20.4,419.999
4202,-20.4,420.098
4203,-20.4,420.198
4204,-20.4,420.298
4205,-20.4,420.398
4206,-20.4,420.499
4207,-20.4,420.598
4208,-20.4,420.698
4209,-20.4,420.798
4210,-20.4,420.898
4211,-20.4,420.999
4212,-20.4,421.098
4213,-20.4,421.199
4214,-20.4,421.298
4215,-20.4,421.398
4216,-20.4,421.499
4217,-20.4,421.601
4218,-20.4,421.698
4219,-20.4,421.798
4220,-20.4,421.898
4221,-20.4,422.001
4222,-20.4,422.1
4223,-20.4,422.2
4224,-20.4,422.298
4225,-20.4,422.398
4226,-20.4,422.499
4227,-20.4,422.599
4228,-20.4,422.699
4229,-20.4,422.798
4230,-20.4,422.898
4231,-20.4,422.999
4232,-20.4,423.098
4233,-20.4,423.199
4234,-20.2,423.298
4235,-20.2,423.401
4236,-20.2,423.5
4237,-20.2,423.598
4238,-20.2,423.698
4239,-20.2,423.798
4240,-20.2,423.899
4241,-20.2,424
4242,-20.2,424.1
4243,-20.2,424.198
4244,-20.2,424.297
4245,-20.2,424.398
4246,-20.2,424.5
4247,-20.2,424.599
4248,-20.2,424.697
4249,-20.2,424.798
4250,-20.2,424.898
4251,-20.2,424.999
4252,-20.2,425.099
4253,-20.2,425.204
4254,-20.2,425.302
4255,-20.2,425.399
4256,-20.2,425.5
4257,-20.2,425.599
4258,-20.2,425.699
4259,-20.2,425.799
4260,-20.2,425.898
4261,-20.2,426
4262,-20.2,426.099
4263,-20.2,426.198
4264,-20.2,426.299
4265,-20.2,426.399
4266,-20.2,426.5
4267,-20.2,426.599
4268,-20.2,426.699
4269,-20.2,426.798
4270,-20.2,426.899
4271,-20.2,426.999
4272,-20.2,427.098
4273,-20.2,427.199
4274,-20.2,427.298
4275,-20.2,427.399
4276,-20.2,427.5
4277,-20.2,427.599
4278,-20.2,427.699
4279,-20.2,427.798
4280,-20.2,427.898
4281,-20.2,427.999
4282,-20.2,428.099
4283,-20.2,428.199
4284,-20.2,428.299
4285,-20.2,428.398
4286,-20.2,428.499
4287,-20.2,428.599
4288,-20.2,428.698
4289,-20.2,428.798
4290,-20.2,428.898
4291,-20.2,428.999
4292,-20.2,429.098
4293,-20.2,429.198
4294,-20.2,429.299
4295,-20.2,429.398
4296,-20.2,429.499
4297,-20.2,429.598
4298,-20.2,429.699
4299,-20.2,429.798
4300,-20.2,429.898
4301,-20.2,429.999
4302,-20.2,430.098
4303,-20.2,430.198
4304,-20.2,430.299
4305,-20.2,430.399
4306,-20.2,430.499
4307,-20.2,430.598
4308,-20.2,430.699
4309,-20,430.799
4310,-20,430.899
4311,-20.2,430.999
4312,-20,431.098
4313,-20,431.199
4314,-20,431.299
4315,-20,431.398
4316,-20,431.5
4317,-20,431.598
4318,-20,431.698
4319,-20,431.801
4320,-20,431.899
4321,-20,431.999
4322,-20,432.098
4323,-20,432.198
4324,-20,432.298
4325,-20,432.399
4326,-20,432.5
4327,-20,432.599
4328,-20,432.698
4329,-20,432.798
4330,-20,432.9
4331,-20,432.999
4332,-20,433.098
4333,-20,433.198
4334,-20,433.298
4335,-20,433.399
4336,-20,433.499
4337,-20,433.599
4338,-20,433.698
4339,-20,433.8
4340,-20,433.898
4341,-20,434
4342,-20,434.099
4343,-20,434.199
4344,-20,434.298
4345,-20,434.399
4346,-20,434.5
4347,-20,434.599
4348,-20,434.698
4349,-20,434.798
4350,-20,434.898
4351,-20,435.001
4352,-20,435.098
4353,-20,435.198
4354,-20,435.299
4355,-20,435.398
4356,-20,435.499
4357,-20,435.598
4358,-20,435.699
4359,-20,435.798
4360,-20,435.898
4361,-20,436
4362,-20,436.098
4363,-20,436.198
4364,-20,436.299
4365,-20,436.398
4366,-20,436.5
4367,-20,436.598
4368,-20,436.698
4369,-20,436.799
4370,-20,436.898
4371,-20,436.999
4372,-20,437.098
4373,-20,437.198
4374,-20,437.298
4375,-20,437.398
4376,-20,437.499
4377,-20,437.598
4378,-20,437.698
4379,-20,437.798
4380,-20,437.898
4381,-20,438.001
4382,-20,438.098
4383,-20,438.199
4384,-20,438.298
4385,-20,438.399
4386,-20,438.5
4387,-20,438.599
4388,-20,438.698
4389,-20,438.799
4390,-20,438.898
4391,-20,438.999
4392,-20,439.098
4393,-20,439.2
4394,-20,439.298
4395,-20,439.398
4396,-20,439.5
4397,-20,439.599
4398,-20,439.698
4399,-20,439.798
4400,-20,439.898
4401,-20,440
4402,-20,440.098
4403,-20,440.199
4404,-19.8,440.299
4405,-20,440.398
4406,-20,440.5
4407,-19.8,440.598
4408,-20,440.699
4409,-20,440.798
4410,-19.8,440.899
4411,-19.8,440.999
4412,-19.8,441.1
4413,-19.8,441.198
4414,-19.8,441.298
4415,-19.8,441.398
4416,-19.8,441.5
4417,-19.8,441.599
4418,-19.8,441.699
4419,-19.8,441.798
4420,-19.8,441.899
4421,-19.8,442
4422,-19.8,442.098
4423,-19.8,442.198
4424,-19.8,442.298
4425,-19.8,442.399
4426,-19.8,442.499
4427,-19.8,442.599
4428,-19.8,442.698
4429,-19.8,442.798
4430,-19.8,442.898
4431,-19.8,443
4432,-19.8,443.098
4433,-19.8,443.199
4434,-19.8,443.298
4435,-19.8,443.398
4436,-19.8,443.5
4437,-19.8,443.598
4438,-19.8,443.698
4439,-19.8,443.798
4440,-19.8,443.898
4441,-19.8,444
4442,-19.8,444.099
4443,-19.8,444.198
4444,-19.8,444.312
4445,-19.8,444.399
4446,-19.8,444.5
4447,-19.8,444.598
4448,-19.8,444.698
4449,-19.8,444.798
4450,-19.8,444.898
4451,-19.8,445
4452,-19.8,445.099
4453,-19.8,445.198
4454,-19.8,445.299
4455,-19.8,445.399
4456,-19.8,445.5
4457,-19.8,445.598
4458,-19.8,445.699
4459,-19.8,445.799
4460,-19.8,445.898
4461,-19.8,446
4462,-19.8,446.098
4463,-19.8,446.198
4464,-19.8,446.298
4465,-19.8,446.399
4466,-19.8,446.5
4467,-19.8,446.598
4468,-19.8,446.698
4469,-19.8,446.799
4470,-19.8,446.899
4471,-19.8,447
4472,-19.8,447.098
4473,-19.8,447.2
4474,-19.8,447.299
4475,-19.8,447.398
4476,-19.8,447.5
4477,-19.8,447.599
4478,-19.8,447.699
4479,-19.8,447.799
4480,-19.8,447.899
4481,-19.8,447.999
4482,-19.8,448.098
4483,-19.8,448.2
4484,-19.8,448.298
4485,-19.8,448.399
4486,-19.8,448.5
4487,-19.8,448.599
4488,-19.8,448.699
4489,-19.8,448.799
4490,-19.8,448.898
4491,-19.8,448.999
4492,-19.8,449.098
4493,-19.8,449.199
4494,-19.8,449.298
4495,-19.8,449.398
4496,-19.8,449.499
4497,-19.8,449.599
4498,-19.8,449.698
4499,-19.8,449.799
4500,-19.8,449.898
4501,-19.8,450
4502,-19.8,450.099
4503,-19.8,450.198
4504,-19.8,450.299
4505,-19.8,450.399
4506,-19.8,450.499
4507,-19.8,450.598
4508,-19.8,450.698
4509,-19.8,450.798
4510,-19.8,450.898
4511,-19.8,450.999
4512,-19.8,451.1
4513,-19.8,451.198
4514,-19.8,451.298
4515,-19.8,451.399
4516,-19.8,451.5
4517,-19.8,451.599
4518,-19.8,451.698
4519,-19.8,451.799
4520,-19.8,451.898
4521,-19.8,452
4522,-19.8,452.098
4523,-19.8,452.198
4524,-19.8,452.298
4525,-19.8,452.398
4526,-19.8,452.5
4527,-19.8,452.598
4528,-19.8,452.699
4529,-19.8,452.798
4530,-19.8,452.898
4531,-19.8,453
4532,-19.8,453.099
4533,-19.8,453.199
4534,-19.8,453.299
4535,-19.8,453.399
4536,-19.8,453.499
4537,-19.8,453.598
4538,-19.8,453.701
4539,-19.8,453.799
4540,-19.8,453.899
4541,-19.8,454
4542,-19.8,454.099
4543,-19.8,454.198
4544,-19.8,454.298
4545,-19.8,454.399
4546,-19.8,454.5
4547,-19.8,454.599
4548,-19.8,454.7
4549,-19.8,454.8
4550,-19.8,454.899
4551,-19.8,455
4552,-19.8,455.099
4553,-19.8,455.198
4554,-19.8,455.298
4555,-19.8,455.399
4556,-19.8,455.499
4557,-19.8,455.598
4558,-19.8,455.698
4559,-19.8,455.798
4560,-19.8,455.899
4561,-19.8,456
4562,-19.8,456.103
4563,-19.8,456.201
4564,-19.8,456.299
4565,-19.6,456.402
4566,-19.6,456.5
4567,-19.6,456.601
4568,-19.6,456.699
4569,-19.6,456.799
4570,-19.6,456.899
4571,-19.6,457
4572,-19.8,457.099
4573,-19.8,457.198
4574,-19.6,457.298
4575,-19.6,457.399
4576,-19.6,457.5
4577,-19.8,457.599
4578,-19.6,457.7
4579,-19.6,457.799
4580,-19.6,457.899
4581,-19.6,457.999
4582,-19.6,458.099
4583,-19.6,458.199
4584,-19.6,458.299
4585,-19.6,458.398
4586,-19.6,458.501
4587,-19.6,458.6
4588,-19.4,458.699
4589,-18.8,458.799
4590,-17.4,458.899
4591,-16,458.999
4592,-14.6,459.099
4593,-14.6,459.199
4594,-13.2,459.302
4595,-11.8,459.398
4596,-10.6,459.499
4597,-9.8,459.599
4598,-9,459.699
4599,-9,459.798
4600,-8.8,459.903
4601,-8.2,459.999
4602,-7.2,460.1
4603,-5.6,460.2
4604,-5.6,460.298
4605,-4,460.4
4606,-2.4,460.5
4607,-1.8,460.599
4608,-1.6,460.699
4609,-1.8,460.798
4610,-1.8,460.898
4611,-1.8,461.003
4612,-2,461.099
4613,-2.2,461.199
4614,-2.2,461.298
4615,-2.2,461.398
4616,-2.2,461.5
4617,-2.4,461.598
4618,-2.4,461.698
4619,-2.4,461.798
4620,-2.6,461.904
4621,-2.6,461.999
4622,-2.6,462.098
4623,-2.6,462.198
4624,-2.6,462.298
4625,-2.8,462.398
4626,-2.8,462.499
4627,-2.8,462.598
4628,-2.8,462.698
4629,-2.8,462.798
4630,-2.8,462.898
4631,-3,462.999
4632,-3,463.098
4633,-3,463.198
4634,-3,463.299
4635,-3,463.399
4636,-3,463.499
4637,-3,463.598
4638,-3,463.7
4639,-3,463.799
4640,-3,463.898
4641,-3.2,464
4642,-3.2,464.099
4643,-3.2,464.199
4644,-3.2,464.298
4645,-3.2,464.398
4646,-3.2,464.498
4647,-3.2,464.597
4648,-3.2,464.698
4649,-3.2,464.799
4650,-3.2,464.898
4651,-3.2,464.999
4652,-3.2,465.099
4653,-3.2,465.199
4654,-3.2,465.298
4655,-3.2,465.398
4656,-3.2,465.499
4657,-3.4,465.598
4658,-3.4,465.698
4659,-3.4,465.799
4660,-3.4,465.898
4661,-3.4,466.003
4662,-3.4,466.099
4663,-3.4,466.199
4664,-3.4,466.298
4665,-3.4,466.4
4666,-3.4,466.499
4667,-3.4,466.599
4668,-3.4,466.699
4669,-3.4,466.799
4670,-3.4,466.898
4671,-3.4,467
4672,-3.4,467.098
4673,-3.4,467.199
4674,-3.4,467.298
4675,-3.4,467.398
4676,-3.4,467.499
4677,-3.6,467.598
4678,-3.6,467.699
4679,-3.6,467.798
4680,-3.6,467.898
4681,-3.6,467.999
4682,-3.6,468.101
4683,-3.6,468.198
4684,-3.6,468.298
4685,-3.6,468.398
4686,-3.6,468.499
4687,-3.6,468.598
4688,-3.6,468.698
4689,-3.6,468.798
4690,-3.6,468.899
4691,-3.6,468.999
4692,-3.6,469.098
4693,-3.6,469.198
4694,-3.6,469.301
4695,-3.6,469.399
4696,-3.6,469.5
4697,-3.6,469.6
4698,-3.6,469.699
4699,-3.6,469.798
4700,-3.6,469.899
4701,-3.6,469.999
4702,-3.8,470.098
4703,-3.8,470.198
4704,-3.6,470.298
4705,-3.6,470.399
4706,-3.8,470.505
4707,-3.8,470.599
4708,-3.8,470.702
4709,-3.8,470.799
4710,-3.8,470.898
4711,-3.8,470.999
4712,-3.8,471.098
4713,-3.8,471.199
4714,-3.8,471.298
4715,-3.8,471.398
4716,-3.8,471.499
4717,-3.8,471.598
4718,-3.8,471.698
4719,-3.8,471.798
4720,-3.8,471.898
4721,-3.8,471.999
4722,-3.8,472.098
4723,-3.8,472.198
4724,-3.8,472.3
4725,-3.8,472.398
4726,-3.8,472.499
4727,-3.8,472.598
4728,-3.8,472.698
4729,-3.8,472.798
4730,-3.8,472.898
4731,-3.8,472.999
4732,-3.8,473.098
4733,-3.8,473.198
4734,-3.8,473.298
4735,-3.8,473.398
4736,-3.8,473.499
4737,-3.8,473.598
4738,-3.8,473.698
4739,-3.8,473.798
4740,-3.8,473.898
4741,-3.8,473.999
4742,-3.8,474.098
4743,-3.8,474.199
4744,-3.8,474.298
4745,-3.8,474.398
4746,-3.8,474.499
4747,-3.8,474.598
4748,-3.8,474.698
4749,-3.8,474.798
4750,-3.8,474.898
4751,-3.8,475
4752,-3.8,475.098
4753,-4,475.2
4754,-4,475.298
4755,-4,475.4
4756,-4,475.499
4757,-4,475.598
4758,-4,475.698
4759,-4,475.798
4760,-4,475.898
4761,-4,476
4762,-4,476.098
4763,-4,476.198
4764,-4,476.298
4765,-4,476.398
4766,-4,476.499
4767,-4,476.598
4768,-4,476.698
4769,-4,476.798
4770,-4,476.898
4771,-4,476.999
4772,-4,477.098
4773,-4,477.198
4774,-4,477.299
4775,-4,477.398
4776,-4,477.499
4777,-4,477.598
4778,-4,477.701
4779,-4,477.801
4780,-4,477.897
4781,-4,477.999
4782,-4,478.097
4783,-4,478.197
4784,-4,478.298
4785,-4,478.398
4786,-4,478.499
4787,-4,478.597
4788,-4,478.697
4789,-4,478.798
4790,-4,478.898
4791,-4,478.999
4792,-4,479.098
4793,-4,479.198
4794,-4,479.298
4795,-4,479.398
4796,-4,479.498
4797,-4,479.598
4798,-4,479.701
4799,-4,479.798
4800,-4,479.903
4801,-4,480
4802,-4,480.1
4803,-4,480.2
4804,-4,480.299
4805,-4,480.399
4806,-4,480.499
4807,-4,480.6
4808,-4,480.699
4809,-4,480.799
4810,-4,480.898
4811,-4,481
4812,-4,481.1
4813,-4,481.199
4814,-4,481.298
4815,-4,481.398
4816,-4,481.499
4817,-4,481.597
4818,-4,481.697
4819,-4,481.799
4820,-4,481.898
4821,-4.2,482
4822,-4.2,482.098
4823,-4.2,482.198
4824,-4.2,482.299
4825,-4.2,482.399
4826,-4.2,482.5
4827,-4.2,482.599
4828,-4.2,482.698
4829,-4.2,482.799
4830,-4.2,482.899
4831,-4.2,483.007
4832,-4.2,483.101
4833,-4.2,483.199
4834,-4.2,483.299
4835,-4.2,483.398
4836,-4.2,483.499
4837,-4.2,483.599
4838,-4.2,483.698
4839,-4.2,483.798
4840,-4.2,483.898
4841,-4.2,484
4842,-4.2,484.098
4843,-4.2,484.198
4844,-4.2,484.299
4845,-4.2,484.398
4846,-4.2,484.5
4847,-4.2,484.599
4848,-4.2,484.698
4849,-4.2,484.798
4850,-4.2,484.899
4851,-4.2,485
4852,-4.2,485.099
4853,-4.2,485.199
4854,-4.2,485.298
4855,-4.2,485.399
4856,-4.2,485.5
4857,-4.2,485.6
4858,-4.2,485.698
4859,-4.2,485.798
4860,-4.2,485.9
4861,-4.2,485.999
4862,-4.2,486.098
4863,-4.2,486.199
4864,-4.2,486.299
4865,-4.2,486.399
4866,-4.2,486.501
4867,-4.2,486.598
4868,-4.2,486.7
4869,-4.2,486.799
4870,-4.2,486.899
4871,-4.2,486.999
4872,-4.2,487.098
4873,-4.2,487.199
4874,-4.2,487.299
4875,-4.2,487.4
4876,-4.2,487.5
4877,-4.2,487.598
4878,-4.2,487.699
4879,-4.2,487.799
4880,-4.2,487.9
4881,-4.2,487.999
4882,-4.2,488.098
4883,-4.2,488.199
4884,-4.2,488.299
4885,-4.2,488.398
4886,-4.2,488.499
4887,-4.2,488.598
4888,-4.2,488.699
4889,-4.2,488.798
4890,-4.2,488.898
4891,-4.2,488.999
4892,-4.2,489.099
4893,-4.2,489.199
4894,-4.2,489.299
4895,-4.2,489.399
4896,-4.2,489.5
4897,-4.2,489.599
4898,-4.2,489.698
4899,-4.2,489.799
4900,-4.2,489.899
4901,-4.2,490
4902,-4.2,490.099
4903,-4.2,490.199
4904,-4.2,490.298
4905,-4.2,490.398
4906,-4.2,490.5
4907,-4.2,490.598
4908,-4.2,490.699
4909,-4.2,490.798
4910,-4.2,490.898
4911,-4.2,490.999
4912,-4.2,491.098
4913,-4.2,491.199
4914,-4.2,491.298
4915,-4.2,491.398
4916,-4.2,491.499
4917,-4.2,491.598
4918,-4.2,491.699
4919,-4.2,491.798
4920,-4.2,491.898
4921,-4.2,491.999
4922,-4.2,492.098
4923,-4.2,492.199
4924,-4.2,492.298
4925,-4.2,492.399
4926,-4.2,492.499
4927,-4.2,492.598
4928,-4.2,492.698
4929,-4.2,492.801
4930,-4.2,492.898
4931,-4.2,492.999
4932,-4.4,493.098
4933,-4.4,493.198
4934,-4.4,493.3
4935,-4.4,493.399
4936,-4.2,493.499
4937,-4.2,493.598
4938,-4.4,493.7
4939,-4.4,493.798
4940,-4.4,493.898
4941,-4.4,494
4942,-4.4,494.098
4943,-4.4,494.198
4944,-4.4,494.298
4945,-4.4,494.398
4946,-4.4,494.499
4947,-4.4,494.599
4948,-4.4,494.699
4949,-4.4,494.799
4950,-4.4,494.898
4951,-4.4,494.999
4952,-4.4,495.099
4953,-4.4,495.199
4954,-4.4,495.298
4955,-4.4,495.398
4956,-4.4,495.5
4957,-4.4,495.598
4958,-4.4,495.699
4959,-4.4,495.798
4960,-4.4,495.899
4961,-4.4,495.999
4962,-4.4,496.098
4963,-4.4,496.199
4964,-4.4,496.299
4965,-4.4,496.398
4966,-4.4,496.499
4967,-4.4,496.6
4968,-4.4,496.698
4969,-4.4,496.798
4970,-4.4,496.898
4971,-4.4,497
4972,-4.4,497.099
4973,-4.4,497.198
4974,-4.4,497.298
4975,-4.4,497.398
4976,-4.4,497.498
4977,-4.4,497.598
4978,-4.4,497.698
4979,-4.4,497.798
4980,-4.4,497.898
4981,-4.4,498
4982,-4.4,498.099
4983,-4.4,498.199
4984,-4.4,498.298
4985,-4.4,498.398
4986,-4.4,498.499
4987,-4.4,498.598
4988,-4.4,498.698
4989,-4.4,498.798
4990,-4.4,498.898
4991,-4.4,498.999
4992,-4.4,499.098
4993,-4.4,499.198
4994,-4.4,499.298
4995,-4.4,499.398
4996,-4.4,499.502
4997,-4.4,499.599
4998,-4.4,499.698
4999,-4.4,499.798
5000,-4.4,499.898
