Reading,Load [11.0 N],Time [sec.]
1,-0.2,0
2,-0.2,0.093
3,-0.2,0.192
4,-0.2,0.293
5,-0.2,0.393
6,-0.2,0.491
7,-0.2,0.592
8,-0.2,0.693
9,-0.2,0.792
10,-0.2,0.895
11,-0.2,0.993
12,-0.2,1.093
13,-0.2,1.193
14,-0.2,1.292
15,-0.2,1.392
16,-0.4,1.494
17,-0.4,1.592
18,-0.4,1.693
19,-0.4,1.793
20,-0.2,1.892
21,-0.2,1.994
22,-0.4,2.097
23,-0.4,2.201
24,-0.4,2.295
25,-0.4,2.393
26,-0.4,2.493
27,-0.4,2.592
28,-0.4,2.692
29,-0.4,2.793
30,-0.4,2.893
31,-0.4,2.993
32,-0.4,3.092
33,-0.4,3.193
34,-0.4,3.293
35,-0.4,3.393
36,-0.4,3.492
37,-0.4,3.592
38,-0.4,3.692
39,-0.4,3.792
40,-0.4,3.894
41,-0.4,3.993
42,-0.4,4.093
43,-0.4,4.192
44,-0.4,4.293
45,-0.4,4.392
46,-0.4,4.494
47,-0.4,4.592
48,-0.4,4.693
49,-0.4,4.793
50,-0.4,4.893
51,-0.4,4.992
52,-0.4,5.092
53,-0.4,5.193
54,-0.4,5.292
55,-0.4,5.392
56,-0.4,5.495
57,-0.4,5.592
58,-0.4,5.693
59,-0.4,5.792
60,-0.4,5.893
61,-0.4,5.992
62,-0.4,6.093
63,-0.4,6.192
64,-0.4,6.292
65,-0.4,6.393
66,-0.4,6.492
67,-0.4,6.592
68,-0.4,6.693
69,-0.4,6.792
70,-0.4,6.891
71,-0.4,6.994
72,-0.4,7.092
73,-0.4,7.192
74,-0.4,7.292
75,-0.4,7.392
76,-0.4,7.496
77,-0.4,7.593
78,-0.4,7.692
79,-0.4,7.792
80,-0.4,7.894
81,-0.4,7.992
82,-0.4,8.093
83,-0.4,8.192
84,-0.4,8.293
85,-0.4,8.392
86,-0.4,8.493
87,-0.4,8.592
88,-0.4,8.693
89,-0.4,8.793
90,-0.4,8.893
91,-0.4,8.993
92,-0.4,9.093
93,-0.4,9.193
94,-0.4,9.293
95,-0.4,9.392
96,-0.4,9.493
97,-0.4,9.592
98,-0.4,9.692
99,-0.4,9.793
100,-0.4,9.892
101,-0.4,9.993
102,-0.4,10.093
103,-0.4,10.193
104,-0.4,10.293
105,-0.4,10.393
106,-0.4,10.492
107,-0.4,10.592
108,-0.4,10.692
109,-0.4,10.792
110,-0.4,10.892
111,-0.4,10.994
112,-0.4,11.092
113,-0.4,11.192
114,-0.4,11.292
115,-0.4,11.392
116,-0.4,11.493
117,-0.4,11.592
118,-0.4,11.693
119,-0.4,11.793
120,-0.4,11.893
121,-0.4,11.992
122,-0.4,12.092
123,-0.4,12.193
124,-0.4,12.292
125,-0.4,12.392
126,-0.4,12.493
127,-0.4,12.593
128,-0.4,12.692
129,-0.4,12.792
130,-0.4,12.892
131,-0.4,12.993
132,-0.4,13.093
133,-0.4,13.193
134,-0.4,13.292
135,-0.4,13.393
136,-0.4,13.493
137,-0.4,13.593
138,-0.4,13.693
139,-0.4,13.793
140,-0.4,13.893
141,-0.4,13.992
142,-0.4,14.093
143,-0.4,14.193
144,-0.4,14.293
145,-0.4,14.392
146,-0.4,14.494
147,-0.4,14.593
148,-0.4,14.693
149,-0.4,14.793
150,-0.4,14.893
151,-0.4,14.992
152,-0.4,15.092
153,-0.4,15.192
154,-0.4,15.293
155,-0.4,15.393
156,-0.4,15.493
157,-0.4,15.592
158,-0.4,15.692
159,-0.4,15.793
160,-0.4,15.893
161,-0.4,15.993
162,-0.4,16.093
163,-0.4,16.193
164,-0.4,16.293
165,-0.4,16.393
166,-0.4,16.493
167,-0.4,16.593
168,-0.4,16.693
169,-0.4,16.793
170,-0.4,16.893
171,-0.4,16.993
172,-0.4,17.092
173,-0.4,17.192
174,-0.4,17.293
175,-0.4,17.392
176,-0.4,17.494
177,-0.4,17.593
178,-0.4,17.692
179,-0.4,17.792
180,-0.4,17.893
181,-0.4,17.993
182,-0.4,18.092
183,-0.4,18.193
184,-0.4,18.292
185,-0.4,18.393
186,-0.4,18.493
187,-0.4,18.592
188,-0.4,18.693
189,-0.4,18.794
190,-0.4,18.892
191,-0.4,18.994
192,-0.4,19.092
193,-0.4,19.193
194,-0.4,19.294
195,-0.4,19.392
196,-0.4,19.493
197,-0.4,19.592
198,-0.4,19.694
199,-0.4,19.792
200,-0.4,19.892
201,-0.4,19.993
202,-0.4,20.091
203,-0.4,20.192
204,-0.4,20.292
205,-0.4,20.392
206,-0.4,20.493
207,-0.4,20.592
208,-0.4,20.692
209,-0.4,20.791
210,-0.4,20.892
211,-0.4,20.993
212,-0.4,21.092
213,-0.4,21.193
214,-0.4,21.293
215,-0.4,21.392
216,-0.4,21.494
217,-0.4,21.593
218,-0.4,21.693
219,-0.4,21.793
220,-0.4,21.892
221,-0.4,21.993
222,-0.4,22.094
223,-0.4,22.193
224,-0.4,22.293
225,-0.4,22.392
226,-0.4,22.494
227,-0.4,22.593
228,-0.4,22.693
229,-0.4,22.794
230,-0.4,22.893
231,-0.4,22.993
232,-0.4,23.092
233,-0.4,23.193
234,-0.4,23.295
235,-0.4,23.393
236,-0.4,23.493
237,-0.4,23.592
238,-0.4,23.692
239,-0.4,23.792
240,-0.4,23.893
241,-0.4,23.993
242,-0.4,24.092
243,-0.4,24.193
244,-0.4,24.293
245,-0.4,24.393
246,-0.4,24.493
247,-0.4,24.595
248,-0.4,24.693
249,-0.4,24.792
250,-0.4,24.892
251,-0.4,24.995
252,-0.4,25.099
253,-0.4,25.194
254,-0.4,25.294
255,-0.4,25.392
256,-0.4,25.493
257,-0.4,25.591
258,-0.4,25.693
259,-0.4,25.792
260,-0.4,25.892
261,-0.4,25.992
262,-0.4,26.091
263,-0.4,26.191
264,-0.4,26.291
265,-0.4,26.391
266,-0.4,26.493
267,-0.4,26.591
268,-0.4,26.691
269,-0.4,26.793
270,-0.4,26.893
271,-0.6,26.992
272,-0.6,27.091
273,-0.6,27.192
274,-0.4,27.292
275,-0.4,27.393
276,-0.6,27.492
277,-0.6,27.592
278,-0.6,27.692
279,-0.6,27.792
280,-0.6,27.893
281,-0.6,27.992
282,-0.6,28.092
283,-0.6,28.192
284,-0.6,28.291
285,-0.6,28.392
286,-0.6,28.493
287,-0.6,28.593
288,-0.6,28.693
289,-0.6,28.793
290,-0.6,28.893
291,-0.6,28.992
292,-0.6,29.093
293,-0.6,29.192
294,-0.6,29.292
295,-0.6,29.392
296,-0.6,29.493
297,-0.4,29.592
298,-0.4,29.692
299,-0.6,29.792
300,-0.6,29.892
301,-0.6,29.998
302,-0.6,30.093
303,-0.6,30.192
304,-0.6,30.293
305,-0.6,30.392
306,-0.6,30.493
307,-0.6,30.592
308,-0.6,30.692
309,-0.6,30.792
310,-0.6,30.892
311,-0.6,30.992
312,-0.6,31.091
313,-0.6,31.192
314,-0.6,31.295
315,-0.6,31.392
316,-0.6,31.493
317,-0.6,31.592
318,-0.6,31.692
319,-0.6,31.792
320,-0.6,31.893
321,-0.6,31.992
322,-0.6,32.092
323,-0.6,32.192
324,-0.6,32.292
325,-0.6,32.392
326,-0.6,32.492
327,-0.6,32.594
328,-0.6,32.693
329,-0.6,32.792
330,-0.6,32.892
331,-0.6,32.992
332,-0.6,33.092
333,-0.6,33.191
334,-0.6,33.292
335,-0.6,33.392
336,-0.6,33.492
337,-0.6,33.591
338,-0.6,33.692
339,-0.6,33.792
340,-0.6,33.892
341,-0.6,33.993
342,-0.6,34.092
343,-0.6,34.192
344,-0.6,34.291
345,-0.6,34.392
346,-0.6,34.494
347,-0.6,34.592
348,-0.6,34.692
349,-0.6,34.793
350,-0.6,34.892
351,-0.6,34.993
352,-0.6,35.092
353,-0.6,35.193
354,-0.6,35.292
355,-0.6,35.392
356,-0.6,35.493
357,-0.6,35.592
358,-0.6,35.693
359,-0.6,35.792
360,-0.6,35.893
361,-0.6,35.993
362,-0.6,36.091
363,-0.6,36.192
364,-0.6,36.292
365,-0.6,36.392
366,-0.6,36.493
367,-0.6,36.592
368,-0.6,36.692
369,-0.6,36.791
370,-0.6,36.892
371,-0.6,36.993
372,-0.6,37.091
373,-0.6,37.192
374,-0.6,37.291
375,-0.6,37.391
376,-0.6,37.493
377,-0.6,37.594
378,-0.6,37.692
379,-0.6,37.793
380,-0.6,37.892
381,-0.6,37.994
382,-0.6,38.092
383,-0.6,38.192
384,-0.6,38.292
385,-0.6,38.393
386,-0.6,38.492
387,-0.6,38.593
388,-0.6,38.692
389,-0.6,38.792
390,-0.6,38.893
391,-0.6,38.992
392,-0.6,39.092
393,-0.6,39.192
394,-0.6,39.293
395,-0.6,39.392
396,-0.6,39.494
397,-0.6,39.592
398,-0.6,39.692
399,-0.6,39.793
400,-0.6,39.892
401,-0.6,39.994
402,-0.6,40.092
403,-0.6,40.192
404,-0.6,40.293
405,-0.6,40.393
406,-0.6,40.495
407,-0.6,40.593
408,-0.6,40.693
409,-0.6,40.792
410,-0.6,40.892
411,-0.6,40.993
412,-0.6,41.094
413,-0.6,41.192
414,-0.6,41.293
415,-0.6,41.393
416,-0.6,41.493
417,-0.6,41.593
418,-0.6,41.692
419,-0.6,41.792
420,-0.6,41.892
421,-0.6,41.994
422,-0.6,42.092
423,-0.6,42.192
424,-0.6,42.293
425,-0.6,42.395
426,-0.6,42.493
427,-0.6,42.592
428,-0.6,42.695
429,-0.6,42.793
430,-0.6,42.893
431,-0.6,42.992
432,-0.6,43.093
433,-0.6,43.192
434,-0.6,43.293
435,-0.6,43.392
436,-0.6,43.493
437,-0.6,43.592
438,-0.6,43.693
439,-0.6,43.792
440,-0.6,43.892
441,-0.6,43.993
442,-0.6,44.092
443,-0.6,44.193
444,-0.6,44.293
445,-0.6,44.392
446,-0.6,44.494
447,-0.6,44.593
448,-0.6,44.692
449,-0.6,44.792
450,-0.6,44.892
451,-0.6,44.994
452,-0.6,45.092
453,-0.6,45.193
454,-0.6,45.293
455,-0.6,45.393
456,-0.6,45.492
457,-0.6,45.592
458,-0.6,45.693
459,-0.6,45.793
460,-0.6,45.892
461,-0.6,45.993
462,-0.6,46.092
463,-0.6,46.193
464,-0.6,46.293
465,-0.6,46.394
466,-0.6,46.494
467,-0.6,46.593
468,-0.6,46.692
469,-0.6,46.793
470,-0.6,46.892
471,-0.6,46.994
472,-0.6,47.092
473,-0.6,47.193
474,-0.6,47.293
475,-0.6,47.392
476,-0.6,47.494
477,-0.6,47.593
478,-0.6,47.692
479,-0.6,47.792
480,-0.6,47.892
481,-0.6,47.994
482,-0.6,48.093
483,-0.6,48.192
484,-0.6,48.292
485,-0.6,48.394
486,-0.6,48.495
487,-0.6,48.593
488,-0.6,48.692
489,-0.6,48.792
490,-0.6,48.892
491,-0.6,48.994
492,-0.6,49.093
493,-0.6,49.193
494,-0.6,49.295
495,-0.6,49.392
496,-0.6,49.495
497,-0.6,49.592
498,-0.6,49.692
499,-0.6,49.792
500,-0.6,49.895
501,-0.6,49.993
502,-0.6,50.093
503,-0.6,50.193
504,-0.6,50.293
505,-0.6,50.392
506,-0.6,50.493
507,-0.6,50.592
508,-0.6,50.693
509,-0.6,50.793
510,-0.6,50.893
511,-0.6,50.992
512,-0.6,51.092
513,-0.6,51.192
514,-0.6,51.294
515,-0.6,51.393
516,-0.6,51.493
517,-0.6,51.592
518,-0.6,51.692
519,-0.6,51.793
520,-0.6,51.892
521,-0.6,51.994
522,-0.6,52.093
523,-0.6,52.193
524,-0.6,52.292
525,-0.6,52.392
526,-0.6,52.493
527,-0.6,52.592
528,-0.6,52.692
529,-0.6,52.792
530,-0.6,52.894
531,-0.6,52.994
532,-0.6,53.091
533,-0.6,53.192
534,-0.6,53.291
535,-0.6,53.398
536,-0.6,53.494
537,-0.6,53.592
538,-0.6,53.692
539,-0.6,53.792
540,-0.6,53.892
541,-0.6,53.995
542,-0.6,54.092
543,-0.6,54.192
544,-0.6,54.292
545,-0.6,54.392
546,-0.6,54.493
547,-0.6,54.592
548,-0.6,54.692
549,-0.6,54.792
550,-0.6,54.892
551,-0.6,54.993
552,-0.6,55.091
553,-0.6,55.192
554,-0.6,55.292
555,-0.6,55.393
556,-0.6,55.492
557,-0.6,55.592
558,-0.6,55.692
559,-0.6,55.792
560,-0.6,55.892
561,-0.6,55.992
562,-0.6,56.092
563,-0.6,56.193
564,-0.6,56.292
565,-0.6,56.392
566,-0.6,56.493
567,-0.6,56.592
568,-0.6,56.692
569,-0.6,56.792
570,-0.6,56.892
571,-0.6,56.993
572,-0.6,57.092
573,-0.6,57.193
574,-0.6,57.292
575,-0.6,57.391
576,-0.6,57.493
577,-0.6,57.592
578,-0.6,57.691
579,-0.6,57.794
580,-0.6,57.892
581,-0.6,57.993
582,-0.6,58.092
583,-0.6,58.194
584,-0.6,58.292
585,-0.6,58.392
586,-0.6,58.493
587,-0.6,58.592
588,-0.6,58.692
589,-0.6,58.792
590,-0.6,58.891
591,-0.6,58.993
592,-0.6,59.092
593,-0.6,59.192
594,-0.6,59.292
595,-0.6,59.392
596,-0.6,59.493
597,-0.6,59.594
598,-0.6,59.693
599,-0.6,59.794
600,-0.6,59.892
601,-0.6,59.993
602,-0.8,60.092
603,-0.6,60.192
604,-0.6,60.292
605,-0.6,60.392
606,-0.8,60.494
607,-0.6,60.593
608,-0.6,60.692
609,-0.6,60.793
610,-0.6,60.892
611,-0.6,60.996
612,-0.6,61.093
613,-0.6,61.193
614,-0.8,61.295
615,-0.8,61.396
616,-0.8,61.493
617,-0.8,61.595
618,-0.8,61.7
619,-0.8,61.796
620,-0.8,61.894
621,-0.8,61.993
622,-0.8,62.091
623,-0.8,62.192
624,-0.8,62.292
625,-0.8,62.392
626,-0.8,62.494
627,-0.8,62.594
628,-0.6,62.693
629,-0.6,62.793
630,-0.6,62.894
631,-0.8,62.994
632,-0.6,63.094
633,-0.8,63.194
634,-0.8,63.293
635,-0.8,63.396
636,-0.8,63.495
637,-0.8,63.593
638,-0.8,63.693
639,-3.6,63.794
640,-10,63.894
641,-10,63.995
642,-19.6,64.096
643,-30.2,64.194
644,-38.6,64.295
645,-46.4,64.396
646,-53.2,64.495
647,-53.2,64.594
648,-59.6,64.694
649,-63.8,64.793
650,-66.8,64.896
651,-67.8,64.996
652,-67.2,65.094
653,-67.2,65.193
654,-66.4,65.293
655,-65.6,65.391
656,-65.2,65.493
657,-64.6,65.593
658,-64.6,65.693
659,-64.2,65.793
660,-63.8,65.893
661,-63.4,65.992
662,-63.2,66.091
663,-63,66.191
664,-63,66.292
665,-62.6,66.392
666,-62.4,66.492
667,-62.4,66.593
668,-62.2,66.692
669,-62,66.792
670,-62,66.891
671,-61.8,66.992
672,-61.6,67.091
673,-61.4,67.192
674,-61.4,67.291
675,-61.2,67.391
676,-61.2,67.493
677,-61,67.592
678,-61,67.692
679,-60.8,67.792
680,-60.8,67.893
681,-60.6,67.992
682,-60.6,68.092
683,-60.4,68.192
684,-60.4,68.292
685,-60.4,68.393
686,-60.2,68.492
687,-60.2,68.592
688,-60.2,68.692
689,-60,68.791
690,-60,68.891
691,-59.8,68.992
692,-59.8,69.091
693,-59.8,69.191
694,-59.8,69.292
695,-59.6,69.391
696,-59.6,69.493
697,-59.6,69.592
698,-59.4,69.692
699,-59.4,69.793
700,-59.4,69.892
701,-59.4,69.992
702,-59.2,70.091
703,-59.2,70.192
704,-59.2,70.292
705,-59.2,70.392
706,-59.2,70.493
707,-59,70.592
708,-59,70.691
709,-59,70.791
710,-59,70.891
711,-58.8,70.993
712,-58.8,71.092
713,-58.8,71.193
714,-58.8,71.292
715,-58.6,71.392
716,-58.6,71.493
717,-58.6,71.592
718,-58.6,71.692
719,-58.6,71.791
720,-58.6,71.892
721,-58.4,71.992
722,-58.4,72.092
723,-58.4,72.191
724,-58.4,72.291
725,-58.4,72.391
726,-58.2,72.495
727,-58.2,72.592
728,-58.2,72.691
729,-58.2,72.794
730,-58.2,72.891
731,-58.2,72.992
732,-58.2,73.091
733,-58.2,73.191
734,-58,73.291
735,-58,73.391
736,-58,73.492
737,-58,73.591
738,-58,73.692
739,-58,73.792
740,-57.8,73.891
741,-57.8,73.993
742,-57.8,74.092
743,-57.8,74.191
744,-57.8,74.292
745,-57.8,74.392
746,-57.8,74.493
747,-57.6,74.591
748,-57.6,74.692
749,-57.6,74.793
750,-57.6,74.891
751,-57.6,74.993
752,-57.6,75.092
753,-57.6,75.192
754,-57.6,75.293
755,-57.4,75.394
756,-57.4,75.492
757,-57.4,75.592
758,-57.4,75.703
759,-57.4,75.792
760,-57.4,75.894
761,-57.4,75.993
762,-57.4,76.092
763,-57.4,76.192
764,-57.4,76.292
765,-57.2,76.395
766,-57.2,76.498
767,-57.2,76.593
768,-57.2,76.691
769,-57.2,76.791
770,-57.2,76.893
771,-57.2,76.993
772,-57.2,77.091
773,-57.2,77.192
774,-57.2,77.291
775,-57.2,77.392
776,-57,77.492
777,-57,77.593
778,-57,77.692
779,-57,77.791
780,-57,77.893
781,-57,77.993
782,-57,78.092
783,-57,78.192
784,-56.8,78.292
785,-56.8,78.392
786,-56.8,78.493
787,-56.8,78.592
788,-56.8,78.693
789,-56.8,78.793
790,-56.8,78.892
791,-56.8,78.994
792,-56.8,79.092
793,-56.8,79.193
794,-56.8,79.292
795,-56.8,79.392
796,-56.6,79.493
797,-56.6,79.592
798,-56.6,79.692
799,-56.6,79.792
800,-56.6,79.893
801,-56.6,79.992
802,-56.6,80.092
803,-56.6,80.192
804,-56.6,80.292
805,-56.6,80.392
806,-56.6,80.493
807,-56.6,80.593
808,-56.4,80.692
809,-56.4,80.792
810,-56.4,80.892
811,-56.4,80.993
812,-56.4,81.091
813,-56.4,81.192
814,-56.4,81.292
815,-56.4,81.392
816,-56.4,81.496
817,-56.4,81.592
818,-56.4,81.692
819,-56.4,81.792
820,-56.4,81.891
821,-56.4,81.993
822,-56.4,82.091
823,-56.2,82.192
824,-56.2,82.292
825,-56.2,82.392
826,-56.2,82.493
827,-56.2,82.593
828,-56.2,82.692
829,-56.2,82.792
830,-56.2,82.892
831,-56.2,82.993
832,-56.2,83.092
833,-56.2,83.191
834,-56.2,83.292
835,-56.2,83.392
836,-56.2,83.492
837,-56.2,83.592
838,-56.2,83.692
839,-56.2,83.792
840,-56.2,83.892
841,-56.2,83.992
842,-56,84.092
843,-56,84.191
844,-56,84.292
845,-56,84.392
846,-56,84.493
847,-56,84.591
848,-56,84.692
849,-56,84.792
850,-56,84.892
851,-56,84.993
852,-56,85.091
853,-56,85.191
854,-56,85.292
855,-55.8,85.392
856,-55.8,85.493
857,-55.8,85.592
858,-55.8,85.692
859,-55.8,85.791
860,-55.8,85.891
861,-55.8,85.993
862,-55.8,86.093
863,-55.8,86.192
864,-55.8,86.292
865,-55.8,86.394
866,-55.8,86.494
867,-55.8,86.593
868,-55.8,86.693
869,-55.8,86.792
870,-55.8,86.892
871,-55.8,86.994
872,-55.8,87.092
873,-55.8,87.193
874,-55.8,87.292
875,-55.6,87.392
876,-55.6,87.493
877,-55.6,87.593
878,-55.6,87.692
879,-55.6,87.793
880,-55.6,87.892
881,-55.6,87.993
882,-55.6,88.093
883,-55.6,88.192
884,-55.6,88.293
885,-55.6,88.392
886,-55.6,88.493
887,-55.6,88.592
888,-55.6,88.693
889,-55.6,88.793
890,-55.6,88.892
891,-55.6,88.994
892,-55.6,89.092
893,-55.6,89.192
894,-55.6,89.292
895,-55.4,89.393
896,-55.4,89.492
897,-55.4,89.592
898,-55.4,89.693
899,-55.4,89.792
900,-55.4,89.893
901,-55.4,89.992
902,-55.4,90.092
903,-55.4,90.192
904,-55.4,90.293
905,-55.4,90.392
906,-55.4,90.494
907,-55.4,90.592
908,-55.4,90.692
909,-55.4,90.791
910,-55.4,90.892
911,-55.4,90.993
912,-55.4,91.092
913,-55.4,91.192
914,-55.4,91.292
915,-55.4,91.392
916,-55.4,91.493
917,-55.4,91.592
918,-55.4,91.691
919,-55.4,91.792
920,-55.2,91.892
921,-55.2,91.993
922,-55.2,92.092
923,-55.2,92.192
924,-55.2,92.291
925,-55.2,92.391
926,-55.2,92.493
927,-55.2,92.592
928,-55.2,92.692
929,-55.2,92.792
930,-55.2,92.892
931,-55.2,92.992
932,-55.2,93.092
933,-55.2,93.192
934,-55.2,93.292
935,-55.2,93.392
936,-55.2,93.493
937,-55.2,93.591
938,-55.2,93.692
939,-55.2,93.792
940,-55.2,93.892
941,-55.2,93.993
942,-55.2,94.091
943,-55.2,94.192
944,-55.2,94.292
945,-55.2,94.391
946,-55.2,94.493
947,-55.2,94.592
948,-55.2,94.692
949,-55.2,94.791
950,-55,94.892
951,-55,94.993
952,-55,95.092
953,-55,95.191
954,-55,95.292
955,-55,95.391
956,-55,95.493
957,-55,95.591
958,-55,95.692
959,-55,95.792
960,-55,95.892
961,-55,95.993
962,-55,96.093
963,-55,96.192
964,-55,96.293
965,-55,96.392
966,-55,96.493
967,-55,96.594
968,-55,96.694
969,-55,96.794
970,-55,96.892
971,-55,96.993
972,-55,97.093
973,-54.8,97.192
974,-54.8,97.292
975,-54.8,97.392
976,-54.8,97.493
977,-54.8,97.591
978,-54.8,97.692
979,-54.8,97.792
980,-54.8,97.895
981,-54.8,97.994
982,-54.8,98.092
983,-54.8,98.193
984,-54.8,98.292
985,-54.8,98.393
986,-54.8,98.492
987,-54.8,98.592
988,-54.8,98.692
989,-54.8,98.792
990,-54.8,98.892
991,-54.8,98.993
992,-54.8,99.091
993,-54.8,99.192
994,-54.8,99.293
995,-54.8,99.392
996,-54.8,99.493
997,-54.8,99.592
998,-54.8,99.692
999,-54.8,99.793
1000,-54.8,99.892
1001,-54.8,99.993
1002,-54.8,100.091
1003,-54.8,100.192
1004,-54.6,100.292
1005,-54.6,100.392
1006,-54.6,100.496
1007,-54.6,100.596
1008,-54.6,100.693
1009,-54.8,100.793
1010,-54.8,100.892
1011,-54.8,100.993
1012,-54.8,101.092
1013,-54.8,101.191
1014,-54.8,101.292
1015,-54.8,101.394
1016,-54.8,101.492
1017,-54.8,101.592
1018,-54.8,101.692
1019,-54.6,101.792
1020,-54.6,101.892
1021,-54.6,101.998
1022,-54.6,102.098
1023,-54.6,102.193
1024,-54.6,102.295
1025,-54.6,102.392
1026,-54.6,102.494
1027,-54.6,102.593
1028,-54.6,102.694
1029,-54.6,102.792
1030,-54.6,102.893
1031,-54.6,102.994
1032,-54.6,103.092
1033,-54.6,103.192
1034,-54.6,103.293
1035,-54.6,103.393
1036,-54.6,103.493
1037,-54.6,103.592
1038,-54.6,103.693
1039,-54.6,103.792
1040,-54.6,103.892
1041,-54.8,103.994
1042,-55.8,104.093
1043,-58.6,104.192
1044,-63.6,104.292
1045,-69.8,104.392
1046,-69.8,104.493
1047,-76.4,104.592
1048,-78.4,104.692
1049,-78.8,104.793
1050,-78.4,104.893
1051,-78.2,104.993
1052,-78.2,105.092
1053,-77.8,105.191
1054,-77.4,105.292
1055,-77,105.392
1056,-76.8,105.493
1057,-76.4,105.592
1058,-76.4,105.696
1059,-76.2,105.793
1060,-76,105.891
1061,-75.8,105.993
1062,-75.8,106.094
1063,-75.6,106.193
1064,-75.6,106.291
1065,-75.4,106.394
1066,-75.4,106.492
1067,-75.2,106.595
1068,-75,106.693
1069,-75,106.793
1070,-75,106.893
1071,-74.8,106.994
1072,-74.8,107.093
1073,-74.6,107.192
1074,-74.6,107.293
1075,-74.6,107.392
1076,-74.6,107.493
1077,-74.4,107.592
1078,-74.4,107.692
1079,-74.2,107.792
1080,-74.2,107.896
1081,-74.2,107.995
1082,-74.2,108.094
1083,-74,108.194
1084,-74,108.293
1085,-73.8,108.394
1086,-73.8,108.494
1087,-73.8,108.594
1088,-73.8,108.693
1089,-73.8,108.794
1090,-73.6,108.894
1091,-73.6,108.993
1092,-73.6,109.094
1093,-73.6,109.194
1094,-73.6,109.295
1095,-73.4,109.395
1096,-73.4,109.495
1097,-73.4,109.595
1098,-73.4,109.694
1099,-73.4,109.795
1100,-73.2,109.896
1101,-73.2,109.995
1102,-73.2,110.093
1103,-73.2,110.193
1104,-73.2,110.299
1105,-73,110.393
1106,-73,110.492
1107,-73,110.592
1108,-73,110.692
1109,-73,110.793
1110,-73,110.898
1111,-72.8,110.995
1112,-72.8,111.092
1113,-72.8,111.192
1114,-72.8,111.292
1115,-72.6,111.392
1116,-72.6,111.494
1117,-72.6,111.592
1118,-72.6,111.692
1119,-72.6,111.793
1120,-72.6,111.892
1121,-72.6,111.993
1122,-72.6,112.092
1123,-72.6,112.192
1124,-72.6,112.292
1125,-72.4,112.392
1126,-72.4,112.494
1127,-72.4,112.592
1128,-72.4,112.692
1129,-72.4,112.792
1130,-72.4,112.893
1131,-72.4,112.992
1132,-72.2,113.093
1133,-72.2,113.194
1134,-72.2,113.292
1135,-72.2,113.392
1136,-72.2,113.494
1137,-72.2,113.593
1138,-72.2,113.692
1139,-72.2,113.793
1140,-72.2,113.892
1141,-72.2,113.994
1142,-72,114.092
1143,-72,114.193
1144,-72,114.292
1145,-72,114.393
1146,-72,114.492
1147,-72,114.592
1148,-72,114.693
1149,-71.8,114.792
1150,-71.8,114.892
1151,-71.8,114.993
1152,-71.8,115.093
1153,-71.8,115.193
1154,-71.8,115.292
1155,-71.8,115.393
1156,-71.8,115.493
1157,-71.8,115.593
1158,-71.8,115.692
1159,-71.8,115.792
1160,-71.6,115.893
1161,-71.6,115.993
1162,-71.6,116.093
1163,-71.6,116.192
1164,-71.6,116.293
1165,-71.6,116.393
1166,-71.6,116.492
1167,-71.6,116.593
1168,-71.6,116.693
1169,-71.6,116.793
1170,-71.6,116.893
1171,-71.6,116.993
1172,-71.4,117.093
1173,-71.4,117.192
1174,-71.4,117.292
1175,-71.4,117.392
1176,-71.4,117.494
1177,-71.4,117.592
1178,-71.4,117.693
1179,-71.4,117.793
1180,-71.4,117.893
1181,-71.4,117.992
1182,-71.4,118.092
1183,-71.4,118.193
1184,-71.4,118.292
1185,-71.2,118.393
1186,-71.2,118.492
1187,-71.2,118.593
1188,-71.2,118.691
1189,-71.2,118.792
1190,-71.2,118.892
1191,-71.2,118.994
1192,-71.2,119.092
1193,-71.2,119.192
1194,-71.2,119.293
1195,-71.2,119.393
1196,-71.2,119.492
1197,-71.2,119.592
1198,-71.2,119.693
1199,-71,119.792
1200,-71,119.892
1201,-71,119.992
1202,-71,120.093
1203,-71,120.192
1204,-71,120.292
1205,-71,120.392
1206,-71,120.493
1207,-71,120.592
1208,-71,120.691
1209,-71,120.792
1210,-71,120.892
1211,-70.8,120.993
1212,-70.8,121.093
1213,-70.8,121.192
1214,-70.8,121.292
1215,-70.8,121.392
1216,-70.8,121.494
1217,-70.8,121.593
1218,-70.8,121.692
1219,-70.8,121.792
1220,-70.8,121.892
1221,-70.8,121.994
1222,-70.8,122.092
1223,-70.8,122.192
1224,-70.8,122.292
1225,-70.8,122.392
1226,-70.8,122.493
1227,-70.6,122.592
1228,-70.6,122.692
1229,-70.6,122.792
1230,-70.6,122.892
1231,-70.6,122.993
1232,-70.6,123.091
1233,-70.6,123.192
1234,-70.6,123.292
1235,-70.6,123.391
1236,-70.6,123.493
1237,-70.6,123.592
1238,-70.6,123.692
1239,-70.6,123.792
1240,-70.6,123.892
1241,-70.6,123.992
1242,-70.6,124.092
1243,-70.6,124.192
1244,-70.6,124.292
1245,-70.6,124.391
1246,-70.4,124.493
1247,-70.6,124.592
1248,-70.6,124.692
1249,-70.6,124.792
1250,-70.4,124.891
1251,-70.4,124.993
1252,-70.4,125.091
1253,-70.4,125.192
1254,-70.4,125.293
1255,-70.4,125.392
1256,-70.4,125.493
1257,-70.4,125.592
1258,-70.4,125.692
1259,-70.4,125.791
1260,-70.4,125.891
1261,-70.4,125.993
1262,-70.4,126.092
1263,-70.4,126.193
1264,-70.4,126.292
1265,-70.4,126.392
1266,-70.4,126.493
1267,-70.4,126.592
1268,-70.4,126.692
1269,-70.2,126.791
1270,-70.2,126.892
1271,-70.2,126.993
1272,-70.2,127.092
1273,-70.2,127.192
1274,-70.2,127.292
1275,-70.2,127.392
1276,-70.2,127.493
1277,-70.2,127.592
1278,-70.2,127.692
1279,-70.2,127.792
1280,-70.2,127.891
1281,-70.2,127.993
1282,-70.2,128.092
1283,-70.2,128.192
1284,-70.2,128.292
1285,-70.2,128.392
1286,-70.2,128.493
1287,-70.2,128.591
1288,-70.2,128.692
1289,-70.2,128.792
1290,-70,128.892
1291,-70,128.993
1292,-70,129.092
1293,-70,129.192
1294,-70,129.292
1295,-70,129.392
1296,-70,129.493
1297,-70,129.592
1298,-70,129.692
1299,-70,129.792
1300,-70,129.892
1301,-70,129.993
1302,-70,130.092
1303,-70,130.192
1304,-70,130.292
1305,-70,130.392
1306,-70,130.493
1307,-70,130.592
1308,-70,130.692
1309,-70,130.792
1310,-69.8,130.892
1311,-69.8,130.993
1312,-69.8,131.091
1313,-69.8,131.192
1314,-69.8,131.292
1315,-69.8,131.391
1316,-69.8,131.492
1317,-69.8,131.592
1318,-69.8,131.692
1319,-69.8,131.792
1320,-69.8,131.892
1321,-69.8,131.993
1322,-69.8,132.092
1323,-69.8,132.192
1324,-69.8,132.291
1325,-69.8,132.392
1326,-69.8,132.495
1327,-69.8,132.594
1328,-69.8,132.692
1329,-69.8,132.792
1330,-69.8,132.892
1331,-69.8,132.995
1332,-69.8,133.092
1333,-69.8,133.193
1334,-69.8,133.292
1335,-69.8,133.392
1336,-69.6,133.492
1337,-69.6,133.592
1338,-69.6,133.693
1339,-69.6,133.793
1340,-69.6,133.893
1341,-69.6,133.993
1342,-69.6,134.092
1343,-69.6,134.193
1344,-69.6,134.292
1345,-69.6,134.392
1346,-69.6,134.493
1347,-69.6,134.593
1348,-69.6,134.693
1349,-69.6,134.793
1350,-69.6,134.892
1351,-69.6,134.993
1352,-69.6,135.093
1353,-69.6,135.193
1354,-69.6,135.293
1355,-69.6,135.392
1356,-69.6,135.493
1357,-69.6,135.592
1358,-69.6,135.693
1359,-69.6,135.793
1360,-69.6,135.893
1361,-69.6,135.992
1362,-69.6,136.093
1363,-69.6,136.193
1364,-69.6,136.293
1365,-69.6,136.392
1366,-69.6,136.493
1367,-69.6,136.592
1368,-69.4,136.693
1369,-69.4,136.792
1370,-69.4,136.892
1371,-69.4,136.993
1372,-69.4,137.093
1373,-69.4,137.192
1374,-69.4,137.293
1375,-69.4,137.392
1376,-69.4,137.494
1377,-69.4,137.593
1378,-69.4,137.693
1379,-69.4,137.792
1380,-69.4,137.892
1381,-69.4,137.994
1382,-69.4,138.093
1383,-69.4,138.192
1384,-69.4,138.292
1385,-69.4,138.392
1386,-69.4,138.493
1387,-69.4,138.591
1388,-69.4,138.692
1389,-69.4,138.792
1390,-69.4,138.892
1391,-69.4,138.993
1392,-69.4,139.092
1393,-69.4,139.192
1394,-69.4,139.292
1395,-69.4,139.392
1396,-69.2,139.493
1397,-69.2,139.592
1398,-69.2,139.692
1399,-69.2,139.792
1400,-69.2,139.892
1401,-69.2,139.993
1402,-69.2,140.092
1403,-69.2,140.192
1404,-69.2,140.292
1405,-69.2,140.392
1406,-69.2,140.493
1407,-69.2,140.592
1408,-69.2,140.692
1409,-69.2,140.791
1410,-69.2,140.892
1411,-69.2,140.993
1412,-69.2,141.092
1413,-69.2,141.191
1414,-69.2,141.292
1415,-69.2,141.392
1416,-69.2,141.493
1417,-69.2,141.592
1418,-69.2,141.693
1419,-69.2,141.793
1420,-69.2,141.893
1421,-69.2,141.993
1422,-69.2,142.093
1423,-69.2,142.192
1424,-69.2,142.292
1425,-69.2,142.392
1426,-69.2,142.494
1427,-69.2,142.593
1428,-69.2,142.693
1429,-69.2,142.792
1430,-69.2,142.892
1431,-69.2,142.994
1432,-69.2,143.092
1433,-69.2,143.193
1434,-69,143.293
1435,-69,143.393
1436,-69,143.493
1437,-69,143.593
1438,-69,143.692
1439,-69,143.792
1440,-69,143.893
1441,-69,143.993
1442,-69,144.093
1443,-69,144.193
1444,-69,144.293
1445,-69,144.393
1446,-69,144.493
1447,-69,144.593
1448,-69,144.693
1449,-69,144.792
1450,-69,144.893
1451,-69,144.993
1452,-69,145.093
1453,-69,145.192
1454,-69,145.292
1455,-69,145.393
1456,-69,145.493
1457,-69,145.593
1458,-69,145.693
1459,-69,145.793
1460,-69,145.893
1461,-68.8,145.993
1462,-68.8,146.092
1463,-68.8,146.192
1464,-68.8,146.293
1465,-68.8,146.393
1466,-68.8,146.493
1467,-68.8,146.592
1468,-68.8,146.693
1469,-68.8,146.792
1470,-68.8,146.892
1471,-68.8,146.994
1472,-68.8,147.092
1473,-68.8,147.193
1474,-68.8,147.292
1475,-68.8,147.392
1476,-69,147.494
1477,-69,147.592
1478,-71.8,147.692
1479,-71.8,147.792
1480,-76,147.893
1481,-84.2,147.993
1482,-95,148.093
1483,-103,148.193
1484,-110.6,148.292
1485,-110.6,148.393
1486,-116.6,148.493
1487,-117.6,148.592
1488,-116.8,148.692
1489,-115.6,148.791
1490,-114.8,148.891
1491,-114.8,148.993
1492,-114,149.091
1493,-113.2,149.192
1494,-112.8,149.292
1495,-112.2,149.392
1496,-112.2,149.492
1497,-111.8,149.592
1498,-111.4,149.692
1499,-111,149.791
1500,-110.8,149.892
1501,-110.6,149.995
1502,-110.6,150.092
1503,-110.2,150.192
1504,-110,150.291
1505,-109.8,150.393
1506,-109.6,150.492
1507,-109.4,150.591
1508,-109.4,150.692
1509,-109.2,150.792
1510,-109,150.893
1511,-108.8,150.992
1512,-108.6,151.093
1513,-108.4,151.192
1514,-108.4,151.291
1515,-108.4,151.393
1516,-108.2,151.492
1517,-108,151.592
1518,-107.8,151.692
1519,-107.8,151.792
1520,-107.8,151.899
1521,-107.6,151.994
1522,-107.6,152.092
1523,-107.4,152.192
1524,-107.2,152.292
1525,-107.2,152.392
1526,-107.2,152.493
1527,-107,152.594
1528,-107,152.693
1529,-106.8,152.792
1530,-106.8,152.893
1531,-106.8,152.993
1532,-106.8,153.092
1533,-106.6,153.193
1534,-106.6,153.293
1535,-106.4,153.393
1536,-106.4,153.492
1537,-106.4,153.593
1538,-106.2,153.693
1539,-106.2,153.792
1540,-106,153.892
1541,-106,153.994
1542,-106,154.092
1543,-106,154.193
1544,-105.8,154.292
1545,-105.8,154.392
1546,-105.8,154.495
1547,-105.6,154.593
1548,-105.6,154.692
1549,-105.6,154.793
1550,-105.6,154.892
1551,-105.4,154.995
1552,-105.4,155.092
1553,-105.4,155.192
1554,-105.4,155.292
1555,-105.2,155.392
1556,-105.2,155.494
1557,-105.2,155.592
1558,-105,155.692
1559,-105,155.793
1560,-105,155.893
1561,-105,155.992
1562,-105,156.092
1563,-104.8,156.193
1564,-104.8,156.293
1565,-104.8,156.392
1566,-104.8,156.494
1567,-104.8,156.592
1568,-104.6,156.692
1569,-104.6,156.793
1570,-104.6,156.893
1571,-104.6,156.993
1572,-104.6,157.092
1573,-104.6,157.192
1574,-104.4,157.293
1575,-104.4,157.392
1576,-104.4,157.498
1577,-104.2,157.594
1578,-104.2,157.692
1579,-104.2,157.792
1580,-104.2,157.892
1581,-104.2,157.993
1582,-104.2,158.092
1583,-104.2,158.191
1584,-104,158.292
1585,-104,158.392
1586,-104,158.494
1587,-104,158.592
1588,-103.8,158.691
1589,-103.8,158.793
1590,-103.8,158.892
1591,-103.8,158.995
1592,-103.8,159.092
1593,-103.8,159.192
1594,-103.6,159.292
1595,-103.6,159.391
1596,-103.6,159.494
1597,-103.6,159.592
1598,-103.6,159.692
1599,-103.6,159.792
1600,-103.6,159.892
1601,-103.6,159.994
1602,-103.6,160.093
1603,-103.4,160.193
1604,-103.4,160.294
1605,-103.4,160.394
1606,-103.4,160.493
1607,-103.4,160.593
1608,-103.4,160.693
1609,-103.2,160.792
1610,-103.2,160.893
1611,-103.2,160.994
1612,-103.2,161.093
1613,-103.2,161.193
1614,-103.2,161.293
1615,-103,161.393
1616,-103,161.492
1617,-103,161.592
1618,-103,161.692
1619,-103,161.795
1620,-103,161.895
1621,-103,161.994
1622,-103,162.093
1623,-103,162.191
1624,-102.8,162.294
1625,-102.8,162.393
1626,-102.8,162.492
1627,-102.8,162.592
1628,-102.8,162.692
1629,-102.8,162.792
1630,-102.8,162.893
1631,-102.8,162.993
1632,-102.6,163.093
1633,-102.6,163.193
1634,-102.6,163.293
1635,-102.6,163.392
1636,-102.6,163.494
1637,-102.6,163.592
1638,-102.6,163.693
1639,-102.6,163.792
1640,-102.6,163.893
1641,-102.6,163.992
1642,-102.4,164.092
1643,-102.4,164.193
1644,-102.4,164.293
1645,-102.4,164.393
1646,-102.4,164.493
1647,-102.4,164.592
1648,-102.4,164.693
1649,-102.4,164.793
1650,-102.4,164.892
1651,-102.2,164.994
1652,-102.2,165.093
1653,-102.2,165.192
1654,-102.2,165.292
1655,-102.2,165.393
1656,-102.2,165.492
1657,-102.2,165.593
1658,-102.2,165.693
1659,-102.2,165.793
1660,-102.2,165.892
1661,-102,165.993
1662,-102,166.092
1663,-102,166.193
1664,-102,166.292
1665,-102,166.393
1666,-102,166.493
1667,-102,166.593
1668,-102,166.692
1669,-102,166.793
1670,-102,166.892
1671,-101.8,166.993
1672,-101.8,167.092
1673,-101.8,167.192
1674,-101.8,167.292
1675,-101.8,167.393
1676,-101.8,167.492
1677,-101.8,167.592
1678,-101.8,167.693
1679,-101.8,167.792
1680,-101.8,167.893
1681,-101.8,167.992
1682,-101.8,168.092
1683,-101.6,168.193
1684,-101.6,168.293
1685,-101.6,168.392
1686,-101.6,168.493
1687,-101.6,168.592
1688,-101.6,168.693
1689,-101.6,168.793
1690,-101.6,168.893
1691,-101.6,168.993
1692,-101.6,169.093
1693,-101.6,169.192
1694,-101.6,169.292
1695,-101.6,169.393
1696,-101.4,169.492
1697,-101.4,169.593
1698,-101.4,169.692
1699,-101.4,169.793
1700,-101.4,169.892
1701,-101.4,169.994
1702,-101.4,170.092
1703,-101.4,170.193
1704,-101.4,170.292
1705,-101.4,170.392
1706,-101.4,170.494
1707,-101.4,170.593
1708,-101.4,170.693
1709,-101.2,170.792
1710,-101.2,170.892
1711,-101.2,170.993
1712,-101.2,171.093
1713,-101.2,171.193
1714,-101.2,171.292
1715,-101.2,171.393
1716,-101.2,171.492
1717,-101.2,171.592
1718,-101.2,171.691
1719,-101,171.792
1720,-101,171.892
1721,-101,171.993
1722,-101,172.091
1723,-101,172.192
1724,-101,172.292
1725,-101,172.392
1726,-101,172.492
1727,-101,172.591
1728,-101,172.692
1729,-101,172.791
1730,-101,172.891
1731,-101,172.993
1732,-101,173.092
1733,-101,173.192
1734,-100.8,173.291
1735,-100.8,173.391
1736,-100.8,173.493
1737,-100.8,173.592
1738,-100.8,173.692
1739,-100.8,173.792
1740,-100.8,173.892
1741,-100.8,173.993
1742,-100.8,174.092
1743,-100.8,174.192
1744,-100.8,174.292
1745,-100.8,174.392
1746,-100.8,174.495
1747,-100.8,174.592
1748,-100.6,174.692
1749,-100.6,174.792
1750,-100.6,174.893
1751,-100.6,174.992
1752,-100.6,175.094
1753,-100.6,175.193
1754,-100.6,175.292
1755,-100.6,175.393
1756,-100.6,175.492
1757,-100.6,175.593
1758,-100.6,175.693
1759,-100.6,175.793
1760,-100.6,175.893
1761,-100.6,175.993
1762,-100.6,176.093
1763,-100.6,176.193
1764,-100.6,176.293
1765,-100.6,176.393
1766,-100.6,176.493
1767,-100.6,176.593
1768,-100.4,176.692
1769,-100.4,176.792
1770,-100.4,176.892
1771,-100.4,176.993
1772,-100.4,177.093
1773,-100.4,177.193
1774,-100.4,177.293
1775,-100.4,177.392
1776,-100.4,177.493
1777,-100.4,177.592
1778,-100.4,177.692
1779,-100.4,177.792
1780,-100.4,177.894
1781,-100.4,177.993
1782,-100.4,178.094
1783,-100.4,178.193
1784,-100.4,178.293
1785,-100.2,178.392
1786,-100.2,178.514
1787,-100.2,178.593
1788,-100.2,178.692
1789,-100.2,178.794
1790,-100.2,178.893
1791,-100.2,178.992
1792,-100.2,179.092
1793,-100.2,179.192
1794,-100.2,179.293
1795,-100.2,179.393
1796,-100.2,179.493
1797,-100.2,179.592
1798,-100.2,179.693
1799,-100.2,179.792
1800,-100.2,179.892
1801,-100,179.994
1802,-100,180.093
1803,-100,180.192
1804,-100,180.293
1805,-100,180.392
1806,-100,180.494
1807,-100,180.592
1808,-100,180.693
1809,-100,180.792
1810,-100,180.892
1811,-100,180.994
1812,-100,181.092
1813,-100,181.192
1814,-100,181.292
1815,-100,181.394
1816,-100,181.492
1817,-100,181.593
1818,-99.8,181.692
1819,-99.8,181.792
1820,-99.8,181.892
1821,-99.8,181.994
1822,-99.8,182.093
1823,-99.8,182.193
1824,-99.8,182.292
1825,-99.8,182.392
1826,-99.8,182.494
1827,-99.8,182.593
1828,-99.8,182.692
1829,-99.8,182.792
1830,-99.8,182.893
1831,-99.8,182.992
1832,-99.8,183.092
1833,-99.8,183.192
1834,-99.8,183.292
1835,-99.8,183.391
1836,-99.8,183.494
1837,-99.8,183.592
1838,-99.6,183.693
1839,-99.6,183.792
1840,-99.6,183.893
1841,-99.6,183.992
1842,-99.6,184.092
1843,-99.6,184.192
1844,-99.6,184.292
1845,-99.6,184.393
1846,-99.6,184.492
1847,-99.6,184.593
1848,-99.6,184.693
1849,-99.6,184.793
1850,-99.6,184.892
1851,-99.6,184.994
1852,-99.6,185.093
1853,-99.6,185.192
1854,-99.6,185.294
1855,-99.6,185.392
1856,-99.6,185.496
1857,-99.6,185.594
1858,-99.6,185.693
1859,-99.4,185.794
1860,-99.4,185.895
1861,-99.4,185.995
1862,-99.4,186.092
1863,-99.4,186.192
1864,-99.4,186.294
1865,-99.4,186.393
1866,-99.4,186.493
1867,-99.4,186.593
1868,-99.4,186.693
1869,-99.4,186.794
1870,-99.4,186.893
1871,-99.4,186.993
1872,-99.4,187.093
1873,-99.4,187.193
1874,-99.4,187.293
1875,-99.4,187.394
1876,-99.4,187.494
1877,-99.4,187.592
1878,-99.4,187.692
1879,-99.4,187.792
1880,-99.4,187.893
1881,-99.4,187.993
1882,-99.4,188.094
1883,-99.4,188.192
1884,-99.4,188.293
1885,-99.4,188.396
1886,-99.4,188.496
1887,-99.2,188.595
1888,-99.2,188.694
1889,-99.2,188.795
1890,-99.2,188.892
1891,-99.2,188.994
1892,-99.2,189.092
1893,-99.2,189.192
1894,-99.2,189.293
1895,-99.2,189.397
1896,-99.2,189.493
1897,-99.2,189.592
1898,-99.2,189.692
1899,-99.2,189.795
1900,-99.2,189.894
1901,-99.2,189.992
1902,-99.2,190.092
1903,-99.2,190.192
1904,-99.2,190.292
1905,-99.2,190.392
1906,-99.2,190.493
1907,-99,190.593
1908,-99,190.693
1909,-99,190.793
1910,-99,190.892
1911,-99,190.994
1912,-99,191.094
1913,-99,191.192
1914,-99,191.292
1915,-99,191.392
1916,-99,191.493
1917,-99.2,191.593
1918,-99.2,191.692
1919,-99.4,191.793
1920,-101.2,191.893
1921,-107.4,191.992
1922,-118,192.095
1923,-129,192.193
1924,-129,192.293
1925,-135,192.392
1926,-135.8,192.495
1927,-135,192.592
1928,-134.2,192.693
1929,-134.2,192.793
1930,-133.2,192.892
1931,-132.6,192.993
1932,-132,193.093
1933,-131.4,193.192
1934,-131,193.293
1935,-131,193.392
1936,-130.4,193.493
1937,-130.2,193.593
1938,-129.8,193.691
1939,-129.4,193.792
1940,-129.2,193.893
1941,-129.2,193.991
1942,-128.8,194.092
1943,-128.6,194.192
1944,-128.4,194.293
1945,-128.2,194.393
1946,-128.2,194.493
1947,-128,194.593
1948,-127.8,194.695
1949,-127.6,194.793
1950,-127.4,194.892
1951,-127.2,194.994
1952,-127.2,195.092
1953,-127,195.192
1954,-126.8,195.292
1955,-126.6,195.393
1956,-126.6,195.496
1957,-126.4,195.593
1958,-126.4,195.692
1959,-126.2,195.795
1960,-126.2,195.894
1961,-126,195.997
1962,-125.8,196.093
1963,-125.8,196.192
1964,-125.8,196.292
1965,-125.6,196.392
1966,-125.4,196.493
1967,-125.4,196.591
1968,-125.2,196.692
1969,-125.2,196.792
1970,-125.2,196.892
1971,-125,196.993
1972,-125,197.092
1973,-124.8,197.193
1974,-124.8,197.293
1975,-124.6,197.393
1976,-124.6,197.493
1977,-124.6,197.592
1978,-124.4,197.692
1979,-124.4,197.792
1980,-124.2,197.893
1981,-124.2,197.992
1982,-124.2,198.092
1983,-124.2,198.192
1984,-124,198.292
1985,-124,198.392
1986,-123.8,198.494
1987,-123.8,198.592
1988,-123.8,198.692
1989,-123.8,198.792
1990,-123.6,198.892
1991,-123.6,198.994
1992,-123.6,199.092
1993,-123.6,199.192
1994,-123.4,199.292
1995,-123.4,199.393
1996,-123.2,199.492
1997,-123.2,199.592
1998,-123.2,199.693
1999,-123.2,199.793
2000,-123,199.892
2001,-123,199.994
2002,-123,200.093
2003,-122.8,200.193
2004,-122.8,200.292
2005,-122.8,200.391
2006,-122.8,200.493
2007,-122.8,200.592
2008,-122.6,200.692
2009,-122.6,200.792
2010,-122.6,200.892
2011,-122.6,200.993
2012,-122.4,201.092
2013,-122.4,201.193
2014,-122.4,201.294
2015,-122.2,201.393
2016,-122.2,201.492
2017,-122.2,201.592
2018,-122.2,201.692
2019,-122.2,201.793
2020,-122,201.892
2021,-122,201.994
2022,-122,202.092
2023,-122,202.192
2024,-122,202.292
2025,-121.8,202.392
2026,-121.8,202.493
2027,-121.8,202.592
2028,-121.8,202.693
2029,-121.8,202.792
2030,-121.6,202.893
2031,-121.6,202.992
2032,-121.6,203.093
2033,-121.6,203.193
2034,-121.6,203.292
2035,-121.4,203.393
2036,-121.4,203.493
2037,-121.4,203.593
2038,-121.4,203.692
2039,-121.4,203.793
2040,-121.2,203.893
2041,-121.2,203.993
2042,-121.2,204.092
2043,-121.2,204.193
2044,-121.2,204.292
2045,-121.2,204.392
2046,-121,204.494
2047,-121,204.592
2048,-121,204.692
2049,-121,204.792
2050,-121,204.893
2051,-121,204.993
2052,-120.8,205.093
2053,-120.8,205.193
2054,-120.8,205.292
2055,-120.8,205.392
2056,-120.8,205.493
2057,-120.8,205.593
2058,-120.6,205.692
2059,-120.6,205.792
2060,-120.6,205.893
2061,-120.6,205.992
2062,-120.6,206.093
2063,-120.6,206.193
2064,-120.4,206.293
2065,-120.4,206.392
2066,-120.4,206.494
2067,-120.4,206.592
2068,-120.4,206.692
2069,-120.2,206.792
2070,-120.2,206.892
2071,-120.2,206.994
2072,-120.2,207.093
2073,-120.2,207.192
2074,-120.2,207.292
2075,-120.2,207.392
2076,-120.2,207.494
2077,-120,207.592
2078,-120,207.693
2079,-120,207.793
2080,-120,207.893
2081,-120,207.992
2082,-120,208.093
2083,-120,208.192
2084,-119.8,208.293
2085,-119.8,208.393
2086,-119.8,208.492
2087,-119.8,208.593
2088,-119.8,208.692
2089,-119.8,208.793
2090,-119.8,208.893
2091,-119.8,208.993
2092,-119.6,209.092
2093,-119.6,209.192
2094,-119.6,209.292
2095,-119.6,209.392
2096,-119.6,209.493
2097,-119.6,209.593
2098,-119.6,209.693
2099,-119.4,209.793
2100,-119.4,209.892
2101,-119.4,209.993
2102,-119.4,210.092
2103,-119.4,210.192
2104,-119.4,210.292
2105,-119.4,210.393
2106,-119.2,210.492
2107,-119.2,210.591
2108,-119.2,210.692
2109,-119.2,210.792
2110,-119.2,210.891
2111,-119.2,210.993
2112,-119.2,211.091
2113,-119.2,211.192
2114,-119.2,211.292
2115,-119,211.392
2116,-119,211.493
2117,-119,211.592
2118,-119,211.692
2119,-119,211.792
2120,-119,211.892
2121,-119,211.993
2122,-119,212.092
2123,-119,212.193
2124,-118.8,212.292
2125,-118.8,212.392
2126,-118.8,212.492
2127,-118.8,212.592
2128,-118.8,212.693
2129,-118.8,212.792
2130,-118.8,212.892
2131,-118.8,212.993
2132,-118.8,213.093
2133,-118.8,213.192
2134,-118.6,213.292
2135,-118.6,213.393
2136,-118.6,213.493
2137,-118.6,213.592
2138,-118.6,213.692
2139,-118.6,213.793
2140,-118.6,213.892
2141,-118.6,213.994
2142,-118.6,214.092
2143,-118.6,214.192
2144,-118.4,214.293
2145,-118.4,214.393
2146,-118.4,214.493
2147,-118.4,214.592
2148,-118.4,214.693
2149,-118.4,214.792
2150,-118.4,214.892
2151,-118.4,214.993
2152,-118.2,215.092
2153,-118.2,215.192
2154,-118.2,215.292
2155,-118.2,215.393
2156,-118.2,215.492
2157,-118.2,215.592
2158,-118.2,215.692
2159,-118.2,215.792
2160,-118.2,215.892
2161,-118.2,215.994
2162,-118.2,216.092
2163,-118,216.192
2164,-118,216.293
2165,-118,216.392
2166,-118,216.493
2167,-118,216.592
2168,-118,216.692
2169,-118,216.792
2170,-118,216.894
2171,-118,216.993
2172,-118,217.093
2173,-118,217.193
2174,-118,217.293
2175,-117.8,217.392
2176,-117.8,217.493
2177,-117.8,217.593
2178,-117.8,217.693
2179,-117.8,217.793
2180,-117.8,217.894
2181,-117.8,217.992
2182,-117.8,218.092
2183,-117.8,218.192
2184,-117.8,218.293
2185,-117.8,218.394
2186,-117.6,218.492
2187,-117.6,218.592
2188,-117.6,218.692
2189,-117.6,218.792
2190,-117.6,218.892
2191,-117.6,218.993
2192,-117.6,219.092
2193,-117.6,219.192
2194,-117.6,219.292
2195,-117.6,219.392
2196,-117.6,219.493
2197,-117.4,219.591
2198,-117.4,219.692
2199,-117.4,219.792
2200,-117.4,219.892
2201,-117.4,219.997
2202,-117.4,220.093
2203,-117.4,220.191
2204,-117.4,220.292
2205,-117.4,220.391
2206,-117.4,220.493
2207,-117.2,220.593
2208,-117.2,220.692
2209,-117.2,220.792
2210,-117.2,220.892
2211,-117.2,220.994
2212,-117.2,221.092
2213,-117.2,221.192
2214,-117.2,221.291
2215,-117.2,221.391
2216,-117.2,221.493
2217,-117.2,221.592
2218,-117.2,221.692
2219,-117.2,221.792
2220,-117.2,221.891
2221,-117,221.993
2222,-117,222.091
2223,-117,222.191
2224,-117,222.291
2225,-117,222.392
2226,-117,222.492
2227,-117,222.592
2228,-117,222.692
2229,-117,222.792
2230,-117,222.892
2231,-117,222.993
2232,-117,223.092
2233,-117,223.192
2234,-117,223.292
2235,-117,223.392
2236,-116.8,223.493
2237,-116.8,223.592
2238,-116.8,223.704
2239,-116.8,223.793
2240,-116.8,223.891
2241,-116.8,223.993
2242,-116.8,224.092
2243,-116.8,224.191
2244,-116.8,224.292
2245,-116.8,224.392
2246,-116.8,224.493
2247,-116.8,224.592
2248,-116.8,224.692
2249,-116.8,224.791
2250,-116.6,224.892
2251,-116.6,224.993
2252,-116.6,225.092
2253,-116.6,225.192
2254,-116.6,225.292
2255,-116.6,225.392
2256,-116.6,225.493
2257,-116.6,225.592
2258,-116.6,225.692
2259,-116.6,225.792
2260,-116.6,225.892
2261,-116.6,225.992
2262,-116.6,226.092
2263,-116.4,226.192
2264,-116.4,226.292
2265,-116.4,226.392
2266,-116.4,226.493
2267,-116.4,226.591
2268,-116.4,226.691
2269,-116.4,226.791
2270,-116.4,226.892
2271,-116.4,226.993
2272,-116.4,227.095
2273,-116.4,227.193
2274,-116.4,227.292
2275,-116.2,227.392
2276,-116.2,227.493
2277,-116.2,227.594
2278,-116.2,227.693
2279,-116.2,227.792
2280,-116.2,227.892
2281,-116.2,227.994
2282,-116.2,228.093
2283,-116.2,228.193
2284,-116.2,228.293
2285,-116.2,228.393
2286,-116.2,228.492
2287,-116.2,228.591
2288,-116.2,228.693
2289,-116.2,228.792
2290,-116.2,228.893
2291,-116,228.992
2292,-116,229.094
2293,-116,229.192
2294,-116,229.295
2295,-116,229.395
2296,-116,229.494
2297,-116,229.593
2298,-116,229.693
2299,-116,229.793
2300,-116,229.893
2301,-116,229.992
2302,-116,230.092
2303,-116,230.193
2304,-116,230.293
2305,-116,230.393
2306,-116,230.493
2307,-116,230.593
2308,-116,230.692
2309,-116,230.792
2310,-115.8,230.892
2311,-115.8,230.994
2312,-115.8,231.094
2313,-115.8,231.193
2314,-115.8,231.294
2315,-115.8,231.393
2316,-115.8,231.492
2317,-115.8,231.592
2318,-115.8,231.692
2319,-115.8,231.795
2320,-115.8,231.894
2321,-115.8,231.993
2322,-115.8,232.092
2323,-115.8,232.193
2324,-115.8,232.292
2325,-115.8,232.392
2326,-115.8,232.493
2327,-115.6,232.592
2328,-115.6,232.692
2329,-115.6,232.792
2330,-115.6,232.897
2331,-115.6,232.993
2332,-115.6,233.092
2333,-115.6,233.192
2334,-115.6,233.292
2335,-115.6,233.392
2336,-115.6,233.493
2337,-115.6,233.594
2338,-115.6,233.693
2339,-115.6,233.792
2340,-115.6,233.895
2341,-115.6,233.995
2342,-115.6,234.093
2343,-115.6,234.193
2344,-115.4,234.294
2345,-115.4,234.393
2346,-115.4,234.494
2347,-115.4,234.593
2348,-115.4,234.692
2349,-115.4,234.793
2350,-115.4,234.893
2351,-115.4,235
2352,-115.4,235.095
2353,-115.4,235.192
2354,-115.4,235.293
2355,-115.4,235.392
2356,-115.4,235.495
2357,-115.4,235.592
2358,-115.4,235.693
2359,-115.4,235.794
2360,-115.2,235.893
2361,-115.2,235.992
2362,-115.2,236.092
2363,-115.2,236.192
2364,-115.2,236.292
2365,-115.2,236.395
2366,-115.2,236.493
2367,-115.2,236.592
2368,-115.2,236.692
2369,-115.2,236.792
2370,-115.2,236.892
2371,-115.2,236.995
2372,-115.2,237.092
2373,-115.2,237.193
2374,-115.2,237.294
2375,-115.2,237.406
2376,-115.2,237.493
2377,-115.2,237.592
2378,-115.2,237.692
2379,-115,237.792
2380,-115,237.892
2381,-115,237.993
2382,-115,238.092
2383,-115,238.193
2384,-115,238.292
2385,-115,238.394
2386,-115,238.492
2387,-115,238.593
2388,-115,238.693
2389,-115,238.792
2390,-115,238.893
2391,-115.4,238.994
2392,-115.4,239.093
2393,-120.2,239.193
2394,-129.6,239.294
2395,-142.6,239.393
2396,-152.8,239.492
2397,-156,239.592
2398,-156,239.693
2399,-155.4,239.794
2400,-153.6,239.892
2401,-152,239.994
2402,-150.6,240.093
2403,-149.4,240.193
2404,-149.4,240.293
2405,-148.4,240.393
2406,-147.6,240.494
2407,-147,240.594
2408,-146.2,240.692
2409,-145.8,240.793
2410,-145.8,240.893
2411,-145.2,240.992
2412,-144.8,241.093
2413,-144.2,241.193
2414,-143.8,241.293
2415,-143.8,241.392
2416,-143.4,241.493
2417,-143.2,241.594
2418,-142.8,241.693
2419,-142.4,241.793
2420,-142.2,241.894
2421,-142.2,241.993
2422,-141.8,242.092
2423,-141.6,242.192
2424,-141.4,242.293
2425,-141,242.392
2426,-140.8,242.493
2427,-140.8,242.592
2428,-140.6,242.692
2429,-140.4,242.792
2430,-140.2,242.892
2431,-140,242.993
2432,-139.8,243.092
2433,-139.8,243.192
2434,-139.6,243.292
2435,-139.4,243.393
2436,-139.2,243.493
2437,-139,243.592
2438,-139,243.693
2439,-138.8,243.792
2440,-138.8,243.892
2441,-138.6,243.993
2442,-138.4,244.093
2443,-138.2,244.193
2444,-138.2,244.292
2445,-138.2,244.392
2446,-138,244.494
2447,-137.8,244.594
2448,-137.6,244.692
2449,-137.6,244.793
2450,-137.6,244.893
2451,-137.4,244.992
2452,-137.2,245.092
2453,-137.2,245.193
2454,-137,245.294
2455,-137,245.393
2456,-137,245.494
2457,-136.8,245.593
2458,-136.6,245.692
2459,-136.6,245.794
2460,-136.4,245.892
2461,-136.4,245.993
2462,-136.4,246.092
2463,-136.2,246.192
2464,-136.2,246.293
2465,-136,246.392
2466,-136,246.493
2467,-136,246.593
2468,-135.8,246.693
2469,-135.8,246.793
2470,-135.6,246.894
2471,-135.6,246.993
2472,-135.4,247.093
2473,-135.4,247.193
2474,-135.4,247.297
2475,-135.4,247.395
2476,-135.2,247.494
2477,-135.2,247.593
2478,-135,247.693
2479,-135,247.792
2480,-135,247.893
2481,-134.8,247.992
2482,-134.8,248.093
2483,-134.8,248.192
2484,-134.8,248.293
2485,-134.6,248.393
2486,-134.6,248.493
2487,-134.4,248.593
2488,-134.4,248.692
2489,-134.4,248.793
2490,-134.4,248.893
2491,-134.2,248.993
2492,-134.2,249.092
2493,-134.2,249.192
2494,-134,249.293
2495,-134,249.393
2496,-134,249.493
2497,-133.8,249.592
2498,-133.8,249.693
2499,-133.8,249.793
2500,-133.6,249.893
2501,-133.6,249.993
2502,-133.6,250.093
2503,-133.6,250.193
2504,-133.6,250.293
2505,-133.4,250.392
2506,-133.4,250.494
2507,-133.4,250.593
2508,-133.4,250.693
2509,-133.2,250.793
2510,-133.2,250.893
2511,-133.2,250.993
2512,-133,251.092
2513,-133,251.193
2514,-133,251.293
2515,-133,251.393
2516,-132.8,251.493
2517,-132.8,251.592
2518,-132.8,251.693
2519,-132.8,251.793
2520,-132.6,251.893
2521,-132.6,251.993
2522,-132.6,252.092
2523,-132.6,252.193
2524,-132.4,252.293
2525,-132.4,252.392
2526,-132.4,252.493
2527,-132.4,252.593
2528,-132.4,252.693
2529,-132.2,252.794
2530,-132.2,252.893
2531,-132.2,252.994
2532,-132.2,253.094
2533,-132.2,253.193
2534,-132,253.297
2535,-132,253.394
2536,-132,253.494
2537,-132,253.593
2538,-132,253.693
2539,-131.8,253.795
2540,-131.8,253.893
2541,-131.8,253.993
2542,-131.8,254.095
2543,-131.8,254.193
2544,-131.6,254.294
2545,-131.6,254.394
2546,-131.6,254.495
2547,-131.6,254.592
2548,-131.6,254.714
2549,-131.4,254.802
2550,-131.4,254.894
2551,-131.4,254.994
2552,-131.4,255.092
2553,-131.4,255.192
2554,-131.4,255.292
2555,-131.2,255.392
2556,-131.2,255.495
2557,-131.2,255.592
2558,-131.2,255.693
2559,-131,255.793
2560,-131,255.893
2561,-131,255.992
2562,-131,256.092
2563,-131,256.192
2564,-130.8,256.292
2565,-130.8,256.392
2566,-130.8,256.494
2567,-130.8,256.593
2568,-130.8,256.692
2569,-130.8,256.793
2570,-130.6,256.893
2571,-130.6,256.993
2572,-130.6,257.096
2573,-130.6,257.193
2574,-130.6,257.292
2575,-130.6,257.394
2576,-130.4,257.493
2577,-130.4,257.592
2578,-130.4,257.693
2579,-130.4,257.791
2580,-130.4,257.892
2581,-130.4,257.994
2582,-130.2,258.092
2583,-130.2,258.192
2584,-130.2,258.292
2585,-130.2,258.393
2586,-130.2,258.492
2587,-130.2,258.592
2588,-130.2,258.692
2589,-130.2,258.791
2590,-130,258.893
2591,-130,258.992
2592,-130,259.092
2593,-130,259.192
2594,-130,259.292
2595,-130,259.391
2596,-130,259.493
2597,-129.8,259.592
2598,-129.8,259.692
2599,-129.8,259.792
2600,-129.8,259.891
2601,-129.8,259.993
2602,-129.8,260.092
2603,-129.6,260.192
2604,-129.6,260.292
2605,-129.6,260.392
2606,-129.6,260.493
2607,-129.6,260.592
2608,-129.6,260.692
2609,-129.6,260.791
2610,-129.4,260.892
2611,-129.4,260.993
2612,-129.4,261.091
2613,-129.4,261.192
2614,-129.4,261.291
2615,-129.4,261.392
2616,-129.4,261.493
2617,-129.2,261.592
2618,-129.2,261.691
2619,-129.2,261.792
2620,-129.2,261.891
2621,-129.2,261.993
2622,-129.2,262.092
2623,-129.2,262.192
2624,-129.2,262.292
2625,-129,262.392
2626,-129,262.497
2627,-129,262.593
2628,-129,262.691
2629,-129,262.799
2630,-129,262.893
2631,-129,262.993
2632,-129,263.092
2633,-128.8,263.192
2634,-128.8,263.294
2635,-128.8,263.393
2636,-128.8,263.498
2637,-128.8,263.594
2638,-128.8,263.693
2639,-128.8,263.794
2640,-128.6,263.895
2641,-128.6,263.994
2642,-128.6,264.093
2643,-128.6,264.193
2644,-128.6,264.294
2645,-128.6,264.391
2646,-128.6,264.499
2647,-128.6,264.595
2648,-128.6,264.693
2649,-128.6,264.793
2650,-128.4,264.894
2651,-128.4,264.993
2652,-128.4,265.093
2653,-128.4,265.193
2654,-128.4,265.292
2655,-128.4,265.395
2656,-128.4,265.494
2657,-128.2,265.592
2658,-128.2,265.692
2659,-128.2,265.791
2660,-128.2,265.892
2661,-128.2,265.995
2662,-128.2,266.092
2663,-128.2,266.195
2664,-128.2,266.297
2665,-128.2,266.394
2666,-128.2,266.492
2667,-128,266.592
2668,-128,266.693
2669,-128,266.792
2670,-128,266.892
2671,-128,266.995
2672,-128,267.093
2673,-128,267.191
2674,-128,267.293
2675,-128,267.395
2676,-128,267.493
2677,-127.8,267.594
2678,-127.8,267.694
2679,-127.8,267.793
2680,-127.8,267.892
2681,-127.8,267.992
2682,-127.8,268.093
2683,-127.8,268.193
2684,-127.8,268.293
2685,-127.8,268.393
2686,-127.6,268.495
2687,-127.6,268.594
2688,-127.6,268.692
2689,-127.6,268.793
2690,-127.6,268.894
2691,-127.6,268.992
2692,-127.6,269.094
2693,-127.6,269.193
2694,-127.6,269.295
2695,-127.6,269.392
2696,-127.4,269.493
2697,-127.4,269.591
2698,-127.4,269.693
2699,-127.4,269.792
2700,-127.4,269.892
2701,-127.4,269.993
2702,-127.4,270.093
2703,-127.4,270.192
2704,-127.4,270.292
2705,-127.4,270.393
2706,-127.2,270.491
2707,-127.2,270.592
2708,-127.2,270.693
2709,-127.2,270.792
2710,-127.2,270.892
2711,-127.2,270.993
2712,-127.2,271.092
2713,-127.2,271.192
2714,-127.2,271.292
2715,-127.2,271.392
2716,-127,271.493
2717,-127,271.592
2718,-127,271.693
2719,-127,271.792
2720,-127,271.893
2721,-127,271.992
2722,-127,272.094
2723,-127,272.192
2724,-127,272.292
2725,-127,272.392
2726,-127,272.493
2727,-126.8,272.592
2728,-126.8,272.692
2729,-126.8,272.792
2730,-126.8,272.892
2731,-126.8,272.993
2732,-126.8,273.092
2733,-126.8,273.193
2734,-126.8,273.292
2735,-126.8,273.395
2736,-126.8,273.499
2737,-126.8,273.593
2738,-126.6,273.692
2739,-126.6,273.792
2740,-126.6,273.894
2741,-126.6,273.992
2742,-126.6,274.093
2743,-126.6,274.193
2744,-126.6,274.293
2745,-126.6,274.392
2746,-126.6,274.493
2747,-126.6,274.592
2748,-126.6,274.692
2749,-126.6,274.796
2750,-126.4,274.893
2751,-126.4,274.993
2752,-126.4,275.093
2753,-126.4,275.192
2754,-126.4,275.292
2755,-126.4,275.395
2756,-126.4,275.494
2757,-126.4,275.593
2758,-126.4,275.692
2759,-126.4,275.792
2760,-126.2,275.893
2761,-126.2,275.992
2762,-126.2,276.092
2763,-126.2,276.193
2764,-126.2,276.293
2765,-126.2,276.391
2766,-126.2,276.493
2767,-126.2,276.592
2768,-126.2,276.692
2769,-126.2,276.793
2770,-126.2,276.893
2771,-126.2,276.992
2772,-126.2,277.092
2773,-126.2,277.192
2774,-126.2,277.292
2775,-126,277.392
2776,-126,277.493
2777,-126,277.592
2778,-126,277.692
2779,-126,277.792
2780,-126,277.892
2781,-126,277.993
2782,-126,278.092
2783,-126,278.192
2784,-126,278.292
2785,-126,278.393
2786,-126,278.497
2787,-125.8,278.594
2788,-125.8,278.692
2789,-125.8,278.793
2790,-125.8,278.892
2791,-125.8,278.994
2792,-125.8,279.092
2793,-125.8,279.192
2794,-125.8,279.293
2795,-125.8,279.394
2796,-125,279.492
2797,-125,279.593
2798,-123.2,279.692
2799,-120,279.793
2800,-114.8,279.892
2801,-110.2,279.995
2802,-106,280.093
2803,-106,280.193
2804,-103,280.292
2805,-100.8,280.392
2806,-98.2,280.495
2807,-95.4,280.593
2808,-93.6,280.693
2809,-93.6,280.793
2810,-93.2,280.895
2811,-93.4,280.994
2812,-93.8,281.093
2813,-94,281.192
2814,-94.4,281.292
2815,-94.4,281.393
2816,-94.6,281.495
2817,-94.8,281.593
2818,-95,281.692
2819,-95.2,281.792
2820,-95.2,281.892
2821,-95.4,281.994
2822,-95.4,282.094
2823,-95.6,282.193
2824,-95.6,282.295
2825,-95.8,282.393
2826,-95.8,282.492
2827,-96,282.592
2828,-96,282.692
2829,-96,282.806
2830,-96.2,282.894
2831,-96.4,282.993
2832,-96.4,283.095
2833,-96.4,283.193
2834,-96.4,283.293
2835,-96.6,283.392
2836,-96.6,283.493
2837,-96.6,283.593
2838,-96.6,283.692
2839,-96.6,283.792
2840,-96.8,283.892
2841,-96.8,283.993
2842,-96.8,284.092
2843,-97,284.192
2844,-97,284.291
2845,-97,284.392
2846,-97,284.493
2847,-97,284.591
2848,-97.2,284.692
2849,-97.2,284.792
2850,-97.2,284.892
2851,-97.2,284.993
2852,-97.2,285.092
2853,-97.4,285.191
2854,-97.4,285.292
2855,-97.4,285.392
2856,-97.4,285.492
2857,-97.4,285.591
2858,-97.4,285.692
2859,-97.4,285.792
2860,-97.6,285.892
2861,-97.6,285.993
2862,-97.6,286.092
2863,-97.6,286.192
2864,-97.6,286.292
2865,-97.6,286.392
2866,-97.6,286.496
2867,-97.8,286.595
2868,-97.8,286.694
2869,-97.8,286.794
2870,-97.8,286.894
2871,-97.8,286.994
2872,-97.8,287.093
2873,-97.8,287.193
2874,-97.8,287.293
2875,-97.8,287.392
2876,-98,287.494
2877,-98,287.593
2878,-98,287.692
2879,-98,287.792
2880,-98,287.893
2881,-98,287.993
2882,-98,288.092
2883,-98,288.193
2884,-98,288.293
2885,-98,288.392
2886,-98,288.493
2887,-98.2,288.592
2888,-98.2,288.693
2889,-98.2,288.793
2890,-98.2,288.893
2891,-98.2,288.992
2892,-98.2,289.092
2893,-98.2,289.193
2894,-98.2,289.294
2895,-98.2,289.392
2896,-98.2,289.494
2897,-98.2,289.593
2898,-98.2,289.692
2899,-98.4,289.793
2900,-98.4,289.892
2901,-98.4,289.994
2902,-98.4,290.095
2903,-98.4,290.192
2904,-98.4,290.293
2905,-98.4,290.392
2906,-98.4,290.494
2907,-98.4,290.592
2908,-98.4,290.693
2909,-98.4,290.793
2910,-98.4,290.892
2911,-98.4,290.994
2912,-98.4,291.093
2913,-98.4,291.193
2914,-98.4,291.293
2915,-98.4,291.392
2916,-98.6,291.494
2917,-98.6,291.592
2918,-98.6,291.692
2919,-98.6,291.792
2920,-98.6,291.893
2921,-98.6,291.993
2922,-98.6,292.092
2923,-98.6,292.192
2924,-98.6,292.293
2925,-98.6,292.393
2926,-98.6,292.492
2927,-98.6,292.593
2928,-98.6,292.692
2929,-98.6,292.793
2930,-98.6,292.893
2931,-98.6,292.992
2932,-98.6,293.092
2933,-98.6,293.192
2934,-98.6,293.293
2935,-98.6,293.392
2936,-98.6,293.494
2937,-98.8,293.593
2938,-98.8,293.693
2939,-98.8,293.794
2940,-98.8,293.893
2941,-98.8,293.992
2942,-98.8,294.092
2943,-98.8,294.192
2944,-98.8,294.292
2945,-98.8,294.392
2946,-98.8,294.493
2947,-98.8,294.592
2948,-98.8,294.692
2949,-98.8,294.794
2950,-98.8,294.893
2951,-98.8,294.993
2952,-98.8,295.092
2953,-98.8,295.193
2954,-98.8,295.293
2955,-98.8,295.393
2956,-98.8,295.493
2957,-98.8,295.592
2958,-98.8,295.693
2959,-98.8,295.793
2960,-98.8,295.892
2961,-98.8,295.993
2962,-98.8,296.092
2963,-99,296.193
2964,-99,296.292
2965,-99,296.393
2966,-99,296.492
2967,-99,296.592
2968,-99,296.693
2969,-99,296.792
2970,-99,296.892
2971,-99,296.994
2972,-99,297.093
2973,-99,297.192
2974,-99,297.293
2975,-99,297.392
2976,-99,297.494
2977,-99,297.593
2978,-99,297.693
2979,-99,297.793
2980,-99,297.892
2981,-99,297.993
2982,-99,298.092
2983,-99,298.193
2984,-99,298.293
2985,-99,298.393
2986,-99,298.492
2987,-99,298.592
2988,-99,298.692
2989,-99,298.792
2990,-99,298.892
2991,-99,298.993
2992,-99,299.092
2993,-99,299.192
2994,-99,299.291
2995,-99,299.392
2996,-99,299.493
2997,-99.2,299.592
2998,-99,299.691
2999,-99,299.792
3000,-99,299.892
3001,-99.2,299.993
3002,-99.2,300.092
3003,-99.2,300.192
3004,-99.2,300.292
3005,-99.2,300.392
3006,-99.2,300.493
3007,-99.2,300.592
3008,-99.2,300.691
3009,-99.2,300.792
3010,-99.2,300.892
3011,-99.2,300.992
3012,-99.2,301.092
3013,-99.2,301.193
3014,-99.2,301.292
3015,-99.2,301.392
3016,-99.2,301.492
3017,-99.2,301.591
3018,-99.2,301.692
3019,-99.2,301.791
3020,-99.2,301.892
3021,-99.2,301.993
3022,-99.2,302.093
3023,-99.2,302.192
3024,-99.2,302.292
3025,-99.2,302.392
3026,-99.2,302.493
3027,-99.2,302.592
3028,-99.2,302.692
3029,-99.2,302.792
3030,-99.2,302.892
3031,-99.2,302.993
3032,-99.2,303.092
3033,-99.2,303.192
3034,-99.2,303.291
3035,-99.2,303.391
3036,-99.2,303.493
3037,-99.2,303.591
3038,-99.2,303.692
3039,-99.2,303.792
3040,-99.2,303.892
3041,-99.2,303.993
3042,-99.2,304.092
3043,-99.4,304.192
3044,-99.2,304.292
3045,-99.2,304.391
3046,-99.2,304.492
3047,-99.2,304.592
3048,-99.4,304.692
3049,-99.4,304.792
3050,-99.4,304.892
3051,-99.4,304.993
3052,-99.4,305.092
3053,-99.4,305.192
3054,-99.4,305.292
3055,-99.4,305.392
3056,-99.4,305.494
3057,-99.4,305.593
3058,-99.4,305.693
3059,-99.4,305.793
3060,-99.4,305.892
3061,-99.4,305.994
3062,-99.4,306.092
3063,-99.4,306.193
3064,-99.4,306.293
3065,-99.4,306.392
3066,-99.4,306.494
3067,-99.4,306.593
3068,-99.4,306.693
3069,-99.4,306.792
3070,-99.4,306.893
3071,-99.4,306.993
3072,-99.4,307.093
3073,-99.4,307.193
3074,-99.4,307.293
3075,-99.4,307.393
3076,-99.4,307.492
3077,-99.4,307.593
3078,-99.4,307.693
3079,-99.4,307.792
3080,-99.4,307.893
3081,-99.4,307.992
3082,-99.4,308.093
3083,-99.4,308.193
3084,-99.4,308.292
3085,-99.4,308.392
3086,-99.4,308.493
3087,-99.4,308.592
3088,-99.4,308.691
3089,-99.4,308.792
3090,-99.4,308.913
3091,-99.4,308.993
3092,-99.4,309.092
3093,-99.4,309.193
3094,-99.4,309.292
3095,-99.4,309.392
3096,-99.4,309.492
3097,-99.4,309.591
3098,-99.4,309.692
3099,-99.4,309.792
3100,-99.4,309.892
3101,-99.4,309.993
3102,-99.4,310.092
3103,-99.4,310.196
3104,-99.4,310.293
3105,-99.4,310.396
3106,-99.4,310.498
3107,-99.4,310.596
3108,-99.4,310.695
3109,-99.4,310.793
3110,-99.4,310.893
3111,-99.4,311.011
3112,-99.4,311.096
3113,-99.4,311.193
3114,-99.4,311.293
3115,-99.4,311.393
3116,-99.4,311.492
3117,-99.4,311.593
3118,-99.4,311.692
3119,-99.4,311.792
3120,-99.4,311.893
3121,-99.4,311.993
3122,-99.4,312.093
3123,-99.4,312.197
3124,-99.4,312.294
3125,-99.4,312.392
3126,-99.4,312.494
3127,-99.4,312.592
3128,-99.4,312.693
3129,-99.4,312.793
3130,-99.4,312.893
3131,-99.4,312.993
3132,-99.4,313.093
3133,-99.4,313.192
3134,-99.4,313.293
3135,-99.4,313.392
3136,-99.4,313.493
3137,-99.4,313.592
3138,-99.4,313.692
3139,-99.4,313.793
3140,-99.4,313.893
3141,-99.4,313.993
3142,-99.4,314.093
3143,-99.4,314.192
3144,-99.4,314.293
3145,-99.4,314.393
3146,-99.4,314.492
3147,-99.4,314.592
3148,-99.4,314.692
3149,-99.4,314.795
3150,-99.4,314.892
3151,-99.4,314.994
3152,-99.4,315.093
3153,-99.4,315.193
3154,-99.4,315.292
3155,-99.4,315.392
3156,-99.4,315.495
3157,-99.4,315.595
3158,-99.4,315.693
3159,-99.4,315.793
3160,-99.4,315.892
3161,-99.4,315.994
3162,-99.4,316.093
3163,-99.4,316.193
3164,-99.4,316.292
3165,-99.4,316.392
3166,-99.4,316.494
3167,-99.4,316.592
3168,-99.4,316.693
3169,-99.4,316.792
3170,-99.4,316.892
3171,-99.4,316.994
3172,-99.4,317.093
3173,-99.4,317.192
3174,-99.4,317.292
3175,-99.4,317.392
3176,-99.4,317.494
3177,-99.4,317.594
3178,-99.4,317.692
3179,-99.4,317.793
3180,-99.4,317.893
3181,-99.4,317.992
3182,-99.4,318.099
3183,-99.4,318.194
3184,-99.4,318.292
3185,-99.4,318.392
3186,-99.4,318.493
3187,-99.4,318.592
3188,-99.4,318.692
3189,-99.4,318.792
3190,-99.4,318.894
3191,-99.4,318.994
3192,-99.4,319.092
3193,-99.6,319.192
3194,-99.4,319.293
3195,-99.6,319.394
3196,-99.6,319.492
3197,-99.4,319.592
3198,-99.4,319.693
3199,-99.6,319.795
3200,-99.4,319.894
3201,-99.6,319.993
3202,-99.6,320.092
3203,-99.6,320.192
3204,-99.4,320.292
3205,-99.6,320.392
3206,-99.6,320.493
3207,-99.6,320.595
3208,-99.6,320.692
3209,-99.6,320.794
3210,-99.6,320.893
3211,-99.6,320.992
3212,-99.6,321.092
3213,-99.6,321.193
3214,-99.6,321.293
3215,-99.6,321.392
3216,-99.6,321.494
3217,-99.6,321.594
3218,-99.6,321.693
3219,-99.6,321.794
3220,-99.4,321.894
3221,-99.6,321.991
3222,-99.4,322.093
3223,-99.6,322.192
3224,-99.6,322.292
3225,-99.6,322.392
3226,-99.6,322.493
3227,-99.6,322.592
3228,-99.6,322.692
3229,-99.6,322.792
3230,-99.6,322.893
3231,-99.6,322.994
3232,-99.6,323.092
3233,-99.6,323.192
3234,-99.6,323.292
3235,-99.6,323.392
3236,-99.6,323.495
3237,-99.6,323.592
3238,-99.6,323.692
3239,-99.6,323.792
3240,-99.4,323.893
3241,-99.6,323.993
3242,-99.6,324.092
3243,-99.6,324.192
3244,-99.6,324.297
3245,-99.6,324.395
3246,-99.6,324.495
3247,-99.6,324.592
3248,-99.6,324.692
3249,-99.6,324.792
3250,-99.6,324.893
3251,-99.6,324.992
3252,-99.6,325.092
3253,-99.6,325.192
3254,-99.6,325.292
3255,-99.6,325.392
3256,-99.6,325.496
3257,-99.6,325.593
3258,-99.6,325.694
3259,-99.6,325.792
3260,-99.6,325.892
3261,-99.6,325.995
3262,-99.6,326.091
3263,-99.6,326.192
3264,-99.6,326.293
3265,-99.6,326.392
3266,-99.6,326.495
3267,-99.6,326.592
3268,-99.6,326.692
3269,-99.6,326.792
3270,-99.6,326.892
3271,-99.6,326.994
3272,-99.6,327.092
3273,-99.6,327.194
3274,-99.6,327.293
3275,-99.6,327.392
3276,-99.6,327.493
3277,-99.6,327.593
3278,-99.6,327.692
3279,-99.4,327.792
3280,-97.2,327.892
3281,-93.4,327.993
3282,-88.2,328.091
3283,-88.2,328.193
3284,-82.2,328.292
3285,-77.8,328.392
3286,-74.6,328.493
3287,-73.2,328.592
3288,-72.4,328.692
3289,-72.4,328.792
3290,-72.4,328.893
3291,-72.6,328.992
3292,-73,329.092
3293,-73.2,329.192
3294,-73.2,329.291
3295,-73.6,329.392
3296,-73.8,329.493
3297,-74,329.591
3298,-74.2,329.692
3299,-74.4,329.792
3300,-74.4,329.892
3301,-74.4,329.993
3302,-74.6,330.092
3303,-74.6,330.193
3304,-74.8,330.292
3305,-75,330.392
3306,-75,330.493
3307,-75,330.592
3308,-75.2,330.692
3309,-75.2,330.792
3310,-75.4,330.892
3311,-75.4,330.993
3312,-75.4,331.095
3313,-75.4,331.192
3314,-75.6,331.292
3315,-75.6,331.394
3316,-75.6,331.492
3317,-75.6,331.592
3318,-75.8,331.693
3319,-75.8,331.793
3320,-75.8,331.892
3321,-76,331.993
3322,-76,332.091
3323,-76,332.192
3324,-76,332.292
3325,-76.2,332.393
3326,-76.2,332.492
3327,-76.2,332.592
3328,-76.2,332.692
3329,-76.2,332.792
3330,-76.4,332.892
3331,-76.4,332.993
3332,-76.4,333.093
3333,-76.4,333.192
3334,-76.4,333.292
3335,-76.4,333.393
3336,-76.6,333.493
3337,-76.6,333.593
3338,-76.6,333.693
3339,-76.6,333.795
3340,-76.6,333.895
3341,-76.6,333.994
3342,-76.8,334.093
3343,-76.8,334.193
3344,-76.8,334.292
3345,-76.8,334.393
3346,-76.8,334.492
3347,-76.8,334.592
3348,-76.8,334.692
3349,-76.8,334.793
3350,-76.8,334.893
3351,-77,334.993
3352,-77,335.093
3353,-77,335.193
3354,-77,335.292
3355,-77,335.392
3356,-77,335.492
3357,-77,335.592
3358,-77,335.693
3359,-77.2,335.792
3360,-77.2,335.893
3361,-77.2,335.993
3362,-77.2,336.092
3363,-77.2,336.192
3364,-77.2,336.292
3365,-77.2,336.392
3366,-77.2,336.494
3367,-77.4,336.593
3368,-77.4,336.692
3369,-77.4,336.793
3370,-77.4,336.893
3371,-77.4,336.994
3372,-77.4,337.092
3373,-77.4,337.192
3374,-77.4,337.293
3375,-77.4,337.392
3376,-77.4,337.493
3377,-77.4,337.593
3378,-77.6,337.692
3379,-77.6,337.793
3380,-77.6,337.893
3381,-77.6,337.993
3382,-77.6,338.092
3383,-77.6,338.193
3384,-77.6,338.292
3385,-77.6,338.393
3386,-77.6,338.493
3387,-77.6,338.592
3388,-77.6,338.692
3389,-77.6,338.792
3390,-77.8,338.893
3391,-77.8,338.993
3392,-77.8,339.092
3393,-77.8,339.192
3394,-77.8,339.293
3395,-77.8,339.393
3396,-77.8,339.493
3397,-77.8,339.592
3398,-77.8,339.692
3399,-77.8,339.793
3400,-77.8,339.892
3401,-77.8,339.994
3402,-77.8,340.092
3403,-77.8,340.193
3404,-77.8,340.292
3405,-77.8,340.393
3406,-77.8,340.493
3407,-78,340.592
3408,-78,340.693
3409,-78,340.792
3410,-78,340.893
3411,-78,340.993
3412,-78,341.093
3413,-78,341.192
3414,-78,341.292
3415,-78,341.393
3416,-78,341.493
3417,-78,341.592
3418,-78,341.692
3419,-78,341.793
3420,-78,341.894
3421,-78.2,341.993
3422,-78.2,342.092
3423,-78.2,342.192
3424,-78.2,342.293
3425,-78.2,342.392
3426,-78.2,342.494
3427,-78.2,342.593
3428,-78.2,342.693
3429,-78.2,342.792
3430,-78.2,342.893
3431,-78.2,342.992
3432,-78.2,343.093
3433,-78.2,343.193
3434,-78.2,343.293
3435,-78.2,343.393
3436,-78.2,343.493
3437,-78.2,343.594
3438,-78.4,343.693
3439,-78.4,343.792
3440,-78.4,343.893
3441,-78.4,343.992
3442,-78.4,344.093
3443,-78.4,344.192
3444,-78.4,344.293
3445,-78.4,344.392
3446,-78.4,344.492
3447,-78.4,344.593
3448,-78.4,344.692
3449,-78.4,344.793
3450,-78.4,344.893
3451,-78.4,344.992
3452,-78.4,345.092
3453,-78.4,345.192
3454,-78.4,345.292
3455,-78.4,345.393
3456,-78.4,345.493
3457,-78.4,345.592
3458,-78.6,345.693
3459,-78.6,345.793
3460,-78.6,345.892
3461,-78.6,345.993
3462,-78.6,346.092
3463,-78.6,346.193
3464,-78.6,346.292
3465,-78.6,346.392
3466,-78.6,346.493
3467,-78.6,346.593
3468,-78.6,346.692
3469,-78.6,346.792
3470,-78.6,346.893
3471,-78.6,346.992
3472,-78.6,347.092
3473,-78.6,347.192
3474,-78.6,347.292
3475,-78.6,347.392
3476,-78.6,347.494
3477,-78.6,347.593
3478,-78.6,347.693
3479,-78.6,347.793
3480,-78.6,347.893
3481,-78.6,347.992
3482,-78.6,348.092
3483,-78.8,348.193
3484,-78.8,348.293
3485,-78.8,348.393
3486,-78.8,348.493
3487,-78.8,348.592
3488,-78.8,348.692
3489,-78.8,348.792
3490,-78.8,348.893
3491,-78.8,348.992
3492,-78.8,349.092
3493,-78.8,349.192
3494,-78.8,349.292
3495,-78.8,349.392
3496,-78.8,349.494
3497,-78.8,349.592
3498,-78.8,349.692
3499,-78.8,349.792
3500,-78.8,349.893
3501,-78.8,349.995
3502,-78.8,350.092
3503,-78.8,350.193
3504,-78.8,350.292
3505,-78.8,350.394
3506,-78.8,350.492
3507,-78.8,350.593
3508,-78.8,350.693
3509,-78.8,350.792
3510,-78.8,350.892
3511,-78.8,350.994
3512,-78.8,351.092
3513,-78.8,351.193
3514,-78.8,351.292
3515,-78.8,351.392
3516,-78.8,351.493
3517,-79,351.592
3518,-79,351.693
3519,-79,351.792
3520,-79,351.892
3521,-79,351.993
3522,-79,352.092
3523,-79,352.192
3524,-79,352.292
3525,-79,352.393
3526,-79,352.493
3527,-79,352.593
3528,-79,352.692
3529,-79,352.793
3530,-79,352.893
3531,-79,352.992
3532,-79,353.092
3533,-79,353.192
3534,-79,353.293
3535,-79,353.393
3536,-79,353.495
3537,-79,353.593
3538,-79,353.692
3539,-79,353.792
3540,-79,353.893
3541,-79,353.992
3542,-79,354.093
3543,-79,354.192
3544,-79,354.292
3545,-79,354.393
3546,-79,354.492
3547,-79.2,354.592
3548,-79.2,354.692
3549,-79.2,354.792
3550,-79.2,354.893
3551,-79.2,354.993
3552,-79.2,355.093
3553,-79.2,355.193
3554,-79.2,355.293
3555,-79.2,355.392
3556,-79.2,355.494
3557,-79.2,355.593
3558,-79.2,355.692
3559,-79.2,355.793
3560,-79.2,355.893
3561,-79.2,355.993
3562,-79.2,356.093
3563,-79.2,356.193
3564,-79.2,356.293
3565,-79.2,356.393
3566,-79.2,356.494
3567,-79.2,356.593
3568,-79.2,356.693
3569,-79.2,356.792
3570,-79.2,356.893
3571,-79.2,356.993
3572,-79.2,357.093
3573,-79.2,357.192
3574,-79.2,357.292
3575,-79.2,357.403
3576,-79.2,357.493
3577,-79.2,357.592
3578,-79.2,357.692
3579,-79.2,357.792
3580,-79.2,357.892
3581,-79.2,357.993
3582,-79.2,358.092
3583,-79.2,358.193
3584,-79.2,358.292
3585,-79.2,358.393
3586,-79.2,358.492
3587,-79.2,358.592
3588,-79.2,358.692
3589,-79.2,358.792
3590,-79.2,358.892
3591,-79.4,358.994
3592,-79.4,359.092
3593,-79.4,359.192
3594,-79.4,359.293
3595,-79.4,359.393
3596,-79.4,359.492
3597,-79.4,359.592
3598,-79.4,359.692
3599,-79.4,359.792
3600,-79.4,359.893
3601,-79.4,359.994
3602,-79.4,360.093
3603,-79.4,360.193
3604,-79.4,360.293
3605,-79.4,360.392
3606,-79.4,360.493
3607,-79.4,360.592
3608,-79.4,360.692
3609,-79.4,360.795
3610,-79.4,360.893
3611,-79.4,360.994
3612,-79.4,361.094
3613,-79.4,361.193
3614,-79.4,361.293
3615,-79.4,361.395
3616,-79.4,361.499
3617,-79.4,361.594
3618,-79.4,361.693
3619,-79.4,361.795
3620,-79.4,361.895
3621,-79.4,361.993
3622,-79.4,362.094
3623,-79.4,362.193
3624,-79.4,362.295
3625,-79.4,362.393
3626,-79.4,362.492
3627,-79.4,362.592
3628,-79.4,362.692
3629,-79.4,362.792
3630,-79.4,362.892
3631,-79.4,362.993
3632,-79.4,363.093
3633,-79.4,363.195
3634,-79.4,363.294
3635,-79.4,363.395
3636,-79.6,363.495
3637,-79.4,363.593
3638,-79.6,363.693
3639,-79.4,363.793
3640,-79.6,363.893
3641,-79.6,363.992
3642,-79.6,364.092
3643,-79.6,364.192
3644,-79.6,364.292
3645,-79.6,364.392
3646,-79.6,364.493
3647,-79.6,364.592
3648,-79.6,364.692
3649,-79.6,364.793
3650,-79.6,364.892
3651,-79.6,364.993
3652,-79.6,365.092
3653,-79.6,365.194
3654,-79.6,365.292
3655,-79.6,365.396
3656,-79.6,365.495
3657,-79.6,365.594
3658,-79.6,365.693
3659,-79.6,365.794
3660,-79.6,365.893
3661,-79.6,365.992
3662,-79.6,366.092
3663,-79.6,366.192
3664,-79.6,366.292
3665,-79.6,366.392
3666,-79.6,366.494
3667,-79.6,366.593
3668,-79.6,366.692
3669,-79.6,366.795
3670,-79.6,366.895
3671,-79.6,366.994
3672,-79.6,367.093
3673,-79.6,367.193
3674,-79.6,367.293
3675,-79.6,367.393
3676,-79.6,367.492
3677,-79.6,367.592
3678,-79.6,367.692
3679,-79.6,367.792
3680,-79.6,367.892
3681,-79.6,367.994
3682,-79.6,368.093
3683,-79.8,368.192
3684,-80.2,368.297
3685,-81.8,368.393
3686,-85.2,368.492
3687,-85.2,368.592
3688,-89.8,368.692
3689,-95.4,368.792
3690,-101.2,368.893
3691,-105.2,368.992
3692,-107.2,369.092
3693,-107.2,369.193
3694,-108.2,369.293
3695,-108.2,369.392
3696,-107.8,369.493
3697,-107.4,369.594
3698,-106.8,369.692
3699,-106.8,369.793
3700,-103.2,369.895
3701,-93,369.995
3702,-79,370.093
3703,-69.2,370.192
3704,-69.2,370.292
3705,-63.8,370.391
3706,-62.4,370.494
3707,-62.2,370.592
3708,-62.4,370.693
3709,-62.8,370.793
3710,-62.8,370.892
3711,-63,370.993
3712,-63.4,371.092
3713,-63.6,371.193
3714,-63.8,371.292
3715,-64,371.394
3716,-64,371.492
3717,-64.2,371.592
3718,-64.2,371.692
3719,-62.6,371.792
3720,-55,371.892
3721,-51.8,371.993
3722,-51.8,372.095
3723,-51.2,372.192
3724,-51.2,372.293
3725,-51.6,372.395
3726,-52,372.493
3727,-52.2,372.593
3728,-52.2,372.693
3729,-52.4,372.795
3730,-52.8,372.893
3731,-53,372.992
3732,-53.2,373.092
3733,-53.2,373.193
3734,-53.4,373.292
3735,-53.4,373.393
3736,-53.6,373.492
3737,-53.8,373.593
3738,-53.8,373.693
3739,-53.8,373.794
3740,-54,373.894
3741,-54.2,373.992
3742,-54.2,374.092
3743,-54.4,374.192
3744,-54.4,374.292
3745,-54.4,374.392
3746,-54.6,374.492
3747,-54.6,374.592
3748,-54.6,374.692
3749,-54.8,374.794
3750,-54.8,374.892
3751,-54.8,374.994
3752,-55,375.092
3753,-55,375.192
3754,-55.2,375.292
3755,-55.2,375.393
3756,-55.2,375.492
3757,-55.2,375.594
3758,-55.2,375.692
3759,-55.4,375.792
3760,-55.4,375.893
3761,-55.4,375.992
3762,-55.4,376.092
3763,-55.4,376.192
3764,-55.6,376.292
3765,-55.6,376.391
3766,-55.6,376.493
3767,-55.8,376.592
3768,-55.8,376.692
3769,-55.8,376.791
3770,-55.8,376.894
3771,-55.8,376.992
3772,-56,377.092
3773,-56,377.192
3774,-56,377.293
3775,-56,377.394
3776,-56,377.492
3777,-56.2,377.593
3778,-56.2,377.692
3779,-56.2,377.792
3780,-56.2,377.892
3781,-56.2,377.993
3782,-56.2,378.092
3783,-56.2,378.192
3784,-56.4,378.292
3785,-56.4,378.392
3786,-56.4,378.493
3787,-56.4,378.592
3788,-56.4,378.692
3789,-56.4,378.792
3790,-56.4,378.892
3791,-56.4,378.993
3792,-56.6,379.092
3793,-56.6,379.192
3794,-56.6,379.292
3795,-56.6,379.392
3796,-56.6,379.493
3797,-56.6,379.592
3798,-56.8,379.692
3799,-56.8,379.792
3800,-56.8,379.892
3801,-56.8,379.994
3802,-56.8,380.092
3803,-56.8,380.192
3804,-56.8,380.293
3805,-56.8,380.392
3806,-56.8,380.493
3807,-57,380.593
3808,-57,380.692
3809,-57,380.792
3810,-57,380.892
3811,-57,380.992
3812,-57,381.092
3813,-57.2,381.192
3814,-57.2,381.292
3815,-57.2,381.392
3816,-57.2,381.493
3817,-57.2,381.592
3818,-57.2,381.692
3819,-57.2,381.792
3820,-57.2,381.891
3821,-57.2,381.993
3822,-57.2,382.092
3823,-57.2,382.192
3824,-57.2,382.292
3825,-57.2,382.391
3826,-57.2,382.494
3827,-57.4,382.591
3828,-57.4,382.691
3829,-57.4,382.791
3830,-57.4,382.892
3831,-57.4,382.992
3832,-57.4,383.091
3833,-57.4,383.191
3834,-57.4,383.292
3835,-57.4,383.391
3836,-57.4,383.493
3837,-57.4,383.592
3838,-57.6,383.692
3839,-57.6,383.791
3840,-57.6,383.892
3841,-57.6,383.992
3842,-57.6,384.092
3843,-57.6,384.192
3844,-57.6,384.292
3845,-57.6,384.392
3846,-57.6,384.492
3847,-57.6,384.592
3848,-57.6,384.692
3849,-57.6,384.792
3850,-57.6,384.892
3851,-57.8,384.995
3852,-57.8,385.092
3853,-57.8,385.192
3854,-57.8,385.291
3855,-57.8,385.391
3856,-57.8,385.493
3857,-57.8,385.592
3858,-57.8,385.692
3859,-57.8,385.792
3860,-57.8,385.891
3861,-57.8,385.993
3862,-57.8,386.092
3863,-57.8,386.191
3864,-58,386.292
3865,-58,386.392
3866,-58,386.493
3867,-58,386.592
3868,-58,386.692
3869,-58,386.792
3870,-58,386.892
3871,-58,386.993
3872,-58,387.092
3873,-58,387.191
3874,-58,387.291
3875,-58.2,387.392
3876,-58.2,387.492
3877,-58.2,387.592
3878,-58.2,387.692
3879,-58.2,387.792
3880,-58.2,387.892
3881,-58.2,387.993
3882,-58.2,388.092
3883,-58.2,388.192
3884,-58.2,388.293
3885,-58.2,388.392
3886,-58.2,388.493
3887,-58.2,388.592
3888,-58.2,388.692
3889,-58.2,388.791
3890,-58.2,388.892
3891,-58.2,388.992
3892,-58.2,389.091
3893,-58.2,389.192
3894,-58.2,389.292
3895,-58.2,389.392
3896,-58.2,389.492
3897,-58.4,389.592
3898,-58.4,389.692
3899,-58.4,389.792
3900,-58.4,389.891
3901,-58.4,389.993
3902,-58.4,390.092
3903,-58.4,390.192
3904,-58.4,390.291
3905,-58.4,390.391
3906,-58.4,390.493
3907,-58.4,390.592
3908,-58.4,390.693
3909,-58.4,390.792
3910,-58.4,390.892
3911,-58.4,390.993
3912,-58.4,391.092
3913,-58.4,391.192
3914,-58.4,391.292
3915,-58.4,391.392
3916,-58.6,391.493
3917,-58.6,391.592
3918,-58.6,391.692
3919,-58.6,391.792
3920,-58.6,391.892
3921,-58.6,391.992
3922,-58.6,392.092
3923,-58.6,392.192
3924,-58.6,392.291
3925,-58.6,392.391
3926,-58.6,392.493
3927,-58.6,392.592
3928,-58.6,392.692
3929,-58.6,392.791
3930,-58.6,392.892
3931,-58.6,392.992
3932,-58.6,393.092
3933,-58.6,393.193
3934,-58.6,393.292
3935,-58.6,393.392
3936,-58.6,393.493
3937,-58.6,393.592
3938,-58.8,393.692
3939,-58.8,393.792
3940,-58.8,393.892
3941,-58.8,393.993
3942,-58.8,394.092
3943,-58.8,394.192
3944,-58.8,394.292
3945,-58.8,394.392
3946,-58.8,394.493
3947,-58.8,394.593
3948,-58.8,394.692
3949,-58.8,394.792
3950,-58.8,394.892
3951,-58.8,394.995
3952,-58.8,395.092
3953,-58.8,395.195
3954,-58.8,395.296
3955,-58.8,395.396
3956,-58.8,395.494
3957,-58.8,395.592
3958,-58.8,395.692
3959,-58.8,395.795
3960,-58.8,395.892
3961,-58.8,395.992
3962,-59,396.094
3963,-59,396.197
3964,-59,396.295
3965,-59,396.393
3966,-59,396.493
3967,-59,396.601
3968,-59,396.696
3969,-59,396.793
3970,-59,396.898
3971,-59,396.993
3972,-59,397.092
3973,-59,397.193
3974,-59,397.292
3975,-59,397.392
3976,-59,397.494
3977,-59,397.594
3978,-59,397.692
3979,-59,397.792
3980,-59,397.893
3981,-59,397.993
3982,-59,398.092
3983,-59,398.193
3984,-59,398.293
3985,-59.2,398.393
3986,-59.2,398.493
3987,-59.2,398.592
3988,-59.2,398.692
3989,-59.2,398.792
3990,-59.2,398.892
3991,-59.2,398.993
3992,-59.2,399.093
3993,-59.2,399.192
3994,-59.2,399.292
3995,-59.2,399.393
3996,-59.2,399.493
3997,-59.2,399.593
3998,-59.2,399.693
3999,-59.2,399.792
4000,-59.2,399.893
4001,-59.2,399.993
4002,-59.2,400.093
4003,-59.2,400.193
4004,-59.2,400.293
4005,-59.2,400.392
4006,-59.2,400.494
4007,-59.2,400.593
4008,-59.2,400.693
4009,-59.2,400.792
4010,-59.2,400.893
4011,-59.2,400.993
4012,-59.2,401.092
4013,-59.2,401.192
4014,-59.2,401.292
4015,-59.2,401.393
4016,-59.2,401.494
4017,-59.2,401.593
4018,-59.4,401.692
4019,-59.4,401.793
4020,-59.4,401.893
4021,-59.4,401.992
4022,-59.4,402.093
4023,-59.4,402.193
4024,-59.4,402.293
4025,-59.4,402.393
4026,-59.4,402.493
4027,-59.4,402.593
4028,-59.4,402.692
4029,-59.4,402.793
4030,-59.4,402.894
4031,-59.4,402.993
4032,-59.4,403.093
4033,-59.4,403.192
4034,-59.4,403.293
4035,-59.4,403.393
4036,-59.4,403.493
4037,-59.4,403.593
4038,-59.4,403.693
4039,-59.4,403.793
4040,-59.4,403.893
4041,-59.4,403.992
4042,-59.4,404.093
4043,-59.4,404.192
4044,-59.4,404.293
4045,-59.4,404.396
4046,-59.4,404.494
4047,-59.4,404.593
4048,-59.4,404.693
4049,-59.4,404.792
4050,-59.4,404.893
4051,-59.4,404.993
4052,-59.4,405.093
4053,-59.4,405.193
4054,-59.4,405.292
4055,-59.6,405.392
4056,-59.6,405.494
4057,-59.6,405.594
4058,-59.6,405.693
4059,-59.6,405.792
4060,-59.6,405.894
4061,-59.6,405.992
4062,-59.6,406.092
4063,-59.6,406.193
4064,-59.6,406.292
4065,-59.6,406.392
4066,-59.6,406.497
4067,-59.6,406.593
4068,-59.6,406.691
4069,-59.6,406.792
4070,-59.6,406.892
4071,-59.6,406.993
4072,-59.6,407.092
4073,-59.6,407.192
4074,-59.6,407.292
4075,-59.6,407.392
4076,-59.6,407.497
4077,-59.6,407.594
4078,-59.6,407.692
4079,-59.6,407.792
4080,-59.6,407.892
4081,-59.6,407.993
4082,-59.6,408.092
4083,-59.6,408.192
4084,-59.6,408.292
4085,-59.6,408.392
4086,-59.6,408.493
4087,-59.6,408.592
4088,-59.6,408.692
4089,-59.6,408.793
4090,-59.6,408.893
4091,-59.6,408.992
4092,-59.6,409.092
4093,-59.6,409.192
4094,-59.6,409.292
4095,-59.6,409.392
4096,-59.8,409.493
4097,-59.8,409.592
4098,-59.8,409.692
4099,-59.8,409.792
4100,-59.8,409.892
4101,-59.8,409.995
4102,-59.8,410.093
4103,-59.8,410.191
4104,-59.8,410.296
4105,-59.8,410.393
4106,-59.8,410.492
4107,-59.8,410.593
4108,-59.8,410.692
4109,-59.8,410.792
4110,-59.8,410.892
4111,-59.8,410.994
4112,-59.8,411.092
4113,-59.8,411.192
4114,-59.8,411.292
4115,-59.8,411.393
4116,-59.8,411.492
4117,-59.8,411.592
4118,-59.8,411.692
4119,-59.8,411.792
4120,-59.8,411.892
4121,-59.8,411.993
4122,-59.8,412.092
4123,-59.8,412.193
4124,-59.8,412.292
4125,-59.8,412.393
4126,-59.8,412.493
4127,-59.8,412.593
4128,-59.8,412.693
4129,-59.8,412.792
4130,-59.8,412.894
4131,-59.8,412.992
4132,-59.8,413.092
4133,-59.8,413.192
4134,-59.8,413.293
4135,-59.8,413.393
4136,-59.8,413.492
4137,-59.8,413.593
4138,-59.8,413.693
4139,-59.8,413.792
4140,-59.8,413.892
4141,-59.8,413.994
4142,-60,414.092
4143,-60,414.192
4144,-60,414.293
4145,-60,414.391
4146,-60,414.495
4147,-60,414.593
4148,-60,414.692
4149,-60,414.792
4150,-60,414.894
4151,-60,414.992
4152,-60,415.093
4153,-60,415.192
4154,-60,415.293
4155,-60,415.392
4156,-60,415.493
4157,-60,415.593
4158,-60,415.692
4159,-59.2,415.793
4160,-59.2,415.893
4161,-55.8,415.992
4162,-49,416.092
4163,-38.6,416.193
4164,-29.4,416.292
4165,-24.8,416.393
4166,-24.8,416.492
4167,-22.8,416.592
4168,-21.6,416.693
4169,-20.2,416.792
4170,-18.2,416.892
4171,-17.6,416.993
4172,-17.6,417.092
4173,-18,417.192
4174,-18.4,417.292
4175,-19,417.392
4176,-19.4,417.494
4177,-19.8,417.594
4178,-19.8,417.693
4179,-20.2,417.793
4180,-20.4,417.894
4181,-20.8,417.993
4182,-21,418.093
4183,-21.2,418.193
4184,-21.2,418.293
4185,-21.4,418.393
4186,-21.8,418.493
4187,-22,418.595
4188,-22.2,418.693
4189,-22.2,418.792
4190,-22.2,418.893
4191,-22.4,418.992
4192,-22.6,419.092
4193,-22.8,419.193
4194,-22.8,419.293
4195,-22.8,419.392
4196,-23,419.493
4197,-23,419.592
4198,-23.2,419.692
4199,-23.2,419.793
4200,-23.4,419.893
4201,-23.4,419.992
4202,-23.4,420.092
4203,-23.6,420.192
4204,-23.8,420.292
4205,-23.8,420.392
4206,-24,420.494
4207,-24,420.592
4208,-24,420.693
4209,-24,420.791
4210,-24.2,420.891
4211,-24.2,420.993
4212,-24.2,421.091
4213,-24.2,421.191
4214,-24.4,421.292
4215,-24.4,421.392
4216,-24.6,421.493
4217,-24.6,421.591
4218,-24.6,421.7
4219,-24.6,421.793
4220,-24.8,421.893
4221,-24.8,421.992
4222,-24.8,422.093
4223,-25,422.193
4224,-25,422.292
4225,-25,422.393
4226,-25,422.492
4227,-25.2,422.592
4228,-25.2,422.692
4229,-25.2,422.792
4230,-25.2,422.891
4231,-25.2,422.999
4232,-25.4,423.093
4233,-25.4,423.193
4234,-25.4,423.293
4235,-25.4,423.392
4236,-25.4,423.493
4237,-25.6,423.594
4238,-25.6,423.694
4239,-25.6,423.795
4240,-25.6,423.893
4241,-25.8,423.994
4242,-25.8,424.113
4243,-25.8,424.193
4244,-25.8,424.294
4245,-25.8,424.392
4246,-26,424.493
4247,-26,424.592
4248,-26,424.692
4249,-26,424.792
4250,-26,424.893
4251,-26,424.992
4252,-26.2,425.093
4253,-26.2,425.193
4254,-26.2,425.299
4255,-26.2,425.393
4256,-26.2,425.492
4257,-26.2,425.594
4258,-26.2,425.692
4259,-26.4,425.795
4260,-26.4,425.892
4261,-26.4,425.993
4262,-26.4,426.092
4263,-26.4,426.192
4264,-26.4,426.292
4265,-26.6,426.392
4266,-26.6,426.493
4267,-26.6,426.595
4268,-26.6,426.693
4269,-26.6,426.793
4270,-26.6,426.892
4271,-26.6,426.996
4272,-26.6,427.093
4273,-26.8,427.191
4274,-26.8,427.293
4275,-26.8,427.395
4276,-26.8,427.494
4277,-26.8,427.592
4278,-26.8,427.692
4279,-26.8,427.793
4280,-27,427.893
4281,-27,427.992
4282,-27,428.092
4283,-27,428.192
4284,-27,428.291
4285,-27,428.392
4286,-27,428.494
4287,-27,428.591
4288,-27.2,428.692
4289,-27.2,428.792
4290,-27.2,428.892
4291,-27.2,428.993
4292,-27.2,429.092
4293,-27.2,429.193
4294,-27.2,429.291
4295,-27.2,429.392
4296,-27.2,429.494
4297,-27.4,429.592
4298,-27.4,429.692
4299,-27.4,429.794
4300,-27.4,429.908
4301,-27.4,429.994
4302,-27.4,430.092
4303,-27.4,430.193
4304,-27.4,430.293
4305,-27.4,430.392
4306,-27.4,430.495
4307,-27.4,430.592
4308,-27.4,430.692
4309,-27.6,430.791
4310,-27.6,430.892
4311,-27.6,430.993
4312,-27.6,431.092
4313,-27.6,431.192
4314,-27.6,431.292
4315,-27.6,431.392
4316,-27.6,431.493
4317,-27.8,431.591
4318,-27.8,431.691
4319,-27.8,431.792
4320,-27.8,431.892
4321,-27.8,431.993
4322,-27.8,432.092
4323,-27.8,432.191
4324,-27.8,432.292
4325,-27.8,432.392
4326,-27.8,432.493
4327,-27.8,432.592
4328,-27.8,432.691
4329,-28,432.792
4330,-28,432.892
4331,-28,432.993
4332,-28,433.092
4333,-28,433.193
4334,-28,433.292
4335,-28,433.392
4336,-28,433.493
4337,-28,433.593
4338,-28,433.692
4339,-28,433.792
4340,-28,433.892
4341,-28,433.994
4342,-28.2,434.093
4343,-28.2,434.193
4344,-28.2,434.291
4345,-28.2,434.392
4346,-28.2,434.495
4347,-28.2,434.594
4348,-28.2,434.693
4349,-28.2,434.792
4350,-28.2,434.894
4351,-28.2,434.992
4352,-28.2,435.092
4353,-28.2,435.192
4354,-28.2,435.294
4355,-28.4,435.392
4356,-28.4,435.493
4357,-28.4,435.592
4358,-28.4,435.693
4359,-28.4,435.793
4360,-28.4,435.893
4361,-28.4,435.993
4362,-28.4,436.093
4363,-28.4,436.192
4364,-28.4,436.293
4365,-28.4,436.392
4366,-28.4,436.493
4367,-28.4,436.592
4368,-28.4,436.692
4369,-28.6,436.791
4370,-28.6,436.892
4371,-28.6,436.993
4372,-28.6,437.091
4373,-28.6,437.191
4374,-28.6,437.292
4375,-28.6,437.392
4376,-28.6,437.493
4377,-28.6,437.592
4378,-28.6,437.692
4379,-28.6,437.792
4380,-28.6,437.891
4381,-28.6,437.993
4382,-28.6,438.091
4383,-28.6,438.191
4384,-28.8,438.292
4385,-28.8,438.392
4386,-28.8,438.493
4387,-28.8,438.591
4388,-28.8,438.692
4389,-28.8,438.791
4390,-28.8,438.892
4391,-28.8,438.992
4392,-28.8,439.092
4393,-28.8,439.192
4394,-28.8,439.292
4395,-28.8,439.394
4396,-28.8,439.491
4397,-28.8,439.592
4398,-28.8,439.692
4399,-28.8,439.792
4400,-28.8,439.893
4401,-28.8,439.991
4402,-29,440.092
4403,-29,440.192
4404,-29,440.293
4405,-29,440.392
4406,-29,440.493
4407,-29,440.592
4408,-29,440.692
4409,-29,440.792
4410,-29,440.892
4411,-29,440.993
4412,-29,441.092
4413,-29,441.192
4414,-29,441.292
4415,-29,441.392
4416,-29,441.493
4417,-29,441.594
4418,-29,441.692
4419,-29,441.792
4420,-29,441.891
4421,-29.2,441.993
4422,-29.2,442.092
4423,-29.2,442.192
4424,-29.2,442.292
4425,-29.2,442.392
4426,-29.2,442.493
4427,-29.2,442.591
4428,-29.2,442.693
4429,-29.2,442.793
4430,-29.2,442.894
4431,-29.2,442.996
4432,-29.2,443.094
4433,-29.2,443.192
4434,-29.2,443.292
4435,-29.2,443.402
4436,-29.2,443.494
4437,-29.2,443.594
4438,-29.2,443.692
4439,-29.4,443.793
4440,-29.4,443.892
4441,-29.4,443.995
4442,-29.4,444.093
4443,-29.4,444.193
4444,-29.4,444.293
4445,-29.4,444.392
4446,-29.4,444.493
4447,-29.4,444.592
4448,-29.4,444.693
4449,-29.4,444.793
4450,-29.4,444.893
4451,-29.4,444.993
4452,-29.4,445.093
4453,-29.4,445.192
4454,-29.4,445.293
4455,-29.4,445.393
4456,-29.4,445.493
4457,-29.4,445.592
4458,-29.4,445.692
4459,-29.4,445.792
4460,-29.4,445.895
4461,-29.4,445.994
4462,-29.4,446.092
4463,-29.4,446.193
4464,-29.4,446.292
4465,-29.6,446.394
4466,-29.6,446.492
4467,-29.6,446.593
4468,-29.6,446.693
4469,-29.6,446.793
4470,-29.6,446.892
4471,-29.6,446.995
4472,-29.6,447.092
4473,-29.6,447.192
4474,-29.6,447.292
4475,-29.6,447.393
4476,-29.6,447.493
4477,-29.6,447.593
4478,-29.6,447.693
4479,-29.6,447.793
4480,-29.6,447.892
4481,-29.6,447.993
4482,-29.6,448.092
4483,-29.6,448.193
4484,-29.6,448.292
4485,-29.6,448.392
4486,-29.6,448.493
4487,-29.8,448.592
4488,-29.8,448.692
4489,-29.8,448.792
4490,-29.8,448.892
4491,-29.8,448.993
4492,-29.8,449.092
4493,-29.8,449.192
4494,-29.8,449.294
4495,-29.8,449.392
4496,-29.8,449.493
4497,-29.8,449.592
4498,-29.8,449.692
4499,-29.8,449.793
4500,-29.8,449.892
4501,-29.8,449.993
4502,-29.8,450.092
4503,-29.8,450.192
4504,-29.8,450.292
4505,-29.8,450.392
4506,-29.8,450.493
4507,-29.8,450.592
4508,-29.8,450.692
4509,-29.8,450.792
4510,-29.8,450.893
4511,-29.8,450.992
4512,-29.8,451.092
4513,-30,451.193
4514,-30,451.292
4515,-30,451.393
4516,-30,451.493
4517,-30,451.593
4518,-30,451.693
4519,-30,451.793
4520,-30,451.891
4521,-30,451.994
4522,-30,452.094
4523,-30,452.192
4524,-30,452.292
4525,-30,452.392
4526,-30,452.496
4527,-30,452.595
4528,-30,452.693
4529,-30,452.792
4530,-30,452.892
4531,-30,452.995
4532,-30,453.092
4533,-30,453.191
4534,-30,453.292
4535,-30,453.391
4536,-30,453.494
4537,-30,453.593
4538,-30,453.693
4539,-30,453.792
4540,-30,453.893
4541,-30.2,453.993
4542,-30.2,454.093
4543,-30.2,454.193
4544,-30.2,454.293
4545,-30.2,454.395
4546,-30.2,454.494
4547,-30.2,454.593
4548,-30.2,454.693
4549,-30.2,454.794
4550,-30.2,454.894
4551,-30.2,454.993
4552,-30.2,455.093
4553,-30.2,455.193
4554,-30.2,455.293
4555,-30.2,455.393
4556,-30.2,455.496
4557,-30.2,455.593
4558,-30.2,455.692
4559,-30.2,455.794
4560,-30.2,455.893
4561,-30.2,455.992
4562,-30.2,456.092
4563,-30.2,456.193
4564,-30.2,456.294
4565,-30.2,456.392
4566,-30.2,456.493
4567,-30.2,456.593
4568,-30.2,456.692
4569,-30.4,456.792
4570,-30.4,456.892
4571,-30.4,456.993
4572,-30.4,457.092
4573,-30.4,457.192
4574,-30.4,457.294
4575,-30.4,457.392
4576,-30.4,457.494
4577,-30.4,457.592
4578,-30.4,457.692
4579,-30.4,457.792
4580,-30.4,457.893
4581,-30.4,457.993
4582,-30.4,458.092
4583,-30.4,458.193
4584,-30.4,458.292
4585,-30.4,458.392
4586,-30.4,458.494
4587,-30.4,458.592
4588,-30.4,458.696
4589,-30.4,458.794
4590,-30.4,458.893
4591,-30.4,458.992
4592,-30.4,459.092
4593,-30.4,459.193
4594,-30.4,459.298
4595,-30.4,459.393
4596,-30.4,459.493
4597,-30.4,459.592
4598,-30.4,459.693
4599,-30.4,459.793
4600,-30.4,459.893
4601,-30.4,459.992
4602,-30.4,460.093
4603,-30.4,460.192
4604,-30.4,460.293
4605,-30.4,460.393
4606,-30.4,460.492
4607,-30.4,460.593
4608,-30.4,460.693
4609,-30.4,460.792
4610,-30.4,460.892
4611,-30.4,460.993
4612,-28.2,461.092
4613,-28.2,461.192
4614,-24.6,461.292
4615,-18.8,461.391
4616,-11.2,461.493
4617,-5.2,461.593
4618,-5.2,461.691
4619,-1.6,461.792
4620,-0.2,461.892
4621,0.4,461.994
4622,0.2,462.092
4623,-0.6,462.193
4624,-0.6,462.293
4625,-1.6,462.392
4626,-2.2,462.493
4627,-2.4,462.593
4628,-2.8,462.692
4629,-3,462.792
4630,-3,462.892
4631,-3.2,462.994
4632,-3.4,463.096
4633,-3.6,463.193
4634,-3.6,463.293
4635,-3.8,463.394
4636,-3.8,463.494
4637,-4,463.593
4638,-4.2,463.693
4639,-4.2,463.794
4640,-4.4,463.894
4641,-4.4,463.993
4642,-4.4,464.093
4643,-4.6,464.194
4644,-4.6,464.295
4645,-4.8,464.401
4646,-4.8,464.494
4647,-5,464.593
4648,-5,464.693
4649,-5,464.792
4650,-5.2,464.904
4651,-5.2,465.002
4652,-5.2,465.093
4653,-5.4,465.192
4654,-5.4,465.292
4655,-5.4,465.392
4656,-5.6,465.493
4657,-5.6,465.592
4658,-5.6,465.692
4659,-5.6,465.791
4660,-5.8,465.892
4661,-5.8,465.993
4662,-5.8,466.092
4663,-6,466.192
4664,-6,466.292
4665,-6,466.391
4666,-6,466.493
4667,-6,466.592
4668,-6.2,466.692
4669,-6.2,466.791
4670,-6.2,466.892
4671,-6.2,466.992
4672,-6.4,467.092
4673,-6.4,467.192
4674,-6.4,467.293
4675,-6.4,467.392
4676,-6.4,467.493
4677,-6.4,467.592
4678,-6.6,467.692
4679,-6.6,467.793
4680,-6.6,467.892
4681,-6.8,467.994
4682,-6.8,468.092
4683,-6.8,468.193
4684,-6.8,468.293
4685,-6.8,468.393
4686,-6.8,468.492
4687,-6.8,468.592
4688,-7,468.692
4689,-7,468.792
4690,-7,468.893
4691,-7,468.992
4692,-7,469.092
4693,-7,469.192
4694,-7.2,469.293
4695,-7.2,469.392
4696,-7.2,469.493
4697,-7.2,469.592
4698,-7.2,469.693
4699,-7.2,469.792
4700,-7.2,469.892
4701,-7.2,469.993
4702,-7.4,470.092
4703,-7.4,470.193
4704,-7.4,470.292
4705,-7.4,470.392
4706,-7.4,470.494
4707,-7.4,470.593
4708,-7.4,470.693
4709,-7.6,470.792
4710,-7.6,470.892
4711,-7.6,470.994
4712,-7.6,471.092
4713,-7.6,471.192
4714,-7.6,471.292
4715,-7.8,471.393
4716,-7.8,471.493
4717,-7.8,471.593
4718,-7.8,471.692
4719,-7.8,471.793
4720,-7.8,471.893
4721,-7.8,471.993
4722,-7.8,472.093
4723,-7.8,472.193
4724,-7.8,472.293
4725,-7.8,472.392
4726,-8,472.493
4727,-8,472.593
4728,-8,472.693
4729,-8,472.792
4730,-8,472.892
4731,-8,472.994
4732,-8,473.094
4733,-8,473.193
4734,-8.2,473.293
4735,-8.2,473.392
4736,-8.2,473.493
4737,-8.2,473.592
4738,-8.2,473.692
4739,-8.2,473.792
4740,-8.2,473.893
4741,-8.2,473.993
4742,-8.2,474.092
4743,-8.2,474.192
4744,-8.2,474.293
4745,-8.4,474.394
4746,-8.4,474.493
4747,-8.4,474.592
4748,-8.4,474.692
4749,-8.4,474.794
4750,-8.4,474.893
4751,-8.4,474.994
4752,-8.4,475.092
4753,-8.4,475.192
4754,-8.4,475.296
4755,-8.4,475.393
4756,-8.4,475.492
4757,-8.4,475.592
4758,-8.4,475.692
4759,-8.6,475.794
4760,-8.6,475.893
4761,-8.6,475.994
4762,-8.6,476.093
4763,-8.6,476.193
4764,-8.6,476.292
4765,-8.6,476.394
4766,-8.6,476.493
4767,-8.6,476.593
4768,-8.6,476.692
4769,-8.8,476.792
4770,-8.8,476.892
4771,-8.8,476.995
4772,-8.8,477.093
4773,-8.8,477.193
4774,-8.8,477.295
4775,-8.8,477.395
4776,-8.8,477.494
4777,-8.8,477.592
4778,-8.8,477.693
4779,-8.8,477.792
4780,-8.8,477.893
4781,-8.8,477.992
4782,-8.8,478.092
4783,-8.8,478.192
4784,-8.8,478.293
4785,-8.8,478.398
4786,-9,478.493
4787,-9,478.594
4788,-9,478.692
4789,-9,478.793
4790,-9,478.894
4791,-9,478.993
4792,-9,479.092
4793,-9,479.193
4794,-9,479.293
4795,-9,479.393
4796,-9,479.492
4797,-9,479.596
4798,-9,479.693
4799,-9,479.792
4800,-9.2,479.894
4801,-9.2,479.993
4802,-9.2,480.092
4803,-9.2,480.193
4804,-9.2,480.292
4805,-9.2,480.393
4806,-9.2,480.493
4807,-9.2,480.592
4808,-9.2,480.693
4809,-9.2,480.792
4810,-9.2,480.892
4811,-9.2,480.993
4812,-9.2,481.093
4813,-9.2,481.193
4814,-9.4,481.294
4815,-9.4,481.393
4816,-9.4,481.496
4817,-9.4,481.594
4818,-9.4,481.693
4819,-9.4,481.794
4820,-9.4,481.892
4821,-9.4,481.993
4822,-9.4,482.092
4823,-9.4,482.193
4824,-9.4,482.292
4825,-9.4,482.392
4826,-9.4,482.493
4827,-9.4,482.592
4828,-9.4,482.695
4829,-9.4,482.794
4830,-9.4,482.893
4831,-9.6,482.992
4832,-9.6,483.092
4833,-9.6,483.192
4834,-9.6,483.293
4835,-9.6,483.392
4836,-9.6,483.493
4837,-9.6,483.592
4838,-9.6,483.692
4839,-9.6,483.792
4840,-9.6,483.892
4841,-9.6,483.993
4842,-9.6,484.092
4843,-9.6,484.192
4844,-9.6,484.293
4845,-9.6,484.392
4846,-9.8,484.493
4847,-9.8,484.592
4848,-9.8,484.692
4849,-9.8,484.792
4850,-9.8,484.893
4851,-9.8,484.994
4852,-9.8,485.092
4853,-9.8,485.192
4854,-9.8,485.293
4855,-9.8,485.392
4856,-9.8,485.493
4857,-9.8,485.592
4858,-9.8,485.693
4859,-9.8,485.792
4860,-9.8,485.893
4861,-9.8,485.992
4862,-9.8,486.092
4863,-9.8,486.192
4864,-9.8,486.293
4865,-9.8,486.392
4866,-9.8,486.493
4867,-9.8,486.592
4868,-9.8,486.692
4869,-10,486.795
4870,-10,486.892
4871,-10,486.993
4872,-10,487.092
4873,-10,487.192
4874,-10,487.292
4875,-10,487.392
4876,-10,487.493
4877,-10,487.592
4878,-10,487.692
4879,-10,487.792
4880,-10,487.892
4881,-10,487.993
4882,-10,488.099
4883,-10,488.193
4884,-10,488.3
4885,-10,488.393
4886,-10,488.492
4887,-10,488.593
4888,-10,488.693
4889,-10.2,488.792
4890,-10.2,488.892
4891,-10.2,488.993
4892,-10.2,489.091
4893,-10.2,489.192
4894,-10.2,489.292
4895,-10.2,489.393
4896,-10.2,489.493
4897,-10.2,489.594
4898,-10.2,489.692
4899,-10.2,489.793
4900,-10.2,489.893
4901,-10.2,489.994
4902,-10.2,490.093
4903,-10.2,490.193
4904,-10.2,490.293
4905,-10.2,490.392
4906,-10.2,490.494
4907,-10.2,490.593
4908,-10.2,490.693
4909,-10.2,490.793
4910,-10.2,490.892
4911,-10.2,490.993
4912,-10.4,491.093
4913,-10.4,491.193
4914,-10.4,491.293
4915,-10.4,491.393
4916,-10.4,491.492
4917,-10.4,491.592
4918,-10.4,491.692
4919,-10.4,491.793
4920,-10.4,491.892
4921,-10.4,491.994
4922,-10.4,492.093
4923,-10.4,492.193
4924,-10.4,492.292
4925,-10.4,492.393
4926,-10.4,492.492
4927,-10.4,492.592
4928,-10.4,492.692
4929,-10.4,492.793
4930,-10.4,492.893
4931,-10.4,492.992
4932,-10.4,493.093
4933,-10.4,493.193
4934,-10.4,493.292
4935,-10.6,493.392
4936,-10.6,493.493
4937,-10.6,493.593
4938,-10.6,493.692
4939,-10.6,493.792
4940,-10.6,493.892
4941,-10.6,493.993
4942,-10.6,494.093
4943,-10.6,494.192
4944,-10.6,494.293
4945,-10.6,494.392
4946,-10.6,494.493
4947,-10.6,494.593
4948,-10.6,494.692
4949,-10.6,494.792
4950,-10.6,494.892
4951,-10.6,494.993
4952,-10.6,495.092
4953,-10.6,495.193
4954,-10.6,495.292
4955,-10.6,495.392
4956,-10.6,495.494
4957,-10.6,495.594
4958,-10.6,495.692
4959,-10.6,495.792
4960,-10.8,495.892
4961,-10.8,495.993
4962,-10.8,496.092
4963,-10.8,496.192
4964,-10.8,496.292
4965,-10.8,496.392
4966,-10.8,496.493
4967,-10.8,496.592
4968,-10.8,496.692
4969,-10.8,496.792
4970,-10.8,496.894
4971,-10.8,496.992
4972,-10.8,497.092
4973,-10.8,497.193
4974,-10.8,497.292
4975,-10.8,497.392
4976,-10.8,497.493
4977,-10.8,497.592
4978,-10.8,497.692
4979,-10.8,497.792
4980,-10.8,497.891
4981,-10.8,497.992
4982,-10.8,498.092
4983,-10.8,498.193
4984,-10.8,498.292
4985,-10.8,498.392
4986,-10.8,498.493
4987,-10.8,498.592
4988,-10.8,498.692
4989,-10.8,498.792
4990,-10.8,498.892
4991,-10.8,498.993
4992,-10.8,499.092
4993,-11,499.192
4994,-11,499.292
4995,-11,499.392
4996,-11,499.492
4997,-11,499.592
4998,-11,499.692
4999,-11,499.792
5000,-11,499.892
