Reading,Load [13.0 N],Time [sec.]
1,0,0
2,0,0.1
3,0,0.2
4,0,0.3
5,0,0.4
6,0,0.501
7,0,0.604
8,0,0.7
9,0,0.799
10,0,0.9
11,0,1.002
12,0,1.102
13,0,1.2
14,0,1.299
15,0,1.4
16,0,1.5
17,0,1.6
18,0,1.7
19,0,1.799
20,0,1.901
21,0,2.001
22,0,2.1
23,0,2.2
24,0,2.299
25,0,2.399
26,0,2.5
27,0,2.602
28,0,2.7
29,0,2.8
30,0,2.9
31,0,3
32,0,3.102
33,0,3.2
34,0,3.298
35,0,3.4
36,0,3.499
37,0,3.6
38,0,3.7
39,0,3.799
40,0,3.9
41,0,3.999
42,0,4.1
43,0,4.201
44,0,4.299
45,0,4.401
46,0,4.5
47,0,4.6
48,0,4.7
49,0,4.798
50,0,4.9
51,0,5
52,0,5.1
53,0,5.206
54,0,5.298
55,0,5.4
56,0,5.5
57,0,5.599
58,0,5.7
59,0,5.799
60,0,5.899
61,0,6
62,0,6.1
63,0,6.2
64,0,6.299
65,0,6.4
66,0,6.5
67,0,6.601
68,0,6.7
69,0,6.799
70,0,6.899
71,0,7
72,0,7.1
73,0,7.2
74,0,7.299
75,0,7.403
76,0,7.499
77,0,7.599
78,0,7.7
79,0,7.799
80,0,7.9
81,0,8
82,0,8.1
83,0,8.201
84,0,8.299
85,0,8.4
86,0,8.501
87,0,8.601
88,0,8.7
89,0,8.799
90,0,8.9
91,0,9
92,0,9.1
93,0,9.2
94,0,9.299
95,0,9.4
96,0,9.5
97,0,9.6
98,0,9.7
99,0,9.799
100,0,9.9
101,0,10
102,0,10.102
103,0,10.2
104,0,10.299
105,0,10.401
106,0,10.5
107,0,10.6
108,0,10.701
109,0,10.8
110,0,10.902
111,0,10.999
112,0,11.099
113,0,11.2
114,0,11.3
115,0,11.4
116,0,11.5
117,0,11.6
118,0,11.7
119,0,11.799
120,0,11.901
121,0,12.001
122,0,12.1
123,0,12.2
124,0,12.299
125,0,12.4
126,0,12.501
127,0,12.602
128,0,12.7
129,0,12.799
130,0,12.9
131,0,13.001
132,0,13.1
133,0,13.2
134,0,13.3
135,0,13.399
136,0,13.5
137,0,13.603
138,0,13.701
139,0,13.799
140,0,13.901
141,0,14.001
142,0,14.1
143,0,14.2
144,0,14.3
145,0,14.401
146,0,14.501
147,0,14.6
148,0,14.704
149,0,14.801
150,0,14.9
151,0,15
152,0,15.101
153,0,15.203
154,0,15.303
155,0,15.4
156,0,15.5
157,0,15.6
158,0,15.7
159,0,15.799
160,0,15.9
161,0,16
162,0,16.1
163,0,16.2
164,0,16.3
165,0,16.4
166,0,16.5
167,0,16.6
168,0,16.701
169,0,16.799
170,0,16.901
171,0,17
172,0,17.101
173,0,17.2
174,0,17.299
175,0,17.401
176,0,17.5
177,0,17.6
178,0,17.7
179,0,17.799
180,0,17.903
181,0,18
182,0,18.1
183,0,18.201
184,0,18.299
185,0,18.401
186,0,18.501
187,0,18.6
188,0,18.7
189,0,18.799
190,0,18.9
191,0,19
192,0,19.1
193,0,19.2
194,0,19.3
195,0,19.4
196,0,19.5
197,0,19.603
198,0,19.703
199,0,19.799
200,0,19.9
201,0,20
202,0,20.101
203,0,20.201
204,0,20.3
205,0,20.4
206,0,20.5
207,0,20.6
208,0,20.7
209,0,20.798
210,0,20.9
211,0,21
212,0,21.1
213,0,21.2
214,0,21.299
215,0,21.399
216,0,21.5
217,0,21.6
218,0,21.7
219,0,21.799
220,0,21.9
221,0,22.001
222,0,22.101
223,0,22.2
224,0,22.299
225,0,22.4
226,0,22.5
227,0,22.6
228,0,22.7
229,0,22.8
230,0,22.9
231,0,23
232,0,23.1
233,0,23.2
234,0,23.299
235,0,23.399
236,0,23.5
237,0,23.6
238,0,23.7
239,0,23.799
240,0,23.899
241,0,24
242,0,24.1
243,0,24.202
244,0,24.3
245,0,24.401
246,0,24.502
247,0,24.602
248,0,24.701
249,0,24.799
250,0,24.9
251,0,25
252,0,25.106
253,0,25.202
254,0,25.299
255,0,25.4
256,0,25.5
257,0,25.6
258,0,25.7
259,0,25.801
260,0,25.902
261,0,26.001
262,0,26.102
263,0,26.202
264,0,26.301
265,0,26.401
266,0,26.501
267,0,26.6
268,0,26.7
269,0,26.799
270,0,26.9
271,0,27
272,0,27.101
273,0,27.201
274,0,27.302
275,0,27.4
276,0,27.5
277,0,27.601
278,0,27.7
279,0,27.799
280,0,27.902
281,0,28.001
282,0,28.101
283,0,28.201
284,0,28.3
285,0,28.4
286,0,28.5
287,0,28.6
288,0,28.7
289,0,28.799
290,0,28.899
291,0,29
292,0,29.1
293,0,29.2
294,0,29.3
295,0,29.404
296,0,29.505
297,0,29.605
298,0,29.703
299,0,29.8
300,0,29.904
301,0,30.003
302,0,30.103
303,0,30.202
304,0,30.3
305,0,30.404
306,0,30.505
307,0,30.603
308,0,30.701
309,0,30.801
310,0,30.903
311,0,31
312,0,31.102
313,0,31.202
314,0,31.3
315,0,31.401
316,0,31.5
317,0,31.603
318,0,31.704
319,0,31.803
320,0,31.902
321,0,32
322,0,32.1
323,0,32.2
324,0,32.3
325,0,32.401
326,0,32.5
327,0,32.6
328,0,32.701
329,0,32.8
330,0,32.9
331,0,33
332,0,33.099
333,0,33.199
334,0,33.299
335,0,33.4
336,0,33.499
337,0,33.6
338,0,33.699
339,0,33.8
340,0,33.901
341,0,34
342,0,34.101
343,0,34.201
344,0,34.299
345,0,34.4
346,0,34.5
347,0,34.61
348,0,34.7
349,0,34.798
350,0,34.9
351,0,35.001
352,0,35.1
353,0,35.2
354,0,35.299
355,0,35.4
356,0,35.502
357,0,35.603
358,0,35.703
359,0,35.8
360,0,35.901
361,0,36.002
362,0,36.106
363,0,36.206
364,0,36.301
365,0,36.4
366,0,36.5
367,0,36.6
368,0,36.7
369,0,36.8
370,0,36.9
371,0,37
372,0,37.1
373,0,37.2
374,0,37.299
375,0,37.4
376,0,37.5
377,0,37.603
378,0,37.7
379,0,37.799
380,0,37.9
381,0,38.001
382,0,38.102
383,0,38.201
384,0,38.3
385,0,38.402
386,0,38.502
387,0,38.602
388,0,38.703
389,0,38.802
390,0,38.9
391,0,39
392,0,39.101
393,0,39.201
394,0,39.299
395,0,39.4
396,0,39.501
397,0,39.6
398,0,39.701
399,0,39.799
400,0,39.9
401,0,40
402,0,40.101
403,0,40.201
404,0,40.299
405,0,40.4
406,0,40.5
407,0,40.601
408,0,40.7
409,0,40.8
410,0,40.901
411,0,41
412,0,41.101
413,0,41.2
414,0,41.299
415,0,41.401
416,0,41.501
417,0,41.6
418,0,41.7
419,0,41.799
420,0,41.901
421,0,42
422,0,42.101
423,0,42.2
424,0,42.3
425,0,42.4
426,0,42.5
427,0,42.6
428,0,42.7
429,0,42.799
430,0,42.9
431,0,43
432,0,43.1
433,0,43.2
434,0,43.299
435,0,43.4
436,0,43.501
437,0,43.6
438,0,43.7
439,0,43.799
440,0,43.9
441,0,44
442,0,44.1
443,0,44.2
444,0,44.299
445,0,44.401
446,0,44.5
447,0,44.601
448,0,44.701
449,0,44.8
450,0,44.9
451,0,45
452,0,45.101
453,0,45.2
454,0,45.299
455,0,45.4
456,0,45.5
457,0,45.6
458,0,45.7
459,0,45.799
460,0,45.9
461,0,46
462,0,46.1
463,0,46.2
464,0,46.298
465,0,46.4
466,0,46.5
467,0,46.6
468,0,46.7
469,0,46.799
470,0,46.9
471,0,47
472,0,47.099
473,0,47.2
474,0,47.299
475,0,47.4
476,0,47.5
477,0,47.6
478,0,47.7
479,0,47.799
480,0,47.9
481,0,48
482,0,48.1
483,0,48.2
484,0,48.301
485,0,48.4
486,0,48.5
487,0,48.601
488,0,48.7
489,0,48.799
490,0,48.9
491,0,49.001
492,0,49.1
493,0,49.2
494,0,49.299
495,0,49.4
496,0,49.5
497,0,49.6
498,-0.2,49.7
499,-0.4,49.799
500,-0.4,49.9
501,-2.4,50
502,-7.4,50.1
503,-14.8,50.2
504,-21.6,50.299
505,-27.4,50.4
506,-27.4,50.501
507,-32.4,50.601
508,-36.4,50.701
509,-40,50.799
510,-42.4,50.901
511,-44.8,51
512,-44.8,51.1
513,-47.4,51.2
514,-49.2,51.299
515,-49.2,51.4
516,-49.4,51.5
517,-49.4,51.599
518,-48.8,51.701
519,-47.8,51.799
520,-47,51.9
521,-46.2,52
522,-45.8,52.102
523,-45.8,52.2
524,-45.2,52.299
525,-45,52.399
526,-44.6,52.499
527,-44.4,52.6
528,-44,52.7
529,-44,52.798
530,-43.8,52.9
531,-43.6,53
532,-43.4,53.1
533,-43.2,53.2
534,-43.2,53.299
535,-43.2,53.399
536,-43,53.501
537,-42.8,53.601
538,-42.8,53.7
539,-42.6,53.799
540,-42.6,53.901
541,-42.6,54.002
542,-42.4,54.1
543,-42.4,54.2
544,-42.2,54.299
545,-42.2,54.4
546,-42.2,54.5
547,-42,54.602
548,-42,54.699
549,-41.8,54.799
550,-41.8,54.9
551,-41.6,55.001
552,-41.6,55.1
553,-41.6,55.2
554,-41.6,55.301
555,-41.4,55.4
556,-41.4,55.501
557,-41.4,55.6
558,-41.4,55.7
559,-41.2,55.799
560,-41.2,55.902
561,-41.2,56.001
562,-41,56.102
563,-41,56.201
564,-41,56.299
565,-41,56.4
566,-41,56.5
567,-40.8,56.602
568,-40.8,56.699
569,-40.8,56.799
570,-40.8,56.9
571,-40.8,57
572,-40.6,57.1
573,-40.6,57.2
574,-40.6,57.299
575,-40.6,57.4
576,-40.6,57.5
577,-40.4,57.601
578,-40.4,57.7
579,-40.4,57.799
580,-40.4,57.901
581,-40.4,58
582,-40.4,58.1
583,-40.2,58.2
584,-40.2,58.299
585,-40.2,58.4
586,-40.2,58.5
587,-40.2,58.601
588,-40.2,58.699
589,-40,58.799
590,-40,58.9
591,-40,58.999
592,-40,59.1
593,-40,59.2
594,-40,59.299
595,-40,59.4
596,-40,59.499
597,-39.8,59.6
598,-39.8,59.701
599,-39.8,59.799
600,-39.8,59.9
601,-39.8,60
602,-39.8,60.1
603,-39.8,60.199
604,-39.8,60.298
605,-39.6,60.4
606,-39.6,60.499
607,-39.6,60.6
608,-39.6,60.7
609,-39.6,60.799
610,-39.6,60.9
611,-39.6,61
612,-39.6,61.1
613,-39.4,61.2
614,-39.4,61.3
615,-39.4,61.4
616,-39.4,61.501
617,-39.4,61.6
618,-39.4,61.7
619,-39.4,61.798
620,-39.4,61.9
621,-39.4,62
622,-39.4,62.1
623,-39.2,62.199
624,-39.2,62.299
625,-39.2,62.404
626,-39.2,62.503
627,-39.2,62.601
628,-39.2,62.7
629,-39.2,62.799
630,-39.2,62.9
631,-39.2,63
632,-39.2,63.1
633,-39.2,63.2
634,-39,63.301
635,-39,63.399
636,-39,63.5
637,-39,63.6
638,-39,63.7
639,-39,63.799
640,-39,63.9
641,-39,64
642,-39,64.1
643,-39,64.201
644,-39,64.299
645,-39,64.4
646,-39,64.5
647,-38.8,64.599
648,-38.8,64.7
649,-38.8,64.799
650,-38.8,64.9
651,-38.8,65
652,-38.8,65.1
653,-38.8,65.2
654,-38.8,65.299
655,-38.8,65.4
656,-38.8,65.5
657,-38.8,65.6
658,-38.8,65.7
659,-38.8,65.799
660,-38.6,65.902
661,-38.6,66.002
662,-38.6,66.101
663,-38.6,66.202
664,-38.6,66.299
665,-38.6,66.4
666,-38.6,66.5
667,-38.6,66.6
668,-38.6,66.7
669,-38.6,66.798
670,-38.6,66.9
671,-38.6,67
672,-38.6,67.1
673,-38.6,67.2
674,-38.4,67.299
675,-38.4,67.4
676,-38.4,67.501
677,-38.4,67.6
678,-38.4,67.701
679,-38.4,67.799
680,-38.4,67.9
681,-38.4,68
682,-38.4,68.099
683,-38.4,68.199
684,-38.4,68.298
685,-38.4,68.399
686,-38.4,68.5
687,-38.4,68.6
688,-38.4,68.699
689,-38.4,68.799
690,-38.4,68.901
691,-38.4,69
692,-38.4,69.1
693,-38.2,69.199
694,-38.2,69.298
695,-38.2,69.4
696,-38.2,69.5
697,-38.2,69.6
698,-38.2,69.7
699,-38.2,69.799
700,-38.2,69.9
701,-38.2,70
702,-38.2,70.103
703,-38.2,70.2
704,-38.2,70.299
705,-38.2,70.4
706,-38.2,70.5
707,-38.2,70.6
708,-38.2,70.7
709,-38.2,70.798
710,-38.2,70.9
711,-38,71
712,-38,71.1
713,-38,71.2
714,-38,71.299
715,-38,71.4
716,-38,71.5
717,-38,71.6
718,-38,71.7
719,-38,71.799
720,-38,71.9
721,-38,72
722,-38,72.1
723,-38,72.2
724,-38,72.298
725,-38,72.399
726,-38,72.5
727,-38,72.602
728,-38,72.701
729,-38,72.8
730,-38,72.901
731,-38,73.001
732,-38,73.101
733,-37.8,73.205
734,-37.8,73.302
735,-37.8,73.401
736,-37.8,73.501
737,-37.8,73.601
738,-37.8,73.7
739,-37.8,73.799
740,-37.8,73.9
741,-37.8,74
742,-37.8,74.101
743,-37.8,74.2
744,-37.8,74.301
745,-37.8,74.401
746,-37.8,74.5
747,-37.8,74.607
748,-37.8,74.703
749,-37.8,74.799
750,-37.8,74.901
751,-37.8,75.002
752,-37.8,75.1
753,-37.8,75.2
754,-37.6,75.299
755,-37.6,75.4
756,-37.6,75.5
757,-37.6,75.6
758,-37.6,75.699
759,-37.6,75.799
760,-37.6,75.9
761,-37.6,76
762,-37.6,76.1
763,-37.6,76.2
764,-37.6,76.299
765,-37.6,76.4
766,-37.6,76.5
767,-37.6,76.6
768,-37.6,76.7
769,-37.6,76.799
770,-37.6,76.9
771,-37.6,77
772,-37.6,77.099
773,-37.6,77.2
774,-37.6,77.299
775,-37.6,77.4
776,-37.6,77.499
777,-37.6,77.6
778,-37.6,77.7
779,-37.6,77.799
780,-37.4,77.9
781,-37.4,78
782,-37.4,78.1
783,-37.4,78.2
784,-37.4,78.299
785,-37.4,78.399
786,-37.4,78.5
787,-37.4,78.6
788,-37.4,78.7
789,-37.4,78.798
790,-37.4,78.9
791,-37.4,79.001
792,-37.4,79.1
793,-37.4,79.2
794,-37.4,79.299
795,-37.4,79.4
796,-37.4,79.5
797,-37.4,79.6
798,-37.4,79.7
799,-37.4,79.798
800,-37.4,79.9
801,-37.4,80
802,-37.4,80.1
803,-37.4,80.2
804,-37.4,80.299
805,-37.4,80.401
806,-37.4,80.5
807,-37.4,80.601
808,-37.4,80.7
809,-37.2,80.799
810,-37.2,80.9
811,-37.2,81
812,-37.2,81.1
813,-37.2,81.2
814,-37.2,81.299
815,-37.2,81.4
816,-37.2,81.5
817,-37.2,81.602
818,-37.2,81.699
819,-37.2,81.799
820,-37.2,81.9
821,-37.2,82
822,-37.2,82.1
823,-37.2,82.2
824,-37.2,82.299
825,-37.2,82.4
826,-37.2,82.5
827,-37.2,82.6
828,-37.2,82.701
829,-37.2,82.799
830,-37.2,82.9
831,-37.2,83
832,-37.2,83.1
833,-37.2,83.2
834,-37.2,83.3
835,-37.2,83.399
836,-37.2,83.502
837,-37.2,83.6
838,-37.2,83.7
839,-37.2,83.799
840,-37.2,83.9
841,-37.2,84
842,-37,84.1
843,-37,84.2
844,-37,84.301
845,-37,84.399
846,-37,84.5
847,-37,84.6
848,-37,84.7
849,-37,84.799
850,-37,84.902
851,-37,85.001
852,-37,85.099
853,-37,85.2
854,-37,85.298
855,-37,85.4
856,-37,85.5
857,-37,85.6
858,-37,85.7
859,-37,85.799
860,-37,85.9
861,-37,86
862,-37,86.1
863,-37,86.2
864,-37,86.298
865,-37,86.4
866,-37,86.499
867,-37,86.6
868,-37,86.7
869,-37,86.799
870,-37,86.902
871,-37,87
872,-37,87.1
873,-37,87.2
874,-37,87.298
875,-37,87.4
876,-37,87.5
877,-37,87.599
878,-36.8,87.7
879,-36.8,87.8
880,-36.8,87.9
881,-36.8,88
882,-36.8,88.1
883,-36.8,88.2
884,-36.8,88.3
885,-36.8,88.401
886,-36.8,88.5
887,-36.8,88.6
888,-36.8,88.7
889,-36.8,88.799
890,-36.8,88.901
891,-36.8,89.001
892,-36.8,89.101
893,-36.8,89.2
894,-36.8,89.3
895,-36.8,89.4
896,-36.8,89.5
897,-36.8,89.601
898,-36.8,89.7
899,-36.8,89.8
900,-36.8,89.901
901,-36.8,90
902,-36.8,90.1
903,-36.8,90.201
904,-36.8,90.3
905,-36.8,90.4
906,-36.8,90.5
907,-36.8,90.601
908,-36.6,90.701
909,-34.4,90.799
910,-34.4,90.9
911,-30.8,91
912,-27.6,91.101
913,-24.8,91.201
914,-22.8,91.3
915,-21.2,91.401
916,-21.2,91.5
917,-20.8,91.6
918,-20.8,91.7
919,-21,91.799
920,-21,91.9
921,-21.2,91.999
922,-21.2,92.1
923,-21.2,92.2
924,-21,92.299
925,-21,92.4
926,-21.2,92.5
927,-21.2,92.6
928,-21.2,92.7
929,-21.2,92.799
930,-21.4,92.9
931,-21.4,93
932,-21.4,93.1
933,-21.4,93.2
934,-21.6,93.302
935,-21.6,93.403
936,-21.6,93.502
937,-21.8,93.6
938,-21.8,93.701
939,-21.8,93.8
940,-21.8,93.9
941,-21.8,94.001
942,-22,94.1
943,-22,94.2
944,-22,94.299
945,-22,94.4
946,-22,94.501
947,-22,94.6
948,-22,94.7
949,-22.2,94.802
950,-22.2,94.901
951,-22.2,95
952,-22.2,95.1
953,-22.2,95.2
954,-22.2,95.299
955,-22.2,95.4
956,-22.2,95.5
957,-22.2,95.6
958,-22.2,95.7
959,-22.2,95.798
960,-22.4,95.899
961,-22.4,96
962,-22.4,96.1
963,-22.4,96.2
964,-22.4,96.299
965,-22.4,96.4
966,-22.4,96.501
967,-22.4,96.601
968,-22.4,96.7
969,-22.4,96.799
970,-22.4,96.901
971,-22.4,97
972,-22.4,97.1
973,-22.4,97.2
974,-22.4,97.299
975,-22.4,97.4
976,-22.6,97.502
977,-22.6,97.6
978,-22.6,97.7
979,-22.6,97.799
980,-22.6,97.9
981,-22.6,98
982,-22.6,98.1
983,-22.6,98.199
984,-22.6,98.299
985,-22.6,98.4
986,-22.6,98.5
987,-22.6,98.599
988,-22.6,98.699
989,-22.6,98.799
990,-22.6,98.9
991,-22.6,99
992,-22.6,99.1
993,-22.8,99.2
994,-22.8,99.299
995,-22.8,99.4
996,-22.8,99.5
997,-22.8,99.6
998,-22.8,99.7
999,-22.8,99.799
1000,-22.8,99.9
1001,-22.8,100
1002,-22.8,100.1
1003,-22.8,100.201
1004,-22.8,100.301
1005,-22.8,100.406
1006,-22.8,100.504
1007,-22.8,100.601
1008,-22.8,100.73
1009,-22.8,100.804
1010,-22.8,100.914
1011,-22.8,101
1012,-22.8,101.1
1013,-22.8,101.201
1014,-22.8,101.3
1015,-22.8,101.4
1016,-22.8,101.5
1017,-22.8,101.6
1018,-22.8,101.7
1019,-22.8,101.8
1020,-22.8,101.9
1021,-22.8,102.001
1022,-22.8,102.101
1023,-22.8,102.201
1024,-22.8,102.3
1025,-22.8,102.401
1026,-22.8,102.501
1027,-22.8,102.601
1028,-23,102.701
1029,-23,102.8
1030,-23,102.9
1031,-23,103.001
1032,-23,103.101
1033,-23,103.201
1034,-23,103.3
1035,-23,103.4
1036,-23,103.5
1037,-23,103.601
1038,-23,103.702
1039,-23,103.8
1040,-23,103.901
1041,-23,104.001
1042,-23,104.1
1043,-23,104.2
1044,-23,104.3
1045,-23,104.4
1046,-23,104.501
1047,-23,104.6
1048,-23,104.701
1049,-23,104.801
1050,-23,104.901
1051,-23,105.001
1052,-23,105.1
1053,-23,105.203
1054,-23,105.3
1055,-23,105.4
1056,-23,105.5
1057,-23,105.601
1058,-23,105.702
1059,-23,105.8
1060,-23,105.9
1061,-23,106
1062,-23,106.102
1063,-23,106.201
1064,-23,106.299
1065,-23,106.4
1066,-23,106.501
1067,-23,106.601
1068,-23,106.701
1069,-23,106.8
1070,-23,106.902
1071,-23,107.003
1072,-23,107.101
1073,-23,107.2
1074,-23,107.3
1075,-23.2,107.4
1076,-23.2,107.501
1077,-23.2,107.6
1078,-23.2,107.7
1079,-23.2,107.799
1080,-23.2,107.9
1081,-23.2,108
1082,-23.2,108.1
1083,-23.2,108.201
1084,-23.2,108.299
1085,-23.2,108.4
1086,-23.2,108.501
1087,-23.2,108.601
1088,-23.2,108.7
1089,-23.2,108.8
1090,-23.2,108.9
1091,-23.2,109
1092,-23.2,109.102
1093,-23.2,109.2
1094,-23.2,109.299
1095,-23.2,109.4
1096,-23.2,109.5
1097,-23.2,109.602
1098,-23.2,109.7
1099,-23.2,109.799
1100,-23.2,109.9
1101,-23.2,110
1102,-23.2,110.1
1103,-23.2,110.2
1104,-23.2,110.3
1105,-23.2,110.4
1106,-23.2,110.5
1107,-23.2,110.601
1108,-23.2,110.702
1109,-23.2,110.799
1110,-23.2,110.9
1111,-23.2,111
1112,-23.2,111.101
1113,-23.2,111.201
1114,-23.2,111.299
1115,-23.2,111.4
1116,-23.2,111.5
1117,-23.2,111.6
1118,-23.2,111.7
1119,-23.2,111.799
1120,-23.2,111.9
1121,-23.2,112
1122,-23.2,112.102
1123,-23.2,112.201
1124,-23.2,112.3
1125,-23.2,112.4
1126,-23.2,112.501
1127,-23.2,112.6
1128,-23.2,112.701
1129,-23.2,112.799
1130,-23.2,112.9
1131,-23.2,113.001
1132,-23.2,113.103
1133,-23.2,113.201
1134,-23.2,113.301
1135,-23.2,113.402
1136,-23.2,113.5
1137,-23.2,113.601
1138,-23.2,113.701
1139,-23.2,113.8
1140,-23.2,113.901
1141,-23.2,114.001
1142,-23.2,114.101
1143,-23.2,114.2
1144,-23.2,114.299
1145,-23.2,114.4
1146,-23.2,114.5
1147,-23.2,114.6
1148,-23.2,114.701
1149,-23.2,114.802
1150,-23.2,114.903
1151,-23.2,115.003
1152,-23.2,115.102
1153,-23.2,115.202
1154,-23.2,115.302
1155,-23.2,115.404
1156,-23.2,115.503
1157,-23.2,115.602
1158,-23.2,115.7
1159,-23.2,115.799
1160,-23.2,115.901
1161,-23.2,116.001
1162,-23.2,116.1
1163,-23.2,116.202
1164,-23.2,116.301
1165,-23.2,116.4
1166,-23.2,116.5
1167,-23.2,116.601
1168,-23.2,116.701
1169,-23.2,116.802
1170,-23.2,116.901
1171,-23.2,117
1172,-23.2,117.1
1173,-23.2,117.203
1174,-23.2,117.3
1175,-23.2,117.401
1176,-23.2,117.501
1177,-23.2,117.601
1178,-23.2,117.702
1179,-23.2,117.799
1180,-23.2,117.9
1181,-23.2,118.001
1182,-23.2,118.101
1183,-23.2,118.201
1184,-23.2,118.3
1185,-23.2,118.4
1186,-23.2,118.501
1187,-23.2,118.601
1188,-23.2,118.7
1189,-23.2,118.799
1190,-23.2,118.901
1191,-23.2,119
1192,-23.2,119.102
1193,-23.2,119.201
1194,-23.2,119.3
1195,-23.2,119.4
1196,-23.2,119.501
1197,-23.2,119.601
1198,-23.2,119.701
1199,-23.2,119.8
1200,-23.2,119.901
1201,-23.2,120.001
1202,-23.2,120.1
1203,-23.2,120.2
1204,-23.2,120.299
1205,-23.2,120.4
1206,-23.2,120.501
1207,-23.4,120.601
1208,-23.4,120.701
1209,-23.2,120.802
1210,-23.2,120.902
1211,-23.2,121.001
1212,-23.2,121.1
1213,-23.2,121.2
1214,-23.2,121.299
1215,-23.2,121.401
1216,-23.2,121.501
1217,-23.2,121.601
1218,-23.4,121.701
1219,-23.4,121.8
1220,-23.4,121.9
1221,-23.4,122
1222,-23.4,122.1
1223,-23.4,122.2
1224,-23.4,122.301
1225,-23.4,122.4
1226,-23.4,122.501
1227,-23.4,122.6
1228,-23.4,122.7
1229,-23.4,122.8
1230,-23.4,122.902
1231,-23.2,123.001
1232,-23.4,123.1
1233,-23.4,123.2
1234,-23.4,123.31
1235,-23.4,123.401
1236,-23.4,123.499
1237,-23.4,123.599
1238,-23.4,123.701
1239,-23.4,123.799
1240,-23.4,123.9
1241,-23.4,123.999
1242,-23.4,124.101
1243,-23.4,124.199
1244,-23.4,124.299
1245,-23.4,124.399
1246,-23.4,124.5
1247,-23.4,124.6
1248,-23.4,124.7
1249,-23.4,124.799
1250,-23.4,124.9
1251,-23.4,125.001
1252,-23.4,125.101
1253,-23.4,125.2
1254,-23.4,125.3
1255,-23.4,125.401
1256,-23.4,125.5
1257,-23.4,125.599
1258,-23.4,125.7
1259,-23.4,125.799
1260,-23.4,125.901
1261,-23.4,126.001
1262,-23.4,126.109
1263,-23.4,126.203
1264,-23.4,126.307
1265,-23.4,126.401
1266,-23.4,126.5
1267,-23.4,126.6
1268,-23.4,126.7
1269,-23.4,126.799
1270,-23.4,126.9
1271,-23.4,127.001
1272,-23.4,127.1
1273,-23.4,127.2
1274,-23.4,127.299
1275,-23.4,127.4
1276,-23.4,127.501
1277,-23.4,127.601
1278,-23.4,127.7
1279,-23.4,127.799
1280,-23.4,127.901
1281,-23.4,128.001
1282,-23.4,128.1
1283,-23.4,128.2
1284,-23.4,128.299
1285,-23.4,128.402
1286,-23.4,128.501
1287,-23.4,128.601
1288,-23.4,128.7
1289,-23.4,128.8
1290,-23.4,128.901
1291,-23.4,129
1292,-23.4,129.102
1293,-23.4,129.2
1294,-23.4,129.299
1295,-23.4,129.401
1296,-23.4,129.501
1297,-23.4,129.6
1298,-23.4,129.7
1299,-23.4,129.8
1300,-23.4,129.9
1301,-23.4,130.001
1302,-23.4,130.102
1303,-23.4,130.201
1304,-23.4,130.299
1305,-23.4,130.401
1306,-23.4,130.502
1307,-23.4,130.6
1308,-23.4,130.7
1309,-23.4,130.799
1310,-23.4,130.9
1311,-23.4,131
1312,-23.4,131.101
1313,-23.4,131.2
1314,-23.4,131.298
1315,-23.4,131.4
1316,-23.4,131.501
1317,-23.4,131.602
1318,-23.4,131.7
1319,-23.4,131.8
1320,-23.4,131.902
1321,-23.4,132
1322,-23.4,132.1
1323,-23.4,132.201
1324,-23.4,132.3
1325,-23.4,132.401
1326,-23.4,132.5
1327,-23.4,132.601
1328,-23.4,132.701
1329,-23.4,132.801
1330,-23.4,132.901
1331,-23.4,133.001
1332,-23.4,133.1
1333,-23.4,133.202
1334,-23.4,133.3
1335,-23.4,133.402
1336,-23.4,133.501
1337,-23.4,133.6
1338,-23.4,133.7
1339,-23.4,133.799
1340,-23.4,133.9
1341,-23.4,134
1342,-23.4,134.1
1343,-23.4,134.2
1344,-23.4,134.299
1345,-23.4,134.4
1346,-23.4,134.5
1347,-23.4,134.6
1348,-23.4,134.7
1349,-23.4,134.799
1350,-23.4,134.9
1351,-23.4,135.001
1352,-23.4,135.1
1353,-23.4,135.201
1354,-23.4,135.299
1355,-23.4,135.401
1356,-23.4,135.501
1357,-23.4,135.6
1358,-23.4,135.701
1359,-23.4,135.799
1360,-23.4,135.902
1361,-23.4,136.002
1362,-23.4,136.102
1363,-23.4,136.202
1364,-23.4,136.299
1365,-23.4,136.402
1366,-23.4,136.503
1367,-23,136.602
1368,-23,136.702
1369,-21.6,136.799
1370,-19.8,136.902
1371,-17.2,137.001
1372,-14.8,137.1
1373,-12.8,137.2
1374,-12.8,137.299
1375,-12,137.4
1376,-11.8,137.501
1377,-11.6,137.601
1378,-11.2,137.701
1379,-11.2,137.8
1380,-11,137.9
1381,-11,138
1382,-11.2,138.1
1383,-11.4,138.2
1384,-11.4,138.299
1385,-11.4,138.4
1386,-11.6,138.501
1387,-11.6,138.601
1388,-11.8,138.7
1389,-11.8,138.799
1390,-11.8,138.9
1391,-11.8,139.002
1392,-12,139.101
1393,-12,139.205
1394,-11.8,139.301
1395,-11.6,139.4
1396,-11.6,139.501
1397,-11.6,139.6
1398,-11.8,139.699
1399,-11.8,139.8
1400,-11.8,139.9
1401,-11.8,140.005
1402,-11.8,140.102
1403,-11.8,140.201
1404,-11.8,140.299
1405,-12,140.401
1406,-12,140.5
1407,-12,140.6
1408,-12,140.701
1409,-12,140.8
1410,-12,140.9
1411,-12.2,141
1412,-12.2,141.1
1413,-12.2,141.2
1414,-12.2,141.3
1415,-12.2,141.4
1416,-12.2,141.5
1417,-12.2,141.6
1418,-12.2,141.701
1419,-12.4,141.799
1420,-12.4,141.9
1421,-12.4,142.003
1422,-12.4,142.102
1423,-12.4,142.202
1424,-12.4,142.3
1425,-12.4,142.4
1426,-12.4,142.5
1427,-12.4,142.601
1428,-12.4,142.701
1429,-12.4,142.799
1430,-12.4,142.9
1431,-12.4,143
1432,-12.4,143.104
1433,-12.4,143.205
1434,-12.4,143.303
1435,-12.6,143.4
1436,-12.6,143.499
1437,-12.6,143.6
1438,-12.6,143.7
1439,-12.6,143.799
1440,-12.6,143.901
1441,-12.6,144.001
1442,-12.6,144.1
1443,-12.6,144.2
1444,-12.6,144.299
1445,-12.6,144.4
1446,-12.6,144.5
1447,-12.6,144.6
1448,-12.6,144.7
1449,-12.6,144.8
1450,-12.8,144.9
1451,-12.8,145
1452,-12.8,145.1
1453,-12.8,145.2
1454,-12.8,145.3
1455,-12.8,145.401
1456,-12.8,145.501
1457,-12.8,145.6
1458,-12.8,145.7
1459,-12.8,145.799
1460,-12.8,145.9
1461,-12.8,146
1462,-12.8,146.1
1463,-12.8,146.203
1464,-12.8,146.299
1465,-12.8,146.4
1466,-12.8,146.501
1467,-12.8,146.6
1468,-12.8,146.702
1469,-12.8,146.799
1470,-12.8,146.9
1471,-12.8,147
1472,-12.8,147.1
1473,-12.8,147.2
1474,-12.8,147.301
1475,-12.8,147.4
1476,-12.8,147.501
1477,-12.8,147.6
1478,-13,147.702
1479,-12.8,147.799
1480,-13,147.901
1481,-13,148.001
1482,-13,148.1
1483,-13,148.201
1484,-13,148.299
1485,-13,148.4
1486,-13,148.501
1487,-13,148.6
1488,-13,148.7
1489,-13,148.801
1490,-13,148.902
1491,-13,149.003
1492,-13,149.101
1493,-13,149.201
1494,-13,149.303
1495,-13,149.4
1496,-13,149.5
1497,-13,149.61
1498,-13,149.703
1499,-13,149.8
1500,-13,149.9
1501,-13,150.001
1502,-13,150.099
1503,-13,150.202
1504,-13,150.299
1505,-13,150.4
1506,-13,150.5
1507,-13,150.599
1508,-13,150.7
1509,-13,150.799
1510,-13,150.901
1511,-13,151
1512,-13,151.1
1513,-13.2,151.2
1514,-13.2,151.299
1515,-13.2,151.4
1516,-13.2,151.5
1517,-13.2,151.599
1518,-13.2,151.7
1519,-13.2,151.8
1520,-13.2,151.901
1521,-13.2,152
1522,-13.2,152.1
1523,-13.2,152.2
1524,-13.2,152.299
1525,-13.2,152.4
1526,-13.2,152.501
1527,-13.2,152.601
1528,-13.2,152.701
1529,-13.2,152.801
1530,-13.2,152.902
1531,-13.2,153.001
1532,-13.2,153.102
1533,-13.2,153.202
1534,-13.2,153.3
1535,-13.2,153.399
1536,-13.2,153.502
1537,-13.2,153.601
1538,-13.2,153.7
1539,-13.2,153.8
1540,-13.2,153.901
1541,-13.2,154.001
1542,-13.2,154.102
1543,-13.2,154.202
1544,-13.2,154.3
1545,-13.2,154.402
1546,-13.2,154.5
1547,-13.2,154.6
1548,-13.2,154.701
1549,-13.2,154.8
1550,-13.2,154.9
1551,-13.2,155.001
1552,-13.2,155.101
1553,-13.2,155.201
1554,-13.2,155.301
1555,-13.2,155.401
1556,-13.2,155.501
1557,-13.2,155.601
1558,-13.2,155.701
1559,-13.2,155.8
1560,-13.2,155.901
1561,-13.4,156.001
1562,-13.4,156.1
1563,-13.4,156.201
1564,-13.4,156.3
1565,-13.4,156.4
1566,-13.4,156.5
1567,-13.4,156.6
1568,-13.4,156.701
1569,-13.4,156.799
1570,-13.4,156.901
1571,-13.4,157
1572,-13.4,157.101
1573,-13.4,157.201
1574,-13.4,157.299
1575,-13.4,157.4
1576,-13.4,157.501
1577,-13.4,157.6
1578,-13.4,157.7
1579,-13.4,157.799
1580,-13.4,157.9
1581,-13.4,158
1582,-13.4,158.101
1583,-13.4,158.201
1584,-13.4,158.299
1585,-13.4,158.4
1586,-13.4,158.502
1587,-13.4,158.6
1588,-13.4,158.7
1589,-13.4,158.8
1590,-13.4,158.9
1591,-13.4,158.999
1592,-13.4,159.1
1593,-13.4,159.199
1594,-13.4,159.301
1595,-13.4,159.399
1596,-13.4,159.499
1597,-13.4,159.6
1598,-13.4,159.7
1599,-13.4,159.799
1600,-13.4,159.899
1601,-13.4,160
1602,-13.4,160.101
1603,-13.4,160.2
1604,-13.4,160.299
1605,-13.4,160.4
1606,-13.4,160.502
1607,-13.4,160.601
1608,-13.4,160.701
1609,-13.4,160.799
1610,-13.4,160.902
1611,-13.4,161.002
1612,-13.4,161.102
1613,-13.4,161.201
1614,-13.4,161.301
1615,-13.4,161.401
1616,-13.4,161.502
1617,-13.4,161.6
1618,-13.4,161.7
1619,-13.4,161.799
1620,-13.4,161.9
1621,-13.4,162
1622,-13.4,162.1
1623,-13.4,162.2
1624,-13.4,162.299
1625,-13.4,162.4
1626,-13.6,162.5
1627,-13.4,162.6
1628,-13.4,162.7
1629,-13.4,162.799
1630,-13.4,162.9
1631,-13.6,163
1632,-13.4,163.1
1633,-13.6,163.2
1634,-13.6,163.298
1635,-13.6,163.401
1636,-13.6,163.5
1637,-13.6,163.599
1638,-13.6,163.7
1639,-13.6,163.799
1640,-13.6,163.9
1641,-13.6,164
1642,-13.6,164.102
1643,-13.6,164.2
1644,-13.6,164.299
1645,-13.6,164.4
1646,-13.6,164.5
1647,-13.6,164.6
1648,-13.6,164.7
1649,-13.6,164.799
1650,-13.6,164.9
1651,-13.6,164.999
1652,-13.6,165.1
1653,-13.6,165.2
1654,-13.6,165.299
1655,-13.6,165.401
1656,-13.6,165.5
1657,-13.6,165.6
1658,-13.6,165.7
1659,-13.6,165.799
1660,-13.6,165.9
1661,-13.6,166
1662,-13.6,166.102
1663,-13.6,166.2
1664,-13.6,166.299
1665,-13.6,166.401
1666,-13.6,166.5
1667,-13.6,166.6
1668,-13.6,166.701
1669,-13.6,166.799
1670,-13.6,166.902
1671,-13.6,167.003
1672,-13.6,167.107
1673,-13.6,167.206
1674,-13.6,167.303
1675,-13.6,167.401
1676,-13.6,167.501
1677,-13.6,167.604
1678,-13.6,167.703
1679,-13.6,167.799
1680,-13.6,167.901
1681,-13.6,168.001
1682,-13.6,168.1
1683,-13.6,168.201
1684,-13.6,168.3
1685,-13.6,168.4
1686,-13.6,168.5
1687,-13.6,168.6
1688,-13.6,168.701
1689,-13.6,168.799
1690,-13.6,168.902
1691,-13.6,169
1692,-13.6,169.101
1693,-13.6,169.202
1694,-13.6,169.299
1695,-13.6,169.4
1696,-13.6,169.5
1697,-13.6,169.6
1698,-13.6,169.7
1699,-13.6,169.799
1700,-13.6,169.9
1701,-13.6,169.999
1702,-13.6,170.099
1703,-13.6,170.2
1704,-13.6,170.299
1705,-13.6,170.401
1706,-13.6,170.5
1707,-13.6,170.602
1708,-13.6,170.7
1709,-13.6,170.799
1710,-13.6,170.901
1711,-13.6,171
1712,-13.6,171.1
1713,-13.6,171.2
1714,-13.6,171.299
1715,-13.6,171.399
1716,-13.6,171.5
1717,-13.6,171.603
1718,-13.8,171.701
1719,-13.8,171.799
1720,-13.8,171.9
1721,-13.6,172
1722,-13.8,172.1
1723,-13.8,172.2
1724,-13.8,172.299
1725,-13.8,172.4
1726,-13.8,172.504
1727,-13.6,172.605
1728,-13.8,172.702
1729,-13.8,172.8
1730,-13.8,172.902
1731,-13.8,173
1732,-13.8,173.102
1733,-13.8,173.202
1734,-13.8,173.3
1735,-13.8,173.4
1736,-13.8,173.5
1737,-13.8,173.6
1738,-13.8,173.7
1739,-13.8,173.799
1740,-13.8,173.901
1741,-13.8,174
1742,-13.8,174.101
1743,-13.8,174.2
1744,-13.8,174.299
1745,-13.8,174.402
1746,-13.8,174.501
1747,-13.8,174.604
1748,-13.8,174.703
1749,-13.8,174.802
1750,-13.8,174.9
1751,-13.8,175
1752,-13.8,175.101
1753,-13.8,175.204
1754,-13.8,175.3
1755,-13.8,175.401
1756,-13.8,175.502
1757,-13.8,175.603
1758,-13.8,175.701
1759,-13.8,175.801
1760,-13.8,175.901
1761,-13.8,176
1762,-13.8,176.102
1763,-13.8,176.2
1764,-13.8,176.301
1765,-13.8,176.402
1766,-13.8,176.502
1767,-13.8,176.6
1768,-13.8,176.7
1769,-13.8,176.8
1770,-13.8,176.901
1771,-13.8,177.002
1772,-13.8,177.1
1773,-13.8,177.203
1774,-13.8,177.299
1775,-13.8,177.402
1776,-13.8,177.501
1777,-13.8,177.603
1778,-13.8,177.701
1779,-13.8,177.799
1780,-13.8,177.9
1781,-13.8,178.002
1782,-13.8,178.1
1783,-13.8,178.201
1784,-13.8,178.302
1785,-13.8,178.401
1786,-13.8,178.5
1787,-13.8,178.601
1788,-13.8,178.701
1789,-13.8,178.799
1790,-13.8,178.902
1791,-13.8,179.001
1792,-13.8,179.1
1793,-13.8,179.2
1794,-13.8,179.3
1795,-13.8,179.4
1796,-13.8,179.5
1797,-13.8,179.601
1798,-13.8,179.7
1799,-13.8,179.8
1800,-13.8,179.901
1801,-13.8,180.001
1802,-13.8,180.101
1803,-13.8,180.2
1804,-13.8,180.3
1805,-13.8,180.4
1806,-13.8,180.501
1807,-13.8,180.602
1808,-13.8,180.701
1809,-13.8,180.799
1810,-13.8,180.9
1811,-13.8,181
1812,-13.8,181.1
1813,-13.8,181.2
1814,-13.8,181.301
1815,-13.8,181.4
1816,-13.8,181.5
1817,-14.2,181.6
1818,-14.2,181.7
1819,-15.8,181.8
1820,-18.4,181.9
1821,-21.2,182.001
1822,-23.6,182.099
1823,-24.2,182.2
1824,-24.2,182.299
1825,-24.4,182.4
1826,-24.2,182.502
1827,-24.2,182.602
1828,-24,182.7
1829,-24,182.799
1830,-23.8,182.905
1831,-23.8,183.005
1832,-23.6,183.106
1833,-23.6,183.201
1834,-23.4,183.3
1835,-23.4,183.4
1836,-23.4,183.5
1837,-23.4,183.6
1838,-23.4,183.7
1839,-23.2,183.8
1840,-23.2,183.9
1841,-23.2,184
1842,-23.2,184.1
1843,-23.2,184.199
1844,-23.2,184.299
1845,-23.2,184.4
1846,-23.2,184.5
1847,-23.2,184.6
1848,-23,184.7
1849,-23,184.798
1850,-23,184.904
1851,-23,185.002
1852,-23,185.102
1853,-23,185.2
1854,-23,185.3
1855,-23,185.4
1856,-23,185.504
1857,-22.8,185.601
1858,-22.8,185.7
1859,-22.8,185.802
1860,-22.8,185.9
1861,-22.8,186.002
1862,-22.8,186.1
1863,-22.8,186.202
1864,-22.8,186.299
1865,-22.8,186.4
1866,-22.8,186.5
1867,-22.8,186.6
1868,-22.8,186.7
1869,-22.8,186.799
1870,-22.8,186.902
1871,-22.8,187.001
1872,-22.6,187.102
1873,-22.6,187.204
1874,-22.6,187.301
1875,-22.6,187.401
1876,-22.6,187.5
1877,-22.6,187.599
1878,-22.6,187.7
1879,-22.6,187.801
1880,-22.6,187.9
1881,-22.6,188.001
1882,-22.6,188.1
1883,-22.6,188.2
1884,-22.6,188.301
1885,-22.6,188.401
1886,-22.6,188.502
1887,-22.6,188.601
1888,-22.6,188.701
1889,-22.6,188.8
1890,-22.6,188.902
1891,-22.6,189.001
1892,-22.4,189.101
1893,-22.4,189.201
1894,-22.4,189.3
1895,-22.4,189.402
1896,-22.4,189.5
1897,-22.4,189.601
1898,-22.4,189.702
1899,-22.4,189.8
1900,-22.4,189.902
1901,-22.4,190.002
1902,-22.4,190.102
1903,-22.4,190.201
1904,-22.4,190.301
1905,-22.4,190.402
1906,-22.4,190.501
1907,-22.4,190.602
1908,-22.4,190.701
1909,-22.4,190.8
1910,-22.4,190.901
1911,-22.4,191.002
1912,-22.4,191.1
1913,-22.4,191.201
1914,-22.4,191.3
1915,-22.4,191.401
1916,-22.4,191.501
1917,-22.4,191.602
1918,-22.4,191.702
1919,-22.4,191.8
1920,-22.4,191.901
1921,-22.4,192.003
1922,-22.4,192.101
1923,-22.4,192.2
1924,-22.4,192.302
1925,-22.4,192.4
1926,-22.2,192.5
1927,-22.2,192.6
1928,-22.2,192.701
1929,-22.4,192.799
1930,-22.2,192.9
1931,-22.2,193.001
1932,-22.2,193.1
1933,-22.2,193.202
1934,-22.2,193.3
1935,-22.2,193.403
1936,-22.2,193.5
1937,-22.2,193.602
1938,-22.2,193.701
1939,-22.2,193.8
1940,-22.2,193.903
1941,-22.2,194.001
1942,-22.2,194.1
1943,-22.2,194.202
1944,-22.2,194.301
1945,-22.2,194.4
1946,-22.2,194.5
1947,-22.2,194.602
1948,-22.2,194.7
1949,-22.2,194.8
1950,-22.2,194.9
1951,-22.2,195.003
1952,-22.2,195.101
1953,-22.2,195.201
1954,-22.2,195.3
1955,-22.2,195.401
1956,-22.2,195.502
1957,-22.2,195.602
1958,-22.2,195.702
1959,-22.2,195.8
1960,-22.2,195.902
1961,-22.2,196
1962,-22.2,196.101
1963,-22.2,196.201
1964,-22.2,196.299
1965,-22.2,196.401
1966,-22.2,196.5
1967,-22.2,196.602
1968,-22.2,196.701
1969,-22.2,196.8
1970,-22.2,196.902
1971,-22.2,197
1972,-22.2,197.101
1973,-22.2,197.199
1974,-22.2,197.299
1975,-22.2,197.401
1976,-22.2,197.5
1977,-22.2,197.602
1978,-22.2,197.7
1979,-22.2,197.799
1980,-22.2,197.901
1981,-22.2,198.001
1982,-22.2,198.103
1983,-22.2,198.207
1984,-22.2,198.301
1985,-22.2,198.4
1986,-22.2,198.503
1987,-22.2,198.602
1988,-22.2,198.703
1989,-22.2,198.8
1990,-22.2,198.901
1991,-22.2,199
1992,-22.2,199.102
1993,-22.2,199.2
1994,-22.2,199.3
1995,-22.2,199.401
1996,-22.2,199.501
1997,-22.2,199.6
1998,-22.2,199.7
1999,-22.2,199.799
2000,-22.2,199.902
2001,-22.2,200.001
2002,-22.2,200.101
2003,-22.2,200.206
2004,-22,200.302
2005,-22,200.402
2006,-22,200.503
2007,-22,200.602
2008,-22,200.701
2009,-22,200.8
2010,-22,200.901
2011,-22,201
2012,-22,201.1
2013,-22,201.2
2014,-22,201.301
2015,-22,201.401
2016,-22,201.5
2017,-22,201.601
2018,-22,201.701
2019,-22,201.801
2020,-22,201.901
2021,-22,202
2022,-22,202.101
2023,-22,202.202
2024,-22,202.298
2025,-22,202.4
2026,-22,202.5
2027,-22,202.6
2028,-22,202.7
2029,-22,202.8
2030,-22,202.9
2031,-22,203
2032,-22,203.1
2033,-22,203.2
2034,-22,203.299
2035,-22,203.403
2036,-22,203.501
2037,-22,203.6
2038,-22,203.702
2039,-22,203.799
2040,-22,203.9
2041,-22,204
2042,-22,204.1
2043,-22,204.2
2044,-22,204.298
2045,-22,204.4
2046,-22,204.5
2047,-22,204.6
2048,-22,204.7
2049,-22,204.799
2050,-22,204.9
2051,-22,205
2052,-22,205.101
2053,-22,205.2
2054,-22,205.299
2055,-22,205.4
2056,-22,205.5
2057,-22,205.6
2058,-22,205.7
2059,-22,205.803
2060,-22,205.902
2061,-22,206.001
2062,-22,206.1
2063,-22,206.201
2064,-22,206.3
2065,-22,206.401
2066,-22,206.5
2067,-22,206.6
2068,-22,206.7
2069,-22,206.8
2070,-22,206.901
2071,-22,207.002
2072,-22,207.1
2073,-22,207.2
2074,-22,207.3
2075,-22,207.4
2076,-22,207.501
2077,-22,207.6
2078,-22,207.7
2079,-22,207.799
2080,-22,207.899
2081,-22,208
2082,-22,208.1
2083,-22,208.2
2084,-22,208.299
2085,-22,208.4
2086,-22,208.5
2087,-22,208.6
2088,-22,208.7
2089,-22,208.799
2090,-22,208.9
2091,-22,209
2092,-22,209.1
2093,-22,209.2
2094,-22,209.299
2095,-22,209.4
2096,-22,209.5
2097,-22,209.6
2098,-22,209.7
2099,-22,209.799
2100,-22,209.9
2101,-22,210
2102,-22,210.1
2103,-22,210.2
2104,-22,210.299
2105,-22,210.4
2106,-22,210.5
2107,-22,210.6
2108,-22,210.7
2109,-22,210.799
2110,-22,210.9
2111,-22,211
2112,-22,211.1
2113,-22,211.2
2114,-22,211.299
2115,-22,211.4
2116,-22,211.5
2117,-22,211.6
2118,-22,211.7
2119,-22,211.799
2120,-22,211.9
2121,-21.8,212
2122,-22,212.1
2123,-21.8,212.2
2124,-21.8,212.3
2125,-22,212.4
2126,-21.8,212.501
2127,-21.8,212.6
2128,-21.8,212.701
2129,-21.8,212.799
2130,-21.8,212.9
2131,-21.8,213.001
2132,-22,213.101
2133,-21.8,213.2
2134,-21.8,213.299
2135,-21.8,213.4
2136,-21.8,213.501
2137,-21.8,213.6
2138,-21.8,213.7
2139,-21.8,213.8
2140,-21.8,213.9
2141,-21.8,214
2142,-21.8,214.1
2143,-21.8,214.2
2144,-21.8,214.299
2145,-21.8,214.399
2146,-21.8,214.5
2147,-21.8,214.6
2148,-21.8,214.7
2149,-21.8,214.799
2150,-21.8,214.9
2151,-21.8,215
2152,-21.8,215.1
2153,-21.8,215.2
2154,-21.8,215.299
2155,-21.8,215.4
2156,-21.8,215.5
2157,-21.8,215.6
2158,-21.8,215.7
2159,-21.8,215.799
2160,-21.8,215.9
2161,-21.8,216
2162,-21.8,216.1
2163,-21.8,216.2
2164,-21.8,216.299
2165,-21.8,216.4
2166,-21.8,216.5
2167,-21.8,216.6
2168,-21.8,216.701
2169,-21.8,216.803
2170,-21.8,216.9
2171,-21.8,217.001
2172,-21.8,217.1
2173,-21.8,217.2
2174,-21.8,217.299
2175,-21.8,217.4
2176,-21.8,217.5
2177,-21.8,217.6
2178,-21.8,217.7
2179,-21.8,217.798
2180,-21.8,217.899
2181,-21.8,218
2182,-21.8,218.105
2183,-21.8,218.201
2184,-21.8,218.299
2185,-21.8,218.4
2186,-21.8,218.501
2187,-21.8,218.6
2188,-21.8,218.7
2189,-21.8,218.8
2190,-21.8,218.903
2191,-21.8,219.001
2192,-21.8,219.101
2193,-21.8,219.202
2194,-21.8,219.3
2195,-21.8,219.4
2196,-21.8,219.501
2197,-21.8,219.6
2198,-21.8,219.7
2199,-21.8,219.803
2200,-21.8,219.901
2201,-21.8,220
2202,-21.8,220.101
2203,-21.8,220.201
2204,-21.8,220.3
2205,-21.8,220.402
2206,-21.8,220.505
2207,-21.8,220.605
2208,-21.8,220.701
2209,-21.8,220.799
2210,-21.8,220.902
2211,-21.8,221
2212,-21.8,221.1
2213,-21.8,221.205
2214,-21.8,221.304
2215,-21.8,221.401
2216,-21.8,221.5
2217,-21.8,221.6
2218,-21.8,221.699
2219,-21.8,221.799
2220,-21.8,221.9
2221,-21.8,222.003
2222,-21.8,222.102
2223,-21.8,222.201
2224,-21.8,222.299
2225,-21.8,222.4
2226,-21.8,222.501
2227,-21.8,222.6
2228,-21.8,222.7
2229,-21.8,222.799
2230,-21.8,222.9
2231,-21.8,223
2232,-21.8,223.099
2233,-21.8,223.2
2234,-21.8,223.299
2235,-21.8,223.4
2236,-21.8,223.5
2237,-21.8,223.6
2238,-21.8,223.7
2239,-21.8,223.799
2240,-21.8,223.9
2241,-21.8,224
2242,-21.8,224.1
2243,-21.8,224.2
2244,-21.8,224.299
2245,-21.8,224.4
2246,-21.8,224.5
2247,-21.8,224.6
2248,-21.8,224.7
2249,-21.8,224.8
2250,-21.8,224.899
2251,-21.8,225
2252,-21.8,225.1
2253,-21.8,225.2
2254,-21.8,225.299
2255,-21.8,225.4
2256,-21.8,225.5
2257,-21.8,225.6
2258,-21.8,225.7
2259,-21.8,225.798
2260,-21.8,225.9
2261,-21.8,226.001
2262,-21.8,226.102
2263,-21.8,226.2
2264,-21.8,226.298
2265,-21.8,226.4
2266,-21.8,226.5
2267,-21.8,226.601
2268,-21.8,226.699
2269,-21.8,226.799
2270,-21.8,226.9
2271,-21.8,227.004
2272,-21.8,227.101
2273,-21.8,227.202
2274,-21.8,227.3
2275,-21.8,227.4
2276,-21.8,227.5
2277,-21.8,227.601
2278,-21.8,227.701
2279,-21.8,227.801
2280,-21.8,227.9
2281,-21.8,228.001
2282,-21.8,228.103
2283,-21.8,228.202
2284,-21.8,228.3
2285,-21.8,228.4
2286,-21.8,228.5
2287,-21.8,228.6
2288,-21.8,228.701
2289,-21.8,228.801
2290,-21.8,228.9
2291,-21.8,229.001
2292,-21.8,229.102
2293,-21.8,229.2
2294,-21.8,229.302
2295,-21.8,229.401
2296,-21.8,229.501
2297,-21.8,229.601
2298,-21.8,229.701
2299,-21.8,229.8
2300,-21.8,229.902
2301,-21.8,230.001
2302,-21.8,230.102
2303,-21.8,230.2
2304,-21.8,230.3
2305,-21.8,230.401
2306,-21.8,230.503
2307,-21.8,230.602
2308,-21.8,230.701
2309,-21.8,230.8
2310,-21.8,230.903
2311,-21.8,231
2312,-21.8,231.101
2313,-21.8,231.2
2314,-21.8,231.299
2315,-21.8,231.399
2316,-19.8,231.499
2317,-17,231.6
2318,-14.6,231.7
2319,-12.6,231.798
2320,-12.6,231.9
2321,-10.4,232
2322,-9.2,232.1
2323,-8.4,232.199
2324,-8.2,232.299
2325,-8.2,232.4
2326,-8.2,232.5
2327,-8.4,232.601
2328,-8.4,232.7
2329,-8.6,232.799
2330,-8.6,232.9
2331,-8.8,233.001
2332,-8.8,233.1
2333,-8.8,233.2
2334,-8.8,233.299
2335,-9,233.4
2336,-9,233.5
2337,-9,233.6
2338,-9,233.699
2339,-9,233.799
2340,-9.2,233.9
2341,-9.2,234.001
2342,-9.2,234.101
2343,-9.2,234.203
2344,-9.2,234.3
2345,-9.4,234.4
2346,-9.4,234.501
2347,-9.4,234.601
2348,-9.4,234.701
2349,-9.4,234.799
2350,-9.4,234.9
2351,-9.6,235
2352,-9.6,235.1
2353,-9.6,235.2
2354,-9.6,235.299
2355,-9.6,235.401
2356,-9.6,235.5
2357,-9.6,235.6
2358,-9.6,235.7
2359,-9.8,235.798
2360,-9.8,235.9
2361,-9.8,235.999
2362,-9.8,236.1
2363,-9.8,236.2
2364,-9.8,236.298
2365,-9.8,236.399
2366,-9.8,236.5
2367,-9.8,236.6
2368,-9.8,236.7
2369,-9.8,236.799
2370,-9.8,236.9
2371,-9.8,237
2372,-9.8,237.101
2373,-9.8,237.201
2374,-9.8,237.3
2375,-9.8,237.402
2376,-10,237.5
2377,-10,237.601
2378,-10,237.699
2379,-10,237.801
2380,-10,237.902
2381,-10,238.001
2382,-10,238.1
2383,-10,238.202
2384,-10,238.299
2385,-10,238.4
2386,-10,238.502
2387,-10,238.6
2388,-10,238.699
2389,-10,238.799
2390,-10,238.9
2391,-10,239
2392,-10,239.103
2393,-10,239.2
2394,-10,239.298
2395,-10,239.4
2396,-10.2,239.501
2397,-10.2,239.599
2398,-10.2,239.7
2399,-10.2,239.798
2400,-10.2,239.901
2401,-10.2,240.001
2402,-10.2,240.1
2403,-10.2,240.2
2404,-10.2,240.3
2405,-10.2,240.401
2406,-10.2,240.501
2407,-10.2,240.6
2408,-10.2,240.7
2409,-10.2,240.799
2410,-10.2,240.902
2411,-10.2,241.001
2412,-10.2,241.101
2413,-10.2,241.2
2414,-10.2,241.299
2415,-10.2,241.401
2416,-10.2,241.501
2417,-10.2,241.6
2418,-10.2,241.701
2419,-10.2,241.799
2420,-10.2,241.9
2421,-10.2,242.001
2422,-10.2,242.102
2423,-10.2,242.201
2424,-10.2,242.3
2425,-10.2,242.4
2426,-10.4,242.5
2427,-10.4,242.6
2428,-10.4,242.702
2429,-10.4,242.8
2430,-10.4,242.901
2431,-10.4,243.001
2432,-10.4,243.101
2433,-10.4,243.201
2434,-10.4,243.3
2435,-10.4,243.405
2436,-10.4,243.502
2437,-10.4,243.6
2438,-10.4,243.7
2439,-10.4,243.8
2440,-10.4,243.9
2441,-10.4,244
2442,-10.4,244.1
2443,-10.4,244.2
2444,-10.4,244.299
2445,-10.4,244.4
2446,-10.4,244.5
2447,-10.4,244.601
2448,-10.4,244.703
2449,-10.4,244.804
2450,-10.4,244.903
2451,-10.4,245.003
2452,-10.4,245.103
2453,-10.4,245.203
2454,-10.4,245.304
2455,-10.4,245.404
2456,-10.4,245.503
2457,-10.4,245.604
2458,-10.4,245.702
2459,-10.4,245.8
2460,-10.4,245.902
2461,-10.4,246.005
2462,-10.4,246.101
2463,-10.6,246.2
2464,-10.6,246.3
2465,-10.6,246.402
2466,-10.6,246.501
2467,-10.6,246.6
2468,-10.6,246.7
2469,-10.6,246.799
2470,-10.6,246.902
2471,-10.6,247.001
2472,-10.6,247.1
2473,-10.6,247.2
2474,-10.6,247.299
2475,-10.6,247.401
2476,-10.6,247.5
2477,-10.6,247.601
2478,-10.6,247.701
2479,-10.6,247.799
2480,-10.6,247.9
2481,-10.6,248.002
2482,-10.6,248.1
2483,-10.6,248.2
2484,-10.6,248.299
2485,-10.6,248.4
2486,-10.6,248.5
2487,-10.6,248.6
2488,-10.6,248.7
2489,-10.6,248.799
2490,-10.6,248.9
2491,-10.6,249
2492,-10.6,249.1
2493,-10.6,249.2
2494,-10.6,249.3
2495,-10.6,249.4
2496,-10.6,249.509
2497,-10.6,249.605
2498,-10.6,249.701
2499,-10.6,249.799
2500,-10.6,249.901
2501,-10.6,250
2502,-10.6,250.1
2503,-10.6,250.201
2504,-10.6,250.3
2505,-10.6,250.401
2506,-10.6,250.5
2507,-10.8,250.601
2508,-10.8,250.701
2509,-10.6,250.799
2510,-10.6,250.9
2511,-10.6,251
2512,-10.8,251.101
2513,-10.8,251.201
2514,-10.8,251.303
2515,-10.8,251.401
2516,-10.8,251.5
2517,-10.8,251.601
2518,-10.8,251.702
2519,-10.8,251.8
2520,-10.8,251.9
2521,-10.8,252.001
2522,-10.8,252.101
2523,-10.8,252.201
2524,-10.8,252.301
2525,-10.8,252.4
2526,-10.8,252.5
2527,-10.8,252.6
2528,-10.8,252.7
2529,-10.8,252.8
2530,-10.8,252.9
2531,-10.8,253
2532,-10.8,253.1
2533,-10.8,253.2
2534,-10.8,253.3
2535,-10.8,253.402
2536,-10.8,253.5
2537,-10.8,253.6
2538,-10.8,253.7
2539,-10.8,253.8
2540,-10.8,253.9
2541,-10.8,254
2542,-10.8,254.1
2543,-10.8,254.2
2544,-10.8,254.299
2545,-10.8,254.4
2546,-10.8,254.5
2547,-10.8,254.599
2548,-10.8,254.7
2549,-10.8,254.799
2550,-10.8,254.9
2551,-10.8,255
2552,-10.8,255.1
2553,-10.8,255.2
2554,-10.8,255.299
2555,-10.8,255.4
2556,-10.8,255.5
2557,-10.8,255.6
2558,-10.8,255.7
2559,-10.8,255.799
2560,-10.8,255.899
2561,-10.8,256.001
2562,-10.8,256.101
2563,-10.8,256.2
2564,-10.8,256.3
2565,-10.8,256.401
2566,-10.8,256.5
2567,-10.8,256.601
2568,-10.8,256.701
2569,-10.8,256.799
2570,-10.8,256.901
2571,-10.8,257
2572,-10.8,257.1
2573,-10.8,257.201
2574,-10.8,257.299
2575,-10.8,257.399
2576,-10.8,257.499
2577,-10.8,257.599
2578,-10.8,257.7
2579,-10.8,257.799
2580,-10.8,257.9
2581,-10.8,258
2582,-10.8,258.1
2583,-10.8,258.2
2584,-10.8,258.299
2585,-10.8,258.4
2586,-10.8,258.5
2587,-10.8,258.6
2588,-10.8,258.7
2589,-10.8,258.799
2590,-10.8,258.899
2591,-10.8,259
2592,-10.8,259.1
2593,-10.8,259.199
2594,-10.8,259.299
2595,-10.8,259.4
2596,-10.8,259.5
2597,-10.8,259.6
2598,-10.8,259.7
2599,-10.8,259.799
2600,-10.8,259.9
2601,-10.8,260
2602,-10.8,260.1
2603,-10.8,260.202
2604,-10.8,260.3
2605,-11,260.4
2606,-11,260.501
2607,-10.8,260.6
2608,-10.8,260.7
2609,-10.8,260.801
2610,-10.8,260.9
2611,-10.8,261
2612,-10.8,261.101
2613,-10.8,261.201
2614,-11,261.299
2615,-11,261.401
2616,-11,261.5
2617,-10.8,261.6
2618,-11,261.7
2619,-11,261.8
2620,-11,261.9
2621,-11,262
2622,-11,262.1
2623,-11,262.2
2624,-11,262.299
2625,-11,262.401
2626,-11,262.5
2627,-11,262.6
2628,-11,262.7
2629,-11,262.799
2630,-11,262.9
2631,-11,263
2632,-11,263.1
2633,-11,263.2
2634,-11,263.299
2635,-11,263.402
2636,-11,263.501
2637,-11,263.6
2638,-11,263.7
2639,-11,263.8
2640,-11,263.9
2641,-11,264
2642,-11,264.1
2643,-11,264.2
2644,-11,264.299
2645,-11,264.4
2646,-11,264.501
2647,-11,264.6
2648,-11,264.701
2649,-11,264.8
2650,-11,264.901
2651,-11,265.001
2652,-11,265.101
2653,-11,265.2
2654,-11,265.3
2655,-11,265.4
2656,-11,265.501
2657,-11,265.6
2658,-11,265.7
2659,-11,265.799
2660,-11,265.9
2661,-11,266
2662,-11,266.1
2663,-11,266.199
2664,-11,266.299
2665,-11,266.399
2666,-11,266.499
2667,-11,266.6
2668,-11,266.703
2669,-11,266.8
2670,-11,266.901
2671,-11,267
2672,-11,267.102
2673,-11,267.204
2674,-11,267.3
2675,-11,267.4
2676,-11,267.5
2677,-11,267.6
2678,-11,267.701
2679,-11,267.8
2680,-11,267.9
2681,-11,268
2682,-11,268.101
2683,-11,268.201
2684,-11,268.3
2685,-11,268.399
2686,-11,268.503
2687,-11,268.601
2688,-11,268.7
2689,-11,268.8
2690,-11,268.901
2691,-11,269.001
2692,-11,269.101
2693,-11,269.201
2694,-11,269.3
2695,-11,269.4
2696,-11,269.5
2697,-11,269.601
2698,-11,269.701
2699,-11,269.8
2700,-11,269.9
2701,-11,270
2702,-11,270.101
2703,-11,270.2
2704,-11,270.299
2705,-11,270.401
2706,-11,270.502
2707,-11,270.601
2708,-11,270.7
2709,-11,270.8
2710,-11,270.9
2711,-11,271.001
2712,-11,271.101
2713,-11,271.2
2714,-11,271.299
2715,-11,271.401
2716,-11,271.501
2717,-11,271.6
2718,-11,271.699
2719,-11,271.799
2720,-11,271.9
2721,-11,272.001
2722,-11,272.101
2723,-11,272.2
2724,-11,272.3
2725,-11,272.4
2726,-11,272.501
2727,-11,272.6
2728,-11,272.701
2729,-11,272.8
2730,-11,272.9
2731,-11,273
2732,-11,273.101
2733,-11,273.201
2734,-11,273.301
2735,-11,273.401
2736,-11,273.5
2737,-11,273.6
2738,-11.2,273.702
2739,-12.4,273.799
2740,-16,273.9
2741,-20.4,274
2742,-20.4,274.102
2743,-25.2,274.2
2744,-29.8,274.3
2745,-35.4,274.4
2746,-40.4,274.5
2747,-44.2,274.6
2748,-44.2,274.701
2749,-47.2,274.799
2750,-49.4,274.901
2751,-50.4,275
2752,-50,275.1
2753,-49.2,275.2
2754,-49.2,275.3
2755,-48.6,275.4
2756,-48,275.5
2757,-47.6,275.6
2758,-47.2,275.7
2759,-46.8,275.799
2760,-46.8,275.9
2761,-46.6,276
2762,-46.2,276.1
2763,-46,276.203
2764,-45.8,276.3
2765,-45.6,276.4
2766,-45.6,276.5
2767,-45.4,276.6
2768,-45.4,276.701
2769,-45.2,276.799
2770,-45,276.901
2771,-45,277
2772,-45,277.1
2773,-44.8,277.2
2774,-44.6,277.301
2775,-44.6,277.402
2776,-44.4,277.5
2777,-44.4,277.6
2778,-44.4,277.7
2779,-44.2,277.8
2780,-44.2,277.901
2781,-44.2,278
2782,-44,278.1
2783,-44,278.2
2784,-44,278.3
2785,-43.8,278.4
2786,-43.8,278.5
2787,-43.8,278.6
2788,-43.6,278.7
2789,-43.6,278.8
2790,-43.6,278.9
2791,-43.6,279.001
2792,-43.4,279.1
2793,-43.4,279.2
2794,-43.4,279.299
2795,-43.4,279.4
2796,-43.2,279.5
2797,-43.2,279.6
2798,-43.2,279.7
2799,-43.2,279.799
2800,-43.2,279.903
2801,-43,280.001
2802,-43,280.1
2803,-43,280.2
2804,-43,280.299
2805,-42.8,280.4
2806,-42.8,280.5
2807,-42.8,280.601
2808,-42.8,280.701
2809,-42.8,280.799
2810,-42.8,280.9
2811,-42.8,281.001
2812,-42.8,281.1
2813,-42.8,281.2
2814,-42.8,281.299
2815,-42.6,281.4
2816,-42.6,281.501
2817,-42.6,281.601
2818,-42.6,281.7
2819,-42.6,281.8
2820,-42.4,281.9
2821,-42.4,282
2822,-42.4,282.1
2823,-42.4,282.205
2824,-42.4,282.299
2825,-42.4,282.4
2826,-42.4,282.501
2827,-42.2,282.6
2828,-42.2,282.7
2829,-42.2,282.8
2830,-42.2,282.9
2831,-42.2,283.002
2832,-42.2,283.1
2833,-42.2,283.2
2834,-42.2,283.299
2835,-42.2,283.4
2836,-42,283.5
2837,-42,283.601
2838,-42,283.7
2839,-42,283.801
2840,-42,283.902
2841,-42,284.001
2842,-42,284.102
2843,-42,284.202
2844,-41.8,284.299
2845,-41.8,284.4
2846,-41.8,284.5
2847,-41.8,284.6
2848,-41.8,284.703
2849,-41.8,284.801
2850,-41.8,284.901
2851,-41.8,285
2852,-41.8,285.103
2853,-41.8,285.2
2854,-41.8,285.299
2855,-41.6,285.4
2856,-41.6,285.5
2857,-41.6,285.6
2858,-41.6,285.7
2859,-41.6,285.799
2860,-41.6,285.9
2861,-41.6,286
2862,-41.6,286.1
2863,-41.6,286.2
2864,-41.6,286.299
2865,-41.6,286.4
2866,-41.4,286.5
2867,-41.4,286.6
2868,-41.4,286.7
2869,-41.4,286.8
2870,-41.4,286.9
2871,-41.4,287
2872,-41.4,287.1
2873,-41.4,287.2
2874,-41.4,287.299
2875,-41.4,287.4
2876,-41.4,287.501
2877,-41.4,287.6
2878,-41.2,287.7
2879,-41.2,287.8
2880,-41.2,287.902
2881,-41.2,288.002
2882,-41.2,288.1
2883,-41.2,288.202
2884,-41.2,288.299
2885,-41.2,288.4
2886,-41.2,288.5
2887,-41.2,288.6
2888,-41.2,288.7
2889,-41.2,288.802
2890,-41.2,288.902
2891,-41.2,289.001
2892,-41,289.102
2893,-41,289.2
2894,-41,289.299
2895,-41,289.4
2896,-41,289.5
2897,-41,289.6
2898,-41,289.701
2899,-41,289.801
2900,-41,289.9
2901,-41,290.001
2902,-41,290.101
2903,-41,290.2
2904,-41,290.299
2905,-41,290.4
2906,-41,290.502
2907,-40.8,290.606
2908,-40.8,290.702
2909,-40.8,290.8
2910,-40.8,290.9
2911,-40.8,291.001
2912,-40.8,291.1
2913,-40.8,291.2
2914,-40.8,291.299
2915,-40.8,291.4
2916,-40.8,291.5
2917,-40.8,291.601
2918,-40.8,291.7
2919,-40.8,291.799
2920,-40.8,291.9
2921,-40.8,292
2922,-40.8,292.101
2923,-40.8,292.2
2924,-40.6,292.299
2925,-40.6,292.4
2926,-40.6,292.501
2927,-40.6,292.6
2928,-40.6,292.704
2929,-40.6,292.8
2930,-40.6,292.901
2931,-40.6,293
2932,-40.6,293.111
2933,-40.6,293.211
2934,-40.6,293.299
2935,-40.6,293.4
2936,-40.6,293.505
2937,-40.6,293.601
2938,-40.6,293.7
2939,-40.6,293.799
2940,-40.6,293.901
2941,-40.6,294
2942,-40.6,294.101
2943,-40.4,294.2
2944,-40.4,294.299
2945,-40.4,294.4
2946,-40.4,294.5
2947,-40.4,294.6
2948,-40.4,294.701
2949,-40.4,294.799
2950,-40.4,294.9
2951,-40.4,295.001
2952,-40.4,295.1
2953,-40.4,295.201
2954,-40.4,295.299
2955,-40.4,295.401
2956,-40.4,295.5
2957,-40.4,295.6
2958,-40.4,295.7
2959,-40.4,295.799
2960,-40.4,295.901
2961,-40.4,296
2962,-40.4,296.1
2963,-40.4,296.2
2964,-40.2,296.299
2965,-40.2,296.401
2966,-40.2,296.5
2967,-40.2,296.6
2968,-40.2,296.7
2969,-40.2,296.799
2970,-40.2,296.9
2971,-40.2,297
2972,-40.2,297.1
2973,-40.2,297.201
2974,-40.2,297.3
2975,-40.2,297.4
2976,-40.2,297.5
2977,-40.2,297.6
2978,-40.2,297.7
2979,-40.2,297.798
2980,-40.2,297.899
2981,-40.2,297.999
2982,-40.2,298.1
2983,-40.2,298.199
2984,-40.2,298.299
2985,-40.2,298.4
2986,-40.2,298.5
2987,-40.2,298.599
2988,-40.2,298.7
2989,-40,298.799
2990,-40,298.899
2991,-40,298.999
2992,-40,299.1
2993,-40,299.199
2994,-40,299.298
2995,-40,299.399
2996,-40,299.5
2997,-40,299.599
2998,-40,299.699
2999,-40,299.799
3000,-40,299.899
3001,-40,299.999
3002,-40,300.1
3003,-40,300.2
3004,-40,300.298
3005,-40,300.399
3006,-40,300.5
3007,-40,300.6
3008,-40,300.699
3009,-40,300.799
3010,-40,300.899
3011,-40,301
3012,-40,301.1
3013,-40,301.199
3014,-39.8,301.299
3015,-39.8,301.399
3016,-39.8,301.5
3017,-39.8,301.599
3018,-39.8,301.7
3019,-39.8,301.799
3020,-39.8,301.899
3021,-39.8,301.999
3022,-39.8,302.099
3023,-39.8,302.199
3024,-39.8,302.298
3025,-39.8,302.399
3026,-39.8,302.508
3027,-39.8,302.601
3028,-39.8,302.7
3029,-39.8,302.799
3030,-39.8,302.903
3031,-39.8,303
3032,-39.8,303.101
3033,-39.8,303.201
3034,-39.8,303.301
3035,-39.8,303.401
3036,-39.8,303.501
3037,-39.8,303.6
3038,-39.8,303.701
3039,-39.8,303.799
3040,-39.8,303.901
3041,-39.8,304.003
3042,-39.8,304.1
3043,-39.6,304.201
3044,-39.6,304.3
3045,-39.6,304.4
3046,-39.6,304.502
3047,-39.6,304.603
3048,-39.6,304.7
3049,-39.6,304.8
3050,-39.6,304.901
3051,-39.6,305.002
3052,-39.6,305.1
3053,-39.6,305.2
3054,-39.6,305.301
3055,-39.6,305.4
3056,-39.6,305.503
3057,-39.6,305.601
3058,-39.6,305.699
3059,-39.6,305.799
3060,-39.6,305.9
3061,-39.6,306
3062,-39.6,306.1
3063,-39.6,306.2
3064,-39.6,306.299
3065,-39.6,306.401
3066,-39.6,306.5
3067,-39.6,306.6
3068,-39.6,306.7
3069,-39.6,306.8
3070,-39.6,306.9
3071,-39.6,307
3072,-39.6,307.1
3073,-39.6,307.201
3074,-39.6,307.299
3075,-39.6,307.4
3076,-39.6,307.502
3077,-39.6,307.601
3078,-39.4,307.7
3079,-39.4,307.799
3080,-39.4,307.9
3081,-39.4,308.001
3082,-39.4,308.1
3083,-39.4,308.2
3084,-39.4,308.3
3085,-39.4,308.401
3086,-39.4,308.501
3087,-39.4,308.601
3088,-39.4,308.7
3089,-39.4,308.799
3090,-39.4,308.9
3091,-39.4,309.001
3092,-39.4,309.101
3093,-39.4,309.2
3094,-39.4,309.299
3095,-39.4,309.4
3096,-39.4,309.501
3097,-39.4,309.601
3098,-39.4,309.701
3099,-39.4,309.801
3100,-39.4,309.9
3101,-39.4,310
3102,-39.4,310.1
3103,-39.4,310.2
3104,-39.4,310.299
3105,-39.4,310.4
3106,-39.4,310.501
3107,-39.4,310.6
3108,-39.4,310.7
3109,-39.4,310.799
3110,-39.4,310.9
3111,-39.4,311
3112,-39.4,311.1
3113,-39.4,311.201
3114,-39.4,311.299
3115,-39.2,311.4
3116,-39.2,311.5
3117,-39.2,311.601
3118,-39.2,311.7
3119,-39.2,311.799
3120,-39.2,311.9
3121,-39.2,312
3122,-39.2,312.1
3123,-39.2,312.2
3124,-39.2,312.299
3125,-39.2,312.4
3126,-39.2,312.501
3127,-39.2,312.6
3128,-39.2,312.701
3129,-39.2,312.8
3130,-39.2,312.9
3131,-39.2,313
3132,-39.2,313.101
3133,-39.2,313.2
3134,-39.2,313.3
3135,-39.2,313.4
3136,-39.2,313.5
3137,-39.2,313.601
3138,-39.2,313.7
3139,-39.2,313.803
3140,-39.2,313.901
3141,-39.2,314
3142,-39.2,314.1
3143,-39.2,314.2
3144,-39.2,314.299
3145,-39.2,314.4
3146,-39.2,314.5
3147,-39.2,314.6
3148,-39.2,314.701
3149,-39.2,314.799
3150,-39.2,314.901
3151,-39.2,315
3152,-39.2,315.1
3153,-39.2,315.2
3154,-39.2,315.3
3155,-39,315.4
3156,-39,315.502
3157,-39.2,315.601
3158,-39,315.701
3159,-39,315.799
3160,-39,315.9
3161,-39,316
3162,-39,316.1
3163,-39,316.2
3164,-39,316.299
3165,-39,316.4
3166,-39,316.5
3167,-39,316.6
3168,-39,316.701
3169,-39,316.799
3170,-39,316.9
3171,-39,317
3172,-39,317.1
3173,-38.8,317.2
3174,-38.2,317.301
3175,-36.2,317.4
3176,-34,317.501
3177,-34,317.601
3178,-31.4,317.7
3179,-28.8,317.8
3180,-25.4,317.9
3181,-22.6,318.001
3182,-20.2,318.1
3183,-20.2,318.203
3184,-18.6,318.299
3185,-17.6,318.4
3186,-17.2,318.5
3187,-17,318.6
3188,-16.2,318.7
3189,-16.2,318.799
3190,-14.6,318.9
3191,-12,319
3192,-9.4,319.1
3193,-6.8,319.2
3194,-6.8,319.3
3195,-3,319.4
3196,-1.2,319.5
3197,-1.4,319.6
3198,-2,319.7
3199,-2.4,319.799
3200,-2.4,319.9
3201,-2.4,320.001
3202,-2,320.1
3203,-1.8,320.2
3204,-1.8,320.299
3205,-1.8,320.401
3206,-1.8,320.501
3207,-2,320.6
3208,-2.2,320.7
3209,-2.2,320.799
3210,-2.4,320.9
3211,-2.4,321.001
3212,-2.4,321.101
3213,-2.6,321.2
3214,-2.6,321.299
3215,-2.8,321.4
3216,-2.8,321.5
3217,-2.8,321.6
3218,-2.8,321.7
3219,-3,321.799
3220,-3,321.9
3221,-3.2,322
3222,-3.2,322.1
3223,-3.2,322.201
3224,-3.4,322.299
3225,-3.4,322.4
3226,-3.4,322.5
3227,-3.6,322.605
3228,-3.6,322.701
3229,-3.6,322.799
3230,-3.6,322.9
3231,-3.6,323.001
3232,-3.6,323.1
3233,-3.8,323.2
3234,-3.8,323.299
3235,-3.8,323.401
3236,-3.8,323.5
3237,-3.8,323.6
3238,-3.8,323.7
3239,-3.8,323.802
3240,-3.8,323.9
3241,-3.8,324
3242,-4,324.1
3243,-4,324.2
3244,-4,324.299
3245,-4,324.401
3246,-4,324.502
3247,-4,324.6
3248,-4,324.7
3249,-4,324.8
3250,-4.2,324.901
3251,-4.2,325.002
3252,-4.2,325.101
3253,-4.2,325.204
3254,-4.2,325.302
3255,-4.2,325.401
3256,-4.2,325.505
3257,-4.2,325.601
3258,-4.2,325.701
3259,-4.2,325.799
3260,-4.2,325.9
3261,-4.2,326.002
3262,-4.4,326.103
3263,-4.4,326.2
3264,-4.4,326.299
3265,-4.4,326.401
3266,-4.4,326.5
3267,-4.4,326.6
3268,-4.4,326.7
3269,-4.4,326.799
3270,-4.4,326.9
3271,-4.4,327
3272,-4.4,327.1
3273,-4.4,327.2
3274,-4.4,327.299
3275,-4.4,327.4
3276,-4.4,327.501
3277,-4.6,327.6
3278,-4.6,327.7
3279,-4.6,327.799
3280,-4.6,327.9
3281,-4.6,328
3282,-4.6,328.1
3283,-4.6,328.201
3284,-4.6,328.299
3285,-4.6,328.402
3286,-4.6,328.5
3287,-4.6,328.6
3288,-4.6,328.7
3289,-4.6,328.799
3290,-4.6,328.903
3291,-4.6,329
3292,-4.6,329.104
3293,-4.6,329.202
3294,-4.6,329.3
3295,-4.8,329.401
3296,-4.8,329.501
3297,-4.8,329.6
3298,-4.8,329.703
3299,-4.8,329.799
3300,-4.8,329.9
3301,-4.8,330
3302,-4.8,330.101
3303,-4.8,330.2
3304,-4.8,330.299
3305,-4.8,330.4
3306,-4.8,330.5
3307,-4.8,330.601
3308,-4.8,330.7
3309,-4.8,330.799
3310,-4.8,330.9
3311,-4.8,331
3312,-4.8,331.1
3313,-4.8,331.2
3314,-4.8,331.299
3315,-4.8,331.401
3316,-4.8,331.5
3317,-4.8,331.6
3318,-5,331.7
3319,-5,331.799
3320,-5,331.9
3321,-5,332
3322,-5,332.1
3323,-5,332.201
3324,-5,332.299
3325,-5,332.4
3326,-5,332.5
3327,-5,332.602
3328,-5,332.7
3329,-5,332.799
3330,-5,332.9
3331,-5,333
3332,-5,333.1
3333,-5,333.203
3334,-5,333.299
3335,-5,333.402
3336,-5,333.501
3337,-5,333.6
3338,-5,333.703
3339,-5,333.801
3340,-5,333.901
3341,-5,334
3342,-5,334.1
3343,-5,334.201
3344,-5,334.299
3345,-5,334.4
3346,-5,334.5
3347,-5.2,334.6
3348,-5.2,334.7
3349,-5.2,334.799
3350,-5.2,334.904
3351,-5.2,335.002
3352,-5.2,335.101
3353,-5.2,335.202
3354,-5.2,335.301
3355,-5.2,335.4
3356,-5.2,335.5
3357,-5.2,335.6
3358,-5.2,335.7
3359,-5.2,335.799
3360,-5.2,335.9
3361,-5.2,336.001
3362,-5.2,336.1
3363,-5.2,336.2
3364,-5.2,336.299
3365,-5.2,336.4
3366,-5.2,336.5
3367,-5.2,336.6
3368,-5.2,336.7
3369,-5.2,336.799
3370,-5.2,336.9
3371,-5.2,337
3372,-5.2,337.1
3373,-5.2,337.2
3374,-5.2,337.299
3375,-5.2,337.4
3376,-5.2,337.5
3377,-5.2,337.6
3378,-5.2,337.701
3379,-5.2,337.8
3380,-5.2,337.901
3381,-5.2,338
3382,-5.2,338.1
3383,-5.4,338.201
3384,-5.4,338.3
3385,-5.4,338.402
3386,-5.4,338.501
3387,-5.4,338.601
3388,-5.4,338.7
3389,-5.4,338.799
3390,-5.4,338.9
3391,-5.4,338.999
3392,-5.4,339.1
3393,-5.4,339.199
3394,-5.4,339.299
3395,-5.4,339.401
3396,-5.4,339.5
3397,-5.4,339.6
3398,-5.4,339.7
3399,-5.4,339.799
3400,-5.4,339.9
3401,-5.4,340
3402,-5.4,340.1
3403,-5.4,340.2
3404,-5.4,340.299
3405,-5.4,340.4
3406,-5.4,340.5
3407,-5.4,340.601
3408,-5.4,340.7
3409,-5.4,340.799
3410,-5.4,340.9
3411,-5.4,341
3412,-5.4,341.099
3413,-5.4,341.201
3414,-5.4,341.3
3415,-5.4,341.399
3416,-5.4,341.5
3417,-5.4,341.6
3418,-5.4,341.701
3419,-5.4,341.799
3420,-5.4,341.9
3421,-5.4,342
3422,-5.4,342.1
3423,-5.4,342.2
3424,-5.4,342.299
3425,-5.4,342.4
3426,-5.4,342.5
3427,-5.4,342.6
3428,-5.4,342.7
3429,-5.6,342.799
3430,-5.6,342.902
3431,-5.6,343
3432,-5.6,343.1
3433,-5.6,343.2
3434,-5.6,343.299
3435,-5.6,343.4
3436,-5.6,343.5
3437,-5.6,343.6
3438,-5.6,343.7
3439,-5.6,343.799
3440,-5.6,343.9
3441,-5.6,344
3442,-5.6,344.1
3443,-5.6,344.2
3444,-5.6,344.299
3445,-5.6,344.4
3446,-5.6,344.5
3447,-5.6,344.6
3448,-5.6,344.7
3449,-5.6,344.8
3450,-5.6,344.9
3451,-5.6,345
3452,-5.6,345.102
3453,-5.6,345.2
3454,-5.6,345.3
3455,-5.6,345.409
3456,-5.6,345.502
3457,-5.6,345.603
3458,-5.6,345.704
3459,-5.6,345.804
3460,-5.6,345.906
3461,-5.6,346.003
3462,-5.6,346.102
3463,-5.6,346.199
3464,-5.6,346.299
3465,-5.6,346.402
3466,-5.6,346.501
3467,-5.6,346.602
3468,-5.6,346.705
3469,-5.6,346.8
3470,-5.6,346.9
3471,-5.6,347
3472,-5.6,347.1
3473,-5.6,347.2
3474,-5.6,347.301
3475,-5.6,347.4
3476,-5.6,347.504
3477,-5.6,347.603
3478,-5.6,347.701
3479,-5.6,347.802
3480,-5.6,347.903
3481,-5.6,348.003
3482,-5.6,348.106
3483,-5.6,348.207
3484,-5.6,348.301
3485,-5.8,348.403
3486,-5.8,348.503
3487,-5.6,348.604
3488,-5.8,348.709
3489,-5.6,348.801
3490,-5.6,348.904
3491,-5.6,349.001
3492,-5.6,349.105
3493,-5.8,349.203
3494,-5.8,349.301
3495,-5.8,349.405
3496,-5.8,349.502
3497,-5.8,349.603
3498,-5.8,349.701
3499,-5.8,349.811
3500,-5.8,349.906
3501,-5.8,350.003
3502,-5.8,350.103
3503,-5.8,350.202
3504,-5.8,350.3
3505,-5.8,350.403
3506,-5.8,350.5
3507,-5.8,350.602
3508,-5.8,350.703
3509,-5.8,350.8
3510,-5.8,350.901
3511,-5.8,351
3512,-5.8,351.101
3513,-5.8,351.2
3514,-5.8,351.299
3515,-5.8,351.401
3516,-5.8,351.502
3517,-5.8,351.6
3518,-5.8,351.701
3519,-5.8,351.799
3520,-5.8,351.901
3521,-5.8,352
3522,-5.8,352.101
3523,-5.8,352.201
3524,-5.8,352.3
3525,-5.8,352.401
3526,-5.8,352.503
3527,-5.8,352.601
3528,-5.8,352.703
3529,-5.8,352.799
3530,-5.8,352.905
3531,-5.8,353.001
3532,-5.8,353.1
3533,-5.8,353.203
3534,-5.8,353.303
3535,-5.8,353.401
3536,-5.8,353.5
3537,-5.8,353.6
3538,-5.8,353.7
3539,-5.8,353.8
3540,-5.8,353.9
3541,-5.8,354
3542,-5.8,354.1
3543,-5.8,354.2
3544,-5.8,354.299
3545,-5.8,354.4
3546,-5.8,354.501
3547,-5.8,354.6
3548,-5.8,354.7
3549,-5.8,354.798
3550,-5.8,354.901
3551,-5.8,354.999
3552,-5.8,355.1
3553,-5.8,355.199
3554,-5.8,355.299
3555,-5.8,355.402
3556,-5.8,355.5
3557,-5.8,355.6
3558,-5.8,355.7
3559,-5.8,355.799
3560,-5.8,355.9
3561,-5.8,356.001
3562,-5.8,356.1
3563,-5.8,356.202
3564,-5.8,356.299
3565,-5.8,356.4
3566,-5.8,356.502
3567,-5.8,356.601
3568,-5.8,356.7
3569,-5.8,356.799
3570,-5.8,356.9
3571,-5.8,357
3572,-5.8,357.1
3573,-5.8,357.2
3574,-5.8,357.299
3575,-6,357.401
3576,-6,357.502
3577,-6,357.6
3578,-6,357.701
3579,-6,357.799
3580,-6,357.899
3581,-6,358.004
3582,-6,358.104
3583,-6,358.205
3584,-6,358.3
3585,-6,358.401
3586,-6,358.504
3587,-6,358.605
3588,-6,358.703
3589,-6,358.799
3590,-6,358.902
3591,-6,359.003
3592,-6,359.102
3593,-6,359.2
3594,-6,359.3
3595,-6,359.405
3596,-6,359.503
3597,-6,359.601
3598,-6,359.701
3599,-6,359.799
3600,-6,359.9
3601,-6,360.001
3602,-6,360.103
3603,-6,360.2
3604,-6,360.302
3605,-6,360.402
3606,-6,360.501
3607,-6,360.601
3608,-6,360.704
3609,-6,360.801
3610,-6,360.902
3611,-6,361.002
3612,-6,361.1
3613,-6,361.2
3614,-6,361.302
3615,-6,361.402
3616,-6,361.502
3617,-6,361.601
3618,-6,361.702
3619,-6,361.799
3620,-6,361.901
3621,-6,362
3622,-6,362.102
3623,-6,362.203
3624,-6,362.3
3625,-6,362.402
3626,-6,362.502
3627,-6,362.6
3628,-6,362.701
3629,-6,362.801
3630,-6,362.9
3631,-6,363.005
3632,-6,363.103
3633,-6,363.201
3634,-6.8,363.3
3635,-9,363.405
3636,-13.2,363.501
3637,-13.2,363.601
3638,-18,363.702
3639,-22.2,363.808
3640,-24.6,363.904
3641,-26.2,364.006
3642,-26.8,364.103
3643,-26.8,364.205
3644,-28.4,364.3
3645,-30.6,364.402
3646,-32.6,364.503
3647,-32.8,364.604
3648,-32.8,364.705
3649,-32.6,364.803
3650,-32.4,364.902
3651,-32,365.003
3652,-31.8,365.105
3653,-31.6,365.206
3654,-31.6,365.311
3655,-31.4,365.401
3656,-31.4,365.503
3657,-31.2,365.603
3658,-31,365.703
3659,-31,365.806
3660,-31,365.903
3661,-30.8,366.004
3662,-30.8,366.101
3663,-30.8,366.202
3664,-30.6,366.302
3665,-30.6,366.403
3666,-30.6,366.501
3667,-30.4,366.6
3668,-30.4,366.705
3669,-30.4,366.804
3670,-30.4,366.901
3671,-30.4,367.002
3672,-30.2,367.1
3673,-30.2,367.203
3674,-30.2,367.299
3675,-30.2,367.404
3676,-30.2,367.502
3677,-30.2,367.6
3678,-30,367.703
3679,-30,367.804
3680,-30,367.901
3681,-30,368
3682,-30,368.1
3683,-30,368.2
3684,-30,368.299
3685,-29.8,368.401
3686,-29.8,368.501
3687,-29.8,368.601
3688,-29.8,368.701
3689,-29.8,368.8
3690,-29.8,368.901
3691,-29.8,369
3692,-29.8,369.1
3693,-29.6,369.2
3694,-29.6,369.299
3695,-29.6,369.403
3696,-29.6,369.5
3697,-29.6,369.6
3698,-29.6,369.7
3699,-29.6,369.799
3700,-29.6,369.901
3701,-29.6,369.999
3702,-29.6,370.101
3703,-29.4,370.2
3704,-29.4,370.306
3705,-29.4,370.403
3706,-29.4,370.499
3707,-29.4,370.6
3708,-29.4,370.7
3709,-29.4,370.8
3710,-29.4,370.901
3711,-29.4,371
3712,-29.4,371.1
3713,-29.4,371.2
3714,-29.4,371.299
3715,-29.4,371.4
3716,-29.4,371.5
3717,-29.4,371.601
3718,-29.4,371.7
3719,-29.4,371.799
3720,-29.2,371.9
3721,-29.2,372.001
3722,-29.2,372.1
3723,-29.2,372.2
3724,-29.2,372.3
3725,-29.2,372.402
3726,-29.2,372.501
3727,-29.2,372.601
3728,-29.2,372.7
3729,-29.2,372.799
3730,-29.2,372.9
3731,-29.2,373
3732,-29.2,373.1
3733,-29.2,373.199
3734,-29.2,373.298
3735,-29.2,373.401
3736,-29.2,373.5
3737,-29.2,373.601
3738,-29,373.699
3739,-29,373.799
3740,-29,373.899
3741,-29,374
3742,-29,374.099
3743,-29,374.2
3744,-29,374.299
3745,-29,374.4
3746,-29,374.5
3747,-29,374.6
3748,-29,374.7
3749,-29,374.799
3750,-29,374.9
3751,-29,375
3752,-29,375.1
3753,-29,375.2
3754,-29,375.299
3755,-29,375.4
3756,-29,375.5
3757,-29,375.6
3758,-29,375.7
3759,-29,375.799
3760,-29,375.9
3761,-29,376
3762,-29,376.1
3763,-29,376.199
3764,-29,376.299
3765,-29,376.4
3766,-28.8,376.5
3767,-28.8,376.6
3768,-28.8,376.7
3769,-28.8,376.799
3770,-28.8,376.901
3771,-28.8,377.003
3772,-28.8,377.102
3773,-28.8,377.202
3774,-28.8,377.301
3775,-28.8,377.4
3776,-28.8,377.5
3777,-28.8,377.599
3778,-28.8,377.701
3779,-28.8,377.8
3780,-28.8,377.9
3781,-28.8,378
3782,-28.8,378.1
3783,-28.8,378.204
3784,-28.8,378.301
3785,-28.8,378.4
3786,-28.8,378.5
3787,-28.8,378.6
3788,-28.8,378.7
3789,-28.8,378.799
3790,-28.8,378.901
3791,-28.8,379.002
3792,-28.8,379.101
3793,-28.8,379.201
3794,-28.8,379.299
3795,-28.8,379.401
3796,-28.8,379.5
3797,-28.8,379.6
3798,-28.8,379.701
3799,-28.8,379.799
3800,-28.8,379.901
3801,-28.8,380
3802,-28.8,380.101
3803,-28.6,380.201
3804,-28.6,380.3
3805,-28.6,380.4
3806,-28.6,380.5
3807,-28.6,380.601
3808,-28.6,380.7
3809,-28.6,380.799
3810,-28.6,380.901
3811,-28.6,381.001
3812,-28.6,381.1
3813,-28.6,381.201
3814,-28.6,381.3
3815,-28.6,381.401
3816,-28.6,381.501
3817,-28.6,381.601
3818,-28.6,381.701
3819,-28.6,381.799
3820,-28.6,381.9
3821,-28.6,382.001
3822,-28.6,382.101
3823,-28.6,382.201
3824,-28.6,382.299
3825,-28.6,382.4
3826,-28.6,382.501
3827,-28.6,382.601
3828,-28.6,382.7
3829,-28.6,382.799
3830,-28.6,382.902
3831,-28.6,383.003
3832,-28.6,383.123
3833,-28.6,383.228
3834,-28.6,383.306
3835,-28.6,383.406
3836,-28.6,383.515
3837,-28.6,383.602
3838,-28.6,383.699
3839,-28.6,383.8
3840,-28.6,383.902
3841,-28.6,384.003
3842,-28.6,384.103
3843,-28.6,384.202
3844,-28.6,384.303
3845,-28.4,384.402
3846,-28.4,384.502
3847,-28.4,384.602
3848,-28.4,384.702
3849,-28.4,384.801
3850,-28.4,384.901
3851,-28.4,385.005
3852,-28.4,385.102
3853,-28.4,385.201
3854,-28.4,385.299
3855,-28.4,385.402
3856,-28.4,385.5
3857,-28.4,385.6
3858,-28.4,385.7
3859,-28.4,385.799
3860,-28.4,385.9
3861,-28.4,386.001
3862,-28.4,386.1
3863,-28.4,386.2
3864,-28.4,386.299
3865,-28.4,386.4
3866,-28.4,386.499
3867,-28.4,386.6
3868,-28.4,386.7
3869,-28.4,386.799
3870,-28.4,386.9
3871,-28.4,387.001
3872,-28.4,387.1
3873,-28.4,387.201
3874,-28.4,387.3
3875,-28.4,387.401
3876,-28.4,387.505
3877,-28.4,387.601
3878,-28.4,387.7
3879,-28.4,387.799
3880,-28.4,387.9
3881,-28.4,388
3882,-28.4,388.1
3883,-28.4,388.2
3884,-28.4,388.299
3885,-28.4,388.4
3886,-28.4,388.5
3887,-28.4,388.6
3888,-28.4,388.7
3889,-28.4,388.799
3890,-28.4,388.9
3891,-28.4,389.003
3892,-28.4,389.103
3893,-28.4,389.203
3894,-28.4,389.301
3895,-28.4,389.4
3896,-28.4,389.5
3897,-28.4,389.6
3898,-28.4,389.7
3899,-28.4,389.799
3900,-28.4,389.904
3901,-28.4,390.006
3902,-28.4,390.104
3903,-28.4,390.202
3904,-28.4,390.299
3905,-28.4,390.4
3906,-28.4,390.501
3907,-28.4,390.599
3908,-28.4,390.702
3909,-28.4,390.801
3910,-28.4,390.902
3911,-28.4,391
3912,-28.4,391.1
3913,-28.4,391.2
3914,-28.4,391.299
3915,-28.4,391.4
3916,-28.4,391.5
3917,-28.4,391.6
3918,-28.4,391.7
3919,-28.4,391.8
3920,-28.4,391.9
3921,-28.4,392
3922,-28.4,392.1
3923,-28.4,392.202
3924,-28.2,392.299
3925,-28.4,392.4
3926,-28.2,392.5
3927,-28.2,392.6
3928,-28.2,392.704
3929,-28.2,392.799
3930,-28.2,392.9
3931,-28.2,393.001
3932,-28.2,393.1
3933,-28.2,393.2
3934,-28.2,393.299
3935,-28.2,393.4
3936,-28.2,393.5
3937,-28.2,393.6
3938,-28.2,393.7
3939,-28.2,393.798
3940,-28.2,393.9
3941,-28.2,394
3942,-28.2,394.1
3943,-28.2,394.2
3944,-28.2,394.299
3945,-28.2,394.4
3946,-28.2,394.501
3947,-28.2,394.6
3948,-28.2,394.699
3949,-28.2,394.799
3950,-28.2,394.901
3951,-28.2,395
3952,-28.2,395.1
3953,-28.2,395.2
3954,-28.2,395.299
3955,-28.2,395.4
3956,-28.2,395.5
3957,-28.2,395.6
3958,-28.2,395.7
3959,-28.2,395.799
3960,-28.2,395.9
3961,-28.2,396
3962,-28.2,396.102
3963,-28.2,396.199
3964,-28.2,396.299
3965,-28.2,396.4
3966,-28.2,396.5
3967,-28.2,396.6
3968,-28.2,396.7
3969,-28.2,396.799
3970,-28.2,396.899
3971,-28.2,397
3972,-28.2,397.1
3973,-28.2,397.199
3974,-28.2,397.3
3975,-28.2,397.401
3976,-28.2,397.5
3977,-28.2,397.6
3978,-28.2,397.701
3979,-28.2,397.8
3980,-28.2,397.9
3981,-28.2,398.001
3982,-28.2,398.101
3983,-28.2,398.201
3984,-28.2,398.3
3985,-28.2,398.401
3986,-28.2,398.5
3987,-28.2,398.601
3988,-28.2,398.7
3989,-28.2,398.799
3990,-28.2,398.901
3991,-28.2,399.001
3992,-28.2,399.1
3993,-28.2,399.2
3994,-28.2,399.299
3995,-28.2,399.401
3996,-28.2,399.5
3997,-28.2,399.601
3998,-28.2,399.7
3999,-28.2,399.8
4000,-28.2,399.9
4001,-28.2,400.001
4002,-28.2,400.1
4003,-28.2,400.2
4004,-28.2,400.301
4005,-28.2,400.401
4006,-28.2,400.5
4007,-28.2,400.601
4008,-28.2,400.702
4009,-28.2,400.799
4010,-28.2,400.9
4011,-28.2,401.001
4012,-28.2,401.101
4013,-28.2,401.201
4014,-28.2,401.299
4015,-28.2,401.401
4016,-28.2,401.5
4017,-28.2,401.601
4018,-28.2,401.7
4019,-28.2,401.799
4020,-28.2,401.901
4021,-28.2,402.002
4022,-28.2,402.1
4023,-28.2,402.2
4024,-28.2,402.299
4025,-28.2,402.4
4026,-28.2,402.499
4027,-28,402.6
4028,-28.2,402.7
4029,-28,402.798
4030,-28,402.9
4031,-28,403
4032,-28,403.1
4033,-28,403.2
4034,-28,403.299
4035,-28,403.4
4036,-28,403.5
4037,-28,403.6
4038,-28,403.7
4039,-28,403.799
4040,-28,403.899
4041,-28,404
4042,-28,404.1
4043,-28,404.2
4044,-28,404.299
4045,-28,404.4
4046,-28,404.5
4047,-28,404.6
4048,-28,404.7
4049,-28,404.8
4050,-28,404.9
4051,-28,405
4052,-28,405.1
4053,-28,405.201
4054,-28,405.299
4055,-28,405.4
4056,-28,405.5
4057,-28,405.601
4058,-28,405.7
4059,-28,405.799
4060,-28,405.9
4061,-28,405.999
4062,-28,406.1
4063,-28,406.2
4064,-28,406.299
4065,-28,406.401
4066,-28,406.5
4067,-28,406.6
4068,-28,406.701
4069,-28,406.798
4070,-28,406.9
4071,-28,407
4072,-28,407.1
4073,-28,407.2
4074,-28,407.299
4075,-28,407.4
4076,-28,407.5
4077,-28,407.601
4078,-28,407.7
4079,-28,407.798
4080,-28,407.9
4081,-28,408
4082,-28,408.1
4083,-28,408.2
4084,-28,408.299
4085,-28,408.4
4086,-28,408.5
4087,-28,408.6
4088,-28,408.701
4089,-28,408.801
4090,-29.4,408.9
4091,-32,408.999
4092,-35.6,409.1
4093,-40,409.2
4094,-40,409.299
4095,-43.4,409.4
4096,-44.4,409.5
4097,-44.6,409.604
4098,-44.2,409.701
4099,-44,409.799
4100,-44,409.9
4101,-43.6,410
4102,-43.4,410.1
4103,-43.2,410.2
4104,-43,410.301
4105,-42.8,410.4
4106,-42.8,410.499
4107,-42.8,410.6
4108,-42.6,410.7
4109,-42.6,410.799
4110,-42.4,410.901
4111,-42.4,411
4112,-42.4,411.102
4113,-42.2,411.202
4114,-42.2,411.304
4115,-42.2,411.401
4116,-42,411.501
4117,-42,411.602
4118,-42,411.701
4119,-41.8,411.801
4120,-41.8,411.9
4121,-41.8,412.001
4122,-41.8,412.101
4123,-41.8,412.2
4124,-41.6,412.3
4125,-41.6,412.402
4126,-41.6,412.502
4127,-41.4,412.601
4128,-41.4,412.7
4129,-41.4,412.799
4130,-41.4,412.913
4131,-41.4,413.004
4132,-41.4,413.102
4133,-41.2,413.201
4134,-41.2,413.3
4135,-41.2,413.402
4136,-41.2,413.501
4137,-41.2,413.601
4138,-41.2,413.7
4139,-41,413.8
4140,-41,413.9
4141,-41,414.001
4142,-41,414.1
4143,-41,414.201
4144,-41,414.299
4145,-41,414.401
4146,-41,414.501
4147,-41,414.602
4148,-40.8,414.7
4149,-40.8,414.801
4150,-40.8,414.901
4151,-40.8,415
4152,-40.8,415.1
4153,-40.8,415.201
4154,-40.8,415.3
4155,-40.8,415.4
4156,-40.6,415.501
4157,-40.6,415.601
4158,-40.6,415.701
4159,-40.6,415.8
4160,-40.6,415.9
4161,-40.6,416.001
4162,-40.6,416.1
4163,-40.6,416.201
4164,-40.6,416.299
4165,-40.6,416.401
4166,-40.6,416.501
4167,-40.4,416.6
4168,-40.4,416.7
4169,-40.4,416.8
4170,-40.4,416.901
4171,-40.4,417.001
4172,-40.4,417.1
4173,-40.4,417.201
4174,-40.4,417.3
4175,-40.4,417.4
4176,-40.4,417.502
4177,-40.4,417.6
4178,-40.4,417.701
4179,-40.2,417.8
4180,-40.2,417.901
4181,-40.2,418
4182,-40.2,418.1
4183,-40.2,418.201
4184,-40.2,418.299
4185,-40.2,418.4
4186,-40.2,418.5
4187,-40.2,418.601
4188,-40.2,418.701
4189,-40.2,418.8
4190,-40.2,418.901
4191,-40.2,419
4192,-40.2,419.101
4193,-40,419.201
4194,-40,419.299
4195,-40,419.4
4196,-40,419.501
4197,-40,419.601
4198,-40,419.701
4199,-40,419.8
4200,-40,419.901
4201,-40,420.001
4202,-40,420.101
4203,-40,420.201
4204,-40,420.299
4205,-40,420.4
4206,-40,420.5
4207,-40,420.601
4208,-39.8,420.701
4209,-39.8,420.799
4210,-39.8,420.901
4211,-39.8,421.001
4212,-39.8,421.1
4213,-39.8,421.201
4214,-39.8,421.3
4215,-39.8,421.4
4216,-39.8,421.5
4217,-39.8,421.6
4218,-39.8,421.711
4219,-39.8,421.802
4220,-39.8,421.9
4221,-39.8,422
4222,-39.8,422.1
4223,-39.8,422.2
4224,-39.8,422.298
4225,-39.8,422.399
4226,-39.8,422.5
4227,-39.8,422.601
4228,-39.6,422.703
4229,-39.6,422.799
4230,-39.6,422.9
4231,-39.6,423
4232,-39.6,423.1
4233,-39.6,423.2
4234,-39.6,423.298
4235,-39.6,423.4
4236,-39.6,423.5
4237,-39.6,423.6
4238,-39.6,423.701
4239,-39.6,423.799
4240,-39.6,423.901
4241,-39.6,424
4242,-39.6,424.104
4243,-39.6,424.204
4244,-39.6,424.309
4245,-39.6,424.402
4246,-39.6,424.501
4247,-39.6,424.6
4248,-39.6,424.7
4249,-39.6,424.799
4250,-39.6,424.902
4251,-39.6,425
4252,-39.4,425.1
4253,-39.4,425.2
4254,-39.4,425.3
4255,-39.4,425.4
4256,-39.4,425.5
4257,-39.4,425.6
4258,-39.4,425.7
4259,-39.4,425.799
4260,-39.4,425.901
4261,-39.4,426
4262,-39.4,426.1
4263,-39.4,426.2
4264,-39.4,426.3
4265,-39.4,426.4
4266,-39.4,426.5
4267,-39.4,426.601
4268,-39.4,426.702
4269,-39.4,426.799
4270,-39.4,426.9
4271,-39.4,427
4272,-39.4,427.1
4273,-39.4,427.201
4274,-39.4,427.299
4275,-39.2,427.401
4276,-39.2,427.5
4277,-39.2,427.603
4278,-39.2,427.701
4279,-39.2,427.8
4280,-39.2,427.9
4281,-39.2,428
4282,-39.2,428.1
4283,-39.2,428.201
4284,-39.2,428.299
4285,-39.2,428.401
4286,-39.2,428.502
4287,-39.2,428.6
4288,-39.2,428.7
4289,-39.2,428.799
4290,-39.2,428.9
4291,-39.2,429.004
4292,-39.2,429.101
4293,-39.2,429.2
4294,-39.2,429.299
4295,-39.2,429.4
4296,-39.2,429.5
4297,-39.2,429.6
4298,-39.2,429.699
4299,-39.2,429.798
4300,-39.2,429.904
4301,-39.2,430.001
4302,-39.2,430.1
4303,-39.2,430.201
4304,-39,430.3
4305,-39,430.4
4306,-39,430.5
4307,-39,430.601
4308,-39,430.7
4309,-39,430.799
4310,-39,430.905
4311,-39,431.001
4312,-39,431.101
4313,-39,431.2
4314,-39,431.299
4315,-39,431.4
4316,-39,431.501
4317,-39,431.602
4318,-39,431.7
4319,-39,431.798
4320,-39,431.9
4321,-39,432
4322,-39,432.1
4323,-39,432.2
4324,-39,432.299
4325,-39,432.4
4326,-39,432.5
4327,-39,432.6
4328,-39,432.7
4329,-39,432.8
4330,-39,432.9
4331,-39,433
4332,-39,433.1
4333,-39,433.2
4334,-39,433.299
4335,-39,433.4
4336,-39,433.5
4337,-39,433.6
4338,-38.8,433.7
4339,-39,433.799
4340,-38.8,433.9
4341,-38.8,434.001
4342,-38.8,434.1
4343,-38.8,434.2
4344,-38.8,434.299
4345,-38.8,434.4
4346,-38.8,434.5
4347,-38.8,434.6
4348,-38.8,434.702
4349,-38.8,434.799
4350,-38.8,434.899
4351,-38.8,435
4352,-38.8,435.1
4353,-38.8,435.201
4354,-38.8,435.299
4355,-38.8,435.4
4356,-38.8,435.5
4357,-38.8,435.6
4358,-38.8,435.7
4359,-38.8,435.799
4360,-38.8,435.9
4361,-38.8,436.002
4362,-38.8,436.099
4363,-38.8,436.201
4364,-38.8,436.3
4365,-38.8,436.402
4366,-38.8,436.5
4367,-38.8,436.6
4368,-38.8,436.701
4369,-38.8,436.799
4370,-38.8,436.9
4371,-38.8,437
4372,-38.8,437.101
4373,-38.8,437.2
4374,-38.8,437.299
4375,-38.8,437.4
4376,-38.6,437.501
4377,-38.6,437.6
4378,-38.6,437.7
4379,-38.6,437.8
4380,-38.6,437.901
4381,-38.6,438.001
4382,-38.6,438.1
4383,-38.6,438.2
4384,-38.6,438.299
4385,-38.6,438.401
4386,-38.6,438.501
4387,-38.6,438.6
4388,-38.6,438.7
4389,-38.6,438.799
4390,-38.6,438.9
4391,-38.6,439.002
4392,-38.6,439.101
4393,-38.6,439.2
4394,-38.6,439.299
4395,-38.6,439.4
4396,-38.6,439.501
4397,-38.6,439.6
4398,-38.6,439.7
4399,-38.6,439.799
4400,-38.6,439.901
4401,-38.6,440.001
4402,-38.6,440.1
4403,-38.6,440.2
4404,-38.6,440.299
4405,-38.6,440.4
4406,-38.6,440.5
4407,-38.6,440.6
4408,-38.6,440.7
4409,-38.6,440.802
4410,-38.6,440.9
4411,-38.6,441
4412,-38.6,441.1
4413,-38.6,441.2
4414,-38.6,441.299
4415,-38.6,441.4
4416,-38.6,441.5
4417,-38.6,441.6
4418,-38.6,441.7
4419,-38.6,441.8
4420,-38.6,441.901
4421,-38.6,442
4422,-38.6,442.102
4423,-38.6,442.2
4424,-38.4,442.299
4425,-38.4,442.401
4426,-38.4,442.5
4427,-38.4,442.6
4428,-38.4,442.7
4429,-38.4,442.8
4430,-38.4,442.9
4431,-38.4,443
4432,-38.4,443.1
4433,-38.4,443.2
4434,-38.4,443.299
4435,-38.4,443.4
4436,-38.4,443.5
4437,-38.4,443.6
4438,-38.4,443.7
4439,-38.4,443.799
4440,-38.4,443.902
4441,-38.4,444
4442,-38.4,444.1
4443,-38.4,444.2
4444,-38.4,444.3
4445,-38.4,444.401
4446,-38.4,444.5
4447,-38.4,444.6
4448,-38.4,444.7
4449,-38.4,444.8
4450,-38.4,444.9
4451,-38.4,445
4452,-38.4,445.1
4453,-38.4,445.2
4454,-38.4,445.299
4455,-38.4,445.4
4456,-38.4,445.5
4457,-38.4,445.6
4458,-38.4,445.7
4459,-38.4,445.799
4460,-38.4,445.9
4461,-38.4,446
4462,-38.4,446.1
4463,-38.4,446.2
4464,-38.4,446.298
4465,-38.4,446.4
4466,-38.4,446.5
4467,-38.4,446.6
4468,-38.4,446.7
4469,-38.4,446.799
4470,-38.4,446.9
4471,-38.4,447
4472,-38.4,447.101
4473,-38.4,447.2
4474,-38.4,447.299
4475,-38.4,447.4
4476,-38.4,447.5
4477,-38.4,447.6
4478,-38.4,447.7
4479,-38.4,447.799
4480,-38.2,447.9
4481,-38.2,448
4482,-38.2,448.105
4483,-38.2,448.202
4484,-38.2,448.299
4485,-38.2,448.4
4486,-38.2,448.5
4487,-38.2,448.6
4488,-38.2,448.701
4489,-38.2,448.799
4490,-38.2,448.9
4491,-38.2,449
4492,-38.2,449.102
4493,-38.2,449.201
4494,-38.2,449.298
4495,-38.2,449.4
4496,-38.2,449.5
4497,-38.2,449.6
4498,-38.2,449.7
4499,-38.2,449.799
4500,-38.2,449.899
4501,-38.2,450
4502,-38.2,450.1
4503,-38.2,450.2
4504,-38.2,450.299
4505,-38.2,450.4
4506,-38.2,450.5
4507,-38.2,450.6
4508,-38.2,450.7
4509,-38.2,450.799
4510,-38.2,450.899
4511,-38.2,451
4512,-38.2,451.1
4513,-38.2,451.2
4514,-38.2,451.298
4515,-38.2,451.4
4516,-38.2,451.5
4517,-38.2,451.6
4518,-38.2,451.7
4519,-38,451.799
4520,-37.2,451.902
4521,-37.2,452
4522,-36,452.101
4523,-34,452.2
4524,-31.6,452.299
4525,-29.6,452.4
4526,-26.8,452.5
4527,-26.8,452.6
4528,-23.8,452.7
4529,-21.4,452.799
4530,-18.8,452.9
4531,-16.2,453
4532,-15.2,453.101
4533,-15.2,453.2
4534,-14.4,453.299
4535,-12.8,453.4
4536,-10.8,453.501
4537,-9.4,453.6
4538,-8.8,453.7
4539,-8.8,453.801
4540,-8.6,453.9
4541,-8.8,454
4542,-9,454.1
4543,-9,454.201
4544,-9,454.299
4545,-9.2,454.4
4546,-9.4,454.502
4547,-9.6,454.602
4548,-9.6,454.702
4549,-9.8,454.8
4550,-9.8,454.901
4551,-9.8,455
4552,-10,455.1
4553,-10,455.2
4554,-10.2,455.299
4555,-10.2,455.4
4556,-10.2,455.5
4557,-10.2,455.6
4558,-10.4,455.7
4559,-10.4,455.799
4560,-10.4,455.9
4561,-10.4,456
4562,-10.4,456.1
4563,-10.6,456.2
4564,-10.6,456.299
4565,-10.6,456.4
4566,-10.6,456.5
4567,-10.6,456.602
4568,-10.8,456.7
4569,-10.8,456.799
4570,-10.8,456.9
4571,-10.8,457.002
4572,-10.8,457.101
4573,-10.8,457.201
4574,-10.8,457.301
4575,-11,457.401
4576,-11,457.501
4577,-11,457.601
4578,-11,457.7
4579,-11,457.799
4580,-11,457.9
4581,-11,458
4582,-11,458.1
4583,-11.2,458.2
4584,-11.2,458.302
4585,-11.2,458.401
4586,-11.2,458.5
4587,-11.2,458.601
4588,-11.2,458.7
4589,-11.2,458.801
4590,-11.2,458.9
4591,-11.2,459
4592,-11.2,459.102
4593,-11.4,459.2
4594,-11.4,459.299
4595,-11.4,459.4
4596,-11.4,459.5
4597,-11.4,459.6
4598,-11.4,459.7
4599,-11.4,459.8
4600,-11.4,459.9
4601,-11.4,460
4602,-11.4,460.1
4603,-11.4,460.2
4604,-11.4,460.299
4605,-11.4,460.401
4606,-11.6,460.5
4607,-11.6,460.6
4608,-11.6,460.7
4609,-11.6,460.799
4610,-11.6,460.9
4611,-11.6,461.001
4612,-11.6,461.1
4613,-11.6,461.2
4614,-11.6,461.3
4615,-11.6,461.401
4616,-11.6,461.501
4617,-11.6,461.6
4618,-11.6,461.7
4619,-11.6,461.8
4620,-11.6,461.9
4621,-11.8,462.001
4622,-11.8,462.101
4623,-11.8,462.201
4624,-11.8,462.299
4625,-11.8,462.4
4626,-11.8,462.501
4627,-11.8,462.601
4628,-11.8,462.7
4629,-11.8,462.799
4630,-11.8,462.899
4631,-11.8,463
4632,-11.8,463.099
4633,-11.8,463.2
4634,-11.8,463.299
4635,-11.8,463.4
4636,-11.8,463.5
4637,-11.8,463.6
4638,-11.8,463.7
4639,-11.8,463.8
4640,-11.8,463.901
4641,-11.8,464
4642,-11.8,464.101
4643,-11.8,464.2
4644,-11.8,464.3
4645,-11.8,464.401
4646,-11.8,464.5
4647,-12,464.6
4648,-12,464.7
4649,-12,464.799
4650,-12,464.9
4651,-12,465
4652,-12,465.1
4653,-12,465.201
4654,-12,465.3
4655,-12,465.4
4656,-12,465.501
4657,-12,465.6
4658,-12,465.7
4659,-12,465.799
4660,-12,465.901
4661,-12,466.001
4662,-12,466.101
4663,-12,466.2
4664,-12,466.299
4665,-12,466.4
4666,-12,466.501
4667,-12,466.6
4668,-12,466.7
4669,-12,466.8
4670,-12,466.9
4671,-12,467.001
4672,-12,467.101
4673,-12,467.2
4674,-12,467.3
4675,-12,467.401
4676,-12.2,467.5
4677,-12.2,467.601
4678,-12.2,467.701
4679,-12.2,467.799
4680,-12.2,467.901
4681,-12.2,468
4682,-12.2,468.1
4683,-12.2,468.201
4684,-12.2,468.299
4685,-12.2,468.403
4686,-12.2,468.5
4687,-12.2,468.6
4688,-12.2,468.701
4689,-12.2,468.799
4690,-12.2,468.9
4691,-12.2,469
4692,-12.2,469.1
4693,-12.2,469.2
4694,-12.2,469.299
4695,-12.2,469.405
4696,-12.2,469.502
4697,-12.2,469.6
4698,-12.2,469.701
4699,-12.2,469.799
4700,-12.2,469.9
4701,-12.2,470
4702,-12.2,470.1
4703,-12.2,470.2
4704,-12.2,470.3
4705,-12.2,470.4
4706,-12.2,470.501
4707,-12.2,470.6
4708,-12.2,470.704
4709,-12.2,470.799
4710,-12.2,470.9
4711,-12.2,471
4712,-12.2,471.1
4713,-12.2,471.202
4714,-12.2,471.299
4715,-12.4,471.402
4716,-12.4,471.501
4717,-12.4,471.6
4718,-12.4,471.702
4719,-12.4,471.799
4720,-12.4,471.901
4721,-12.4,472.001
4722,-12.4,472.099
4723,-12.4,472.2
4724,-12.4,472.3
4725,-12.4,472.4
4726,-12.4,472.502
4727,-12.4,472.602
4728,-12.4,472.704
4729,-12.4,472.8
4730,-12.4,472.901
4731,-12.4,473
4732,-12.4,473.102
4733,-12.4,473.203
4734,-12.4,473.301
4735,-12.4,473.402
4736,-12.4,473.503
4737,-12.4,473.6
4738,-12.4,473.7
4739,-12.4,473.801
4740,-12.4,473.908
4741,-12.4,474.001
4742,-12.4,474.1
4743,-12.4,474.201
4744,-12.4,474.299
4745,-12.4,474.4
4746,-12.4,474.503
4747,-12.4,474.607
4748,-12.4,474.701
4749,-12.4,474.799
4750,-12.4,474.9
4751,-12.4,475
4752,-12.4,475.101
4753,-12.4,475.201
4754,-12.4,475.3
4755,-12.4,475.402
4756,-12.4,475.5
4757,-12.4,475.601
4758,-12.4,475.702
4759,-12.4,475.8
4760,-12.4,475.901
4761,-12.4,476.004
4762,-12.4,476.103
4763,-12.4,476.2
4764,-12.4,476.299
4765,-12.4,476.401
4766,-12.4,476.5
4767,-12.6,476.6
4768,-12.6,476.7
4769,-12.6,476.8
4770,-12.6,476.901
4771,-12.6,477.001
4772,-12.6,477.1
4773,-12.6,477.201
4774,-12.6,477.299
4775,-12.6,477.401
4776,-12.6,477.502
4777,-12.6,477.6
4778,-12.6,477.7
4779,-12.6,477.801
4780,-12.6,477.902
4781,-12.6,477.999
4782,-12.6,478.1
4783,-12.6,478.201
4784,-12.6,478.299
4785,-12.6,478.4
4786,-12.6,478.501
4787,-12.6,478.602
4788,-12.6,478.701
4789,-12.6,478.8
4790,-12.6,478.901
4791,-12.6,478.999
4792,-12.6,479.1
4793,-12.6,479.2
4794,-12.6,479.3
4795,-12.6,479.401
4796,-12.6,479.502
4797,-12.6,479.602
4798,-12.6,479.702
4799,-12.6,479.801
4800,-12.6,479.902
4801,-12.6,480
4802,-12.6,480.102
4803,-12.6,480.199
4804,-12.6,480.299
4805,-12.6,480.401
4806,-12.6,480.5
4807,-12.6,480.6
4808,-12.6,480.7
4809,-12.6,480.8
4810,-12.6,480.901
4811,-12.6,481.005
4812,-12.6,481.102
4813,-12.6,481.204
4814,-12.6,481.302
4815,-12.6,481.403
4816,-12.6,481.5
4817,-12.6,481.6
4818,-12.6,481.7
4819,-12.6,481.799
4820,-12.8,481.9
4821,-12.8,482
4822,-12.8,482.1
4823,-12.8,482.2
4824,-12.8,482.299
4825,-12.8,482.4
4826,-12.8,482.5
4827,-12.8,482.6
4828,-12.8,482.701
4829,-12.8,482.799
4830,-12.8,482.9
4831,-12.8,483
4832,-12.8,483.101
4833,-12.8,483.2
4834,-12.8,483.3
4835,-12.8,483.401
4836,-12.8,483.5
4837,-12.8,483.6
4838,-12.8,483.7
4839,-12.8,483.8
4840,-12.8,483.9
4841,-12.8,484
4842,-12.8,484.1
4843,-12.8,484.2
4844,-12.8,484.299
4845,-12.8,484.4
4846,-12.8,484.501
4847,-12.8,484.6
4848,-12.8,484.7
4849,-12.8,484.799
4850,-12.8,484.901
4851,-12.8,485
4852,-12.8,485.101
4853,-12.8,485.201
4854,-12.8,485.299
4855,-12.8,485.401
4856,-12.8,485.5
4857,-12.8,485.601
4858,-12.8,485.7
4859,-12.8,485.799
4860,-12.8,485.9
4861,-12.8,486.001
4862,-12.8,486.101
4863,-12.8,486.2
4864,-12.8,486.299
4865,-12.8,486.401
4866,-12.8,486.5
4867,-12.8,486.601
4868,-12.8,486.701
4869,-12.8,486.799
4870,-12.8,486.9
4871,-12.8,487
4872,-12.8,487.101
4873,-12.8,487.202
4874,-12.8,487.299
4875,-12.8,487.4
4876,-12.8,487.501
4877,-12.8,487.601
4878,-12.8,487.7
4879,-12.8,487.8
4880,-12.8,487.901
4881,-12.8,488
4882,-12.8,488.1
4883,-12.8,488.2
4884,-12.8,488.298
4885,-12.8,488.4
4886,-12.8,488.5
4887,-12.8,488.6
4888,-12.8,488.7
4889,-12.8,488.799
4890,-12.8,488.9
4891,-12.8,489
4892,-12.8,489.1
4893,-12.8,489.2
4894,-12.8,489.299
4895,-12.8,489.4
4896,-12.8,489.501
4897,-12.8,489.601
4898,-12.8,489.701
4899,-12.8,489.799
4900,-12.8,489.9
4901,-12.8,490
4902,-12.8,490.101
4903,-12.8,490.2
4904,-12.8,490.3
4905,-12.8,490.401
4906,-12.8,490.5
4907,-12.8,490.6
4908,-12.8,490.701
4909,-12.8,490.799
4910,-12.8,490.901
4911,-12.8,491
4912,-12.8,491.1
4913,-12.8,491.201
4914,-12.8,491.299
4915,-12.8,491.402
4916,-12.8,491.501
4917,-12.8,491.601
4918,-12.8,491.7
4919,-12.8,491.8
4920,-12.8,491.9
4921,-12.8,492
4922,-12.8,492.1
4923,-12.8,492.201
4924,-12.8,492.299
4925,-12.8,492.4
4926,-12.8,492.5
4927,-12.8,492.6
4928,-12.8,492.7
4929,-12.8,492.799
4930,-12.8,492.901
4931,-12.8,493
4932,-12.8,493.1
4933,-12.8,493.2
4934,-12.8,493.299
4935,-12.8,493.401
4936,-12.8,493.5
4937,-12.8,493.6
4938,-12.8,493.7
4939,-12.8,493.799
4940,-12.8,493.902
4941,-12.8,494
4942,-12.8,494.1
4943,-12.8,494.2
4944,-12.8,494.299
4945,-13,494.399
4946,-12.8,494.499
4947,-13,494.6
4948,-13,494.699
4949,-13,494.799
4950,-13,494.912
4951,-13,495.001
4952,-13,495.101
4953,-13,495.201
4954,-13,495.3
4955,-13,495.402
4956,-13,495.502
4957,-13,495.6
4958,-13,495.701
4959,-13,495.799
4960,-13,495.9
4961,-13,496.001
4962,-13,496.101
4963,-13,496.201
4964,-13,496.3
4965,-13,496.4
4966,-13,496.5
4967,-13,496.601
4968,-13,496.7
4969,-13,496.799
4970,-13,496.901
4971,-13,497.001
4972,-13,497.101
4973,-13,497.2
4974,-13,497.3
4975,-13,497.401
4976,-13,497.501
4977,-13,497.6
4978,-13,497.7
4979,-13,497.8
4980,-13,497.902
4981,-13,498
4982,-13,498.1
4983,-13,498.2
4984,-13,498.298
4985,-13,498.4
4986,-13,498.501
4987,-13,498.6
4988,-13,498.7
4989,-13,498.799
4990,-13,498.901
4991,-13,499
4992,-13,499.1
4993,-13,499.201
4994,-13,499.299
4995,-13,499.4
4996,-13,499.5
4997,-13,499.599
4998,-13,499.7
4999,-13,499.799
5000,-13,499.9
