Reading,Load [5.4 N],Time [sec.]
1,0,0
2,0,0.101
3,0,0.199
4,0,0.301
5,0,0.401
6,0,0.501
7,0,0.601
8,0,0.702
9,0,0.8
10,0,0.9
11,0,1.002
12,0,1.102
13,0,1.2
14,0,1.301
15,0,1.4
16,0,1.5
17,0,1.601
18,0,1.701
19,0,1.799
20,0,1.901
21,0,1.999
22,0,2.104
23,0,2.201
24,0,2.301
25,0,2.4
26,0,2.5
27,0,2.602
28,0,2.7
29,0,2.8
30,0,2.9
31,0,2.999
32,0,3.102
33,0,3.199
34,0,3.301
35,0,3.4
36,0,3.5
37,0,3.603
38,0,3.699
39,0,3.8
40,0,3.901
41,0,4
42,0,4.1
43,0,4.2
44,0,4.301
45,0,4.4
46,0,4.5
47,0,4.601
48,0,4.7
49,0,4.801
50,0,4.899
51,0,5
52,0,5.109
53,0,5.202
54,0,5.301
55,0,5.4
56,0,5.5
57,0,5.607
58,0,5.7
59,0,5.8
60,0,5.9
61,0,6
62,0,6.101
63,0,6.199
64,0,6.3
65,0,6.4
66,0,6.499
67,0,6.603
68,0,6.703
69,0,6.802
70,0,6.902
71,0,7.002
72,0,7.1
73,0,7.2
74,0,7.3
75,0,7.4
76,0,7.5
77,0,7.6
78,0,7.7
79,0,7.801
80,0,7.9
81,0,7.999
82,0,8.101
83,0,8.2
84,0,8.3
85,0,8.4
86,0,8.499
87,0,8.601
88,0,8.7
89,0,8.8
90,0,8.901
91,0,9
92,0,9.101
93,0,9.199
94,0,9.301
95,0,9.4
96,0,9.499
97,0,9.601
98,0,9.701
99,0,9.802
100,0,9.9
101,0,9.999
102,0,10.103
103,0,10.201
104,0,10.3
105,0,10.402
106,0,10.501
107,0,10.604
108,0,10.703
109,0,10.801
110,0,10.9
111,0,11
112,0,11.1
113,0,11.201
114,0,11.3
115,0,11.4
116,0,11.5
117,0,11.601
118,0,11.7
119,0,11.802
120,0,11.899
121,0,12.004
122,0,12.109
123,0,12.201
124,0,12.301
125,0,12.4
126,0,12.501
127,0,12.6
128,0,12.7
129,0,12.8
130,0,12.901
131,0,13.001
132,0,13.101
133,0,13.201
134,0,13.301
135,0,13.404
136,0,13.501
137,0,13.6
138,0,13.7
139,0,13.799
140,0,13.9
141,0,13.999
142,0,14.102
143,0,14.2
144,0,14.301
145,0,14.401
146,0,14.5
147,0,14.6
148,0,14.7
149,0,14.8
150,0,14.9
151,0,14.999
152,0,15.107
153,0,15.201
154,0,15.302
155,0,15.399
156,0,15.5
157,0,15.604
158,0,15.702
159,0,15.8
160,0,15.9
161,0,16.001
162,0,16.1
163,0,16.202
164,0,16.3
165,0,16.402
166,0,16.502
167,0,16.599
168,0,16.701
169,0,16.8
170,0,16.9
171,0,17
172,0,17.101
173,0,17.199
174,0,17.299
175,0,17.4
176,0,17.499
177,0,17.601
178,0,17.7
179,0,17.8
180,0,17.899
181,0,18
182,0,18.1
183,0,18.2
184,0,18.3
185,0,18.401
186,0,18.5
187,0,18.601
188,0,18.7
189,0,18.8
190,0,18.9
191,0,18.999
192,0,19.1
193,0,19.2
194,0,19.3
195,0,19.399
196,0,19.499
197,0,19.6
198,0,19.7
199,0,19.8
200,0,19.906
201,0,20.001
202,0,20.101
203,0,20.199
204,0,20.301
205,0,20.403
206,0,20.505
207,0,20.601
208,0,20.699
209,0,20.8
210,0,20.9
211,0,21
212,0,21.1
213,0,21.2
214,0,21.3
215,0,21.402
216,0,21.5
217,0,21.602
218,0,21.7
219,0,21.803
220,0,21.902
221,0,22.002
222,0,22.102
223,0,22.2
224,0,22.301
225,0,22.399
226,0,22.5
227,0,22.602
228,0,22.699
229,0,22.799
230,0,22.9
231,0,23
232,0,23.101
233,0,23.2
234,0,23.3
235,0,23.4
236,0,23.5
237,0,23.601
238,0,23.7
239,0,23.799
240,0,23.899
241,0,24
242,0,24.101
243,0,24.2
244,0,24.299
245,0,24.399
246,0,24.5
247,0,24.601
248,0,24.7
249,0,24.8
250,0,24.9
251,0,25.002
252,0,25.1
253,0,25.2
254,0,25.301
255,0,25.4
256,0,25.499
257,0,25.601
258,0,25.7
259,0,25.801
260,0,25.901
261,0,26
262,0,26.104
263,0,26.202
264,0,26.3
265,0,26.402
266,0,26.52
267,0,26.601
268,0,26.7
269,0,26.8
270,0,26.9
271,0,27
272,0,27.101
273,0,27.199
274,0,27.305
275,0,27.4
276,0,27.499
277,0,27.601
278,0,27.701
279,0,27.802
280,0,27.902
281,0,28
282,0,28.103
283,0,28.199
284,0,28.3
285,0,28.4
286,0,28.5
287,0,28.601
288,0,28.699
289,0,28.8
290,0,28.9
291,0,29
292,0,29.1
293,0,29.2
294,0,29.299
295,0,29.399
296,0,29.514
297,0,29.602
298,0,29.702
299,0,29.8
300,0,29.899
301,0,30.008
302,0,30.133
303,0,30.202
304,0,30.3
305,0,30.402
306,0,30.502
307,0,30.615
308,0,30.702
309,0,30.8
310,0,30.901
311,0,31.001
312,0,31.1
313,0,31.2
314,0,31.299
315,0,31.399
316,0,31.5
317,0,31.6
318,0,31.7
319,0,31.8
320,0,31.9
321,0,31.999
322,0,32.101
323,0,32.2
324,0,32.299
325,0,32.4
326,0,32.499
327,0,32.601
328,0,32.7
329,0,32.8
330,0,32.899
331,0,33
332,0,33.101
333,0,33.199
334,0,33.301
335,0,33.4
336,0,33.499
337,0,33.601
338,0,33.699
339,0,33.801
340,0,33.9
341,0,34
342,0,34.101
343,0,34.2
344,0,34.299
345,0,34.4
346,0,34.501
347,0,34.6
348,0,34.699
349,0,34.8
350,0,34.901
351,0,35
352,0,35.102
353,0,35.2
354,0,35.3
355,0,35.401
356,0,35.5
357,0,35.602
358,0,35.701
359,0,35.8
360,0,35.899
361,0,35.999
362,0,36.1
363,0,36.199
364,0,36.3
365,0,36.399
366,0,36.5
367,0,36.6
368,0,36.7
369,0,36.803
370,0,36.9
371,0,37
372,0,37.103
373,0,37.2
374,0,37.311
375,0,37.404
376,0,37.501
377,0,37.605
378,0,37.704
379,0,37.801
380,0,37.907
381,0,38.001
382,0,38.101
383,0,38.2
384,0,38.3
385,0,38.401
386,0,38.501
387,0,38.6
388,0,38.7
389,0,38.801
390,0,38.9
391,0,39
392,0,39.101
393,0,39.2
394,0,39.302
395,0,39.4
396,0,39.501
397,0,39.6
398,0,39.701
399,0,39.8
400,0,39.907
401,0,40.005
402,0,40.111
403,0,40.203
404,0,40.3
405,0,40.401
406,0,40.503
407,0,40.609
408,0,40.705
409,0,40.802
410,0,40.899
411,0,40.999
412,0,41.102
413,0,41.2
414,0,41.302
415,0,41.406
416,0,41.501
417,0,41.601
418,0,41.701
419,0,41.8
420,0,41.907
421,0,42.001
422,0,42.1
423,0,42.2
424,0,42.304
425,0,42.403
426,0,42.5
427,0,42.601
428,0,42.7
429,0,42.8
430,0,42.899
431,0,43
432,0,43.101
433,0,43.201
434,0,43.3
435,0,43.4
436,0,43.5
437,0,43.602
438,0,43.704
439,0,43.801
440,0,43.899
441,0,44.003
442,0,44.102
443,0,44.207
444,0,44.302
445,0,44.4
446,0,44.513
447,0,44.602
448,0,44.701
449,0,44.8
450,0,44.902
451,0,44.999
452,0,45.103
453,0,45.201
454,0,45.299
455,0,45.4
456,0,45.501
457,0,45.6
458,0,45.702
459,0,45.8
460,0,45.899
461,0,45.999
462,0,46.101
463,0,46.202
464,0,46.3
465,0,46.399
466,0,46.499
467,0,46.601
468,0,46.701
469,0,46.799
470,0,46.901
471,0,47.001
472,0,47.1
473,0,47.199
474,0,47.299
475,0,47.399
476,0,47.499
477,0,47.601
478,0,47.7
479,0,47.799
480,0,47.9
481,0,48.008
482,0,48.101
483,0,48.2
484,0,48.3
485,0,48.399
486,0,48.505
487,0,48.6
488,0,48.7
489,0,48.8
490,0,48.899
491,0,48.999
492,0,49.103
493,0,49.2
494,0,49.3
495,0,49.399
496,0,49.5
497,0,49.601
498,0,49.699
499,0,49.8
500,0,49.899
501,0,50
502,0,50.1
503,0,50.199
504,0,50.304
505,0,50.4
506,0,50.502
507,0,50.599
508,0,50.699
509,0,50.8
510,0,50.903
511,0,50.999
512,0,51.101
513,0,51.2
514,0,51.302
515,0,51.402
516,0,51.502
517,0,51.601
518,0,51.702
519,0,51.806
520,0,51.9
521,0,52.003
522,0,52.1
523,0,52.204
524,0,52.303
525,0,52.399
526,0,52.499
527,0,52.601
528,0,52.7
529,0,52.799
530,0,52.901
531,0,52.999
532,0,53.103
533,0,53.199
534,0,53.3
535,0,53.4
536,0,53.499
537,0,53.6
538,0,53.699
539,0,53.799
540,0,53.9
541,0,54
542,0,54.101
543,0,54.201
544,0,54.304
545,0,54.401
546,0,54.499
547,0,54.602
548,0,54.701
549,0,54.8
550,0,54.9
551,0,55
552,0,55.101
553,0,55.199
554,0,55.299
555,0,55.401
556,0,55.5
557,0,55.601
558,0,55.701
559,0,55.801
560,0,55.9
561,0,56
562,0,56.102
563,0,56.201
564,0,56.299
565,0,56.399
566,0,56.501
567,0,56.602
568,0,56.701
569,0,56.803
570,0,56.902
571,0,57
572,-0.8,57.103
573,-4,57.202
574,-9.8,57.301
575,-9.8,57.403
576,-15.6,57.501
577,-21.2,57.601
578,-26.4,57.703
579,-30.2,57.802
580,-32,57.903
581,-32,58.003
582,-33.8,58.102
583,-35.2,58.201
584,-36.2,58.301
585,-36.4,58.403
586,-36,58.501
587,-36,58.602
588,-35.4,58.701
589,-35,58.801
590,-34.8,58.901
591,-34.4,59.003
592,-34.2,59.102
593,-34.2,59.202
594,-34,59.301
595,-33.8,59.403
596,-33.6,59.502
597,-33.4,59.601
598,-33.4,59.702
599,-33.4,59.8
600,-33.2,59.901
601,-33,60.002
602,-33,60.104
603,-32.8,60.202
604,-32.8,60.303
605,-32.8,60.402
606,-32.8,60.5
607,-32.6,60.603
608,-32.6,60.703
609,-32.4,60.801
610,-32.4,60.901
611,-32.4,61.015
612,-32.4,61.119
613,-32.2,61.203
614,-32.2,61.303
615,-32.2,61.4
616,-32,61.5
617,-32,61.603
618,-32,61.7
619,-32,61.799
620,-31.8,61.901
621,-31.8,62.001
622,-31.8,62.1
623,-31.8,62.2
624,-31.8,62.3
625,-31.6,62.4
626,-31.6,62.499
627,-31.6,62.601
628,-31.6,62.7
629,-31.6,62.801
630,-31.4,62.9
631,-31.4,63
632,-31.4,63.101
633,-31.4,63.2
634,-31.4,63.3
635,-31.4,63.399
636,-31.4,63.5
637,-31.2,63.604
638,-31.2,63.7
639,-31.2,63.799
640,-31.2,63.9
641,-31.2,64
642,-31.2,64.101
643,-31.2,64.2
644,-31,64.3
645,-31,64.399
646,-31,64.5
647,-31,64.602
648,-31,64.699
649,-31,64.801
650,-31,64.9
651,-30.8,65.001
652,-30.8,65.1
653,-30.8,65.201
654,-30.8,65.3
655,-30.8,65.4
656,-30.8,65.501
657,-30.8,65.599
658,-30.8,65.7
659,-30.8,65.8
660,-30.8,65.9
661,-30.6,66
662,-30.6,66.102
663,-30.6,66.201
664,-30.6,66.299
665,-30.6,66.411
666,-30.6,66.501
667,-30.6,66.6
668,-30.6,66.7
669,-30.6,66.8
670,-30.6,66.901
671,-30.4,66.999
672,-30.4,67.101
673,-30.4,67.2
674,-30.4,67.3
675,-30.4,67.4
676,-30.4,67.5
677,-30.4,67.602
678,-30.4,67.701
679,-30.4,67.8
680,-30.4,67.905
681,-30.4,68.004
682,-30.4,68.101
683,-30.4,68.201
684,-30.4,68.3
685,-30.2,68.4
686,-30.2,68.5
687,-30.2,68.606
688,-30.2,68.701
689,-30.2,68.802
690,-30.2,68.9
691,-30.2,69.005
692,-30.2,69.103
693,-30.2,69.202
694,-30.2,69.302
695,-30.2,69.402
696,-30.2,69.51
697,-30.2,69.6
698,-30,69.701
699,-30,69.8
700,-30,69.899
701,-30,70
702,-30,70.101
703,-30,70.2
704,-30,70.3
705,-30,70.4
706,-30,70.5
707,-30,70.6
708,-30,70.7
709,-30,70.799
710,-30,70.9
711,-30,71.003
712,-30,71.1
713,-29.8,71.199
714,-29.8,71.299
715,-29.8,71.4
716,-29.8,71.499
717,-29.8,71.6
718,-29.8,71.7
719,-29.8,71.8
720,-29.8,71.9
721,-29.8,71.999
722,-29.8,72.103
723,-29.8,72.2
724,-29.8,72.3
725,-29.8,72.4
726,-29.8,72.5
727,-29.8,72.602
728,-29.8,72.7
729,-29.8,72.8
730,-29.8,72.9
731,-29.8,72.999
732,-29.8,73.101
733,-29.6,73.2
734,-29.6,73.302
735,-29.6,73.4
736,-29.6,73.5
737,-29.6,73.601
738,-29.6,73.7
739,-29.6,73.8
740,-29.6,73.901
741,-29.6,74.001
742,-29.6,74.1
743,-29.6,74.2
744,-29.6,74.299
745,-29.6,74.4
746,-29.6,74.499
747,-29.6,74.605
748,-29.6,74.702
749,-29.6,74.8
750,-29.4,74.901
751,-29.4,74.999
752,-29.6,75.102
753,-29.4,75.2
754,-29.4,75.299
755,-29.4,75.399
756,-29.4,75.499
757,-29.4,75.601
758,-29.4,75.701
759,-29.4,75.8
760,-29.4,75.899
761,-29.4,75.999
762,-29.4,76.101
763,-29.4,76.199
764,-29.4,76.3
765,-29.4,76.4
766,-29.4,76.499
767,-29.4,76.601
768,-29.4,76.701
769,-29.4,76.8
770,-29.4,76.9
771,-29.4,76.999
772,-29.4,77.101
773,-29.4,77.2
774,-29.4,77.299
775,-29.4,77.4
776,-29.4,77.5
777,-29.4,77.601
778,-29.4,77.701
779,-29.4,77.8
780,-29.4,77.9
781,-29.4,77.999
782,-29.2,78.111
783,-29.2,78.201
784,-29.2,78.299
785,-29.2,78.399
786,-29.2,78.5
787,-29.2,78.601
788,-29.2,78.7
789,-29.2,78.801
790,-29.2,78.899
791,-29.2,79
792,-29.2,79.101
793,-29.2,79.2
794,-29.2,79.3
795,-29.2,79.399
796,-29.2,79.5
797,-29.2,79.603
798,-29.2,79.699
799,-29.2,79.8
800,-29.2,79.908
801,-29.2,80.003
802,-29.2,80.102
803,-29.2,80.2
804,-29.2,80.302
805,-29.2,80.4
806,-29.2,80.499
807,-29.2,80.602
808,-29,80.7
809,-29,80.802
810,-29,80.899
811,-29,81.001
812,-29,81.102
813,-29,81.199
814,-29,81.301
815,-29,81.402
816,-29,81.5
817,-29,81.601
818,-29,81.702
819,-29,81.801
820,-29,81.901
821,-29,82
822,-29,82.102
823,-29,82.202
824,-29,82.301
825,-29,82.399
826,-29,82.53
827,-29,82.602
828,-29,82.701
829,-29,82.8
830,-29,82.9
831,-29,82.999
832,-29,83.102
833,-29,83.201
834,-29,83.302
835,-29,83.4
836,-29,83.505
837,-29,83.602
838,-29,83.702
839,-29,83.802
840,-29,83.906
841,-29,84.001
842,-29,84.1
843,-29,84.203
844,-28.8,84.299
845,-28.8,84.401
846,-28.8,84.5
847,-28.8,84.601
848,-28.8,84.7
849,-28.8,84.8
850,-28.8,84.9
851,-28.8,85
852,-28.8,85.103
853,-28.8,85.2
854,-28.8,85.3
855,-28.8,85.4
856,-28.8,85.5
857,-28.8,85.601
858,-28.8,85.7
859,-28.8,85.8
860,-28.8,85.9
861,-28.8,86
862,-28.8,86.101
863,-28.8,86.199
864,-28.8,86.3
865,-28.8,86.401
866,-28.8,86.501
867,-28.8,86.6
868,-28.8,86.701
869,-28.8,86.8
870,-28.8,86.9
871,-28.8,86.999
872,-28.8,87.1
873,-28.8,87.2
874,-28.8,87.3
875,-28.8,87.4
876,-28.8,87.5
877,-28.8,87.601
878,-28.6,87.7
879,-28.8,87.8
880,-28.8,87.9
881,-28.6,87.999
882,-28.6,88.1
883,-28.6,88.199
884,-28.6,88.3
885,-28.6,88.4
886,-28.6,88.5
887,-28.6,88.6
888,-28.6,88.7
889,-28.6,88.799
890,-28.6,88.9
891,-28.6,89
892,-28.6,89.101
893,-28.6,89.2
894,-28.6,89.3
895,-28.6,89.4
896,-28.6,89.5
897,-28.6,89.6
898,-28.6,89.699
899,-28.6,89.799
900,-28.6,89.9
901,-28.6,90
902,-28.6,90.103
903,-28.6,90.2
904,-28.6,90.304
905,-28.6,90.402
906,-28.6,90.5
907,-28.6,90.602
908,-28.6,90.702
909,-28.6,90.801
910,-28.6,90.909
911,-28.6,91.004
912,-28.6,91.101
913,-28.6,91.2
914,-28.6,91.301
915,-28.6,91.401
916,-28.6,91.501
917,-28.6,91.599
918,-28.6,91.7
919,-28.6,91.8
920,-28.6,91.9
921,-28.6,91.999
922,-28.4,92.101
923,-28.4,92.2
924,-28.4,92.3
925,-28.4,92.402
926,-28.4,92.5
927,-28.4,92.601
928,-28.4,92.699
929,-28.4,92.8
930,-28.4,92.899
931,-28.4,92.999
932,-28.4,93.1
933,-28.4,93.199
934,-28.4,93.299
935,-28.4,93.4
936,-28.4,93.5
937,-28.4,93.601
938,-28.4,93.699
939,-28.4,93.799
940,-28.4,93.899
941,-28.4,94
942,-28.4,94.1
943,-28.4,94.2
944,-28.4,94.3
945,-28.4,94.403
946,-28.4,94.499
947,-28.4,94.602
948,-28.4,94.7
949,-28.4,94.8
950,-28.4,94.913
951,-28.4,95.001
952,-28.4,95.103
953,-28.4,95.2
954,-28.4,95.299
955,-28.4,95.401
956,-28.4,95.503
957,-28.4,95.603
958,-28.4,95.7
959,-28.4,95.8
960,-28.4,95.901
961,-28.4,96.001
962,-28.4,96.101
963,-28.4,96.204
964,-28.4,96.3
965,-28.4,96.4
966,-28.4,96.501
967,-28.4,96.608
968,-28.4,96.701
969,-28.4,96.801
970,-28.4,96.901
971,-28.4,97
972,-28.4,97.101
973,-28.4,97.2
974,-28.4,97.299
975,-28.4,97.399
976,-28.4,97.5
977,-28.4,97.601
978,-28.4,97.701
979,-28.4,97.799
980,-28.2,97.9
981,-28.2,98
982,-28.4,98.1
983,-28.2,98.199
984,-28.2,98.3
985,-28.2,98.4
986,-28.2,98.5
987,-28.2,98.601
988,-28.2,98.7
989,-28.2,98.8
990,-28.2,98.899
991,-28.2,99
992,-28.2,99.1
993,-28.2,99.201
994,-28.2,99.3
995,-28.2,99.401
996,-28.2,99.5
997,-28.2,99.6
998,-28.2,99.701
999,-30.4,99.799
1000,-35.2,99.9
1001,-35.2,99.999
1002,-42.4,100.103
1003,-48,100.2
1004,-52.4,100.3
1005,-55.6,100.402
1006,-56.4,100.5
1007,-56.4,100.606
1008,-55.8,100.706
1009,-55,100.8
1010,-54.4,100.899
1011,-53.6,101.002
1012,-53.2,101.099
1013,-53.2,101.204
1014,-52.8,101.303
1015,-52.4,101.403
1016,-52.2,101.5
1017,-51.8,101.603
1018,-51.6,101.702
1019,-51.6,101.803
1020,-51.4,101.902
1021,-51.2,102.001
1022,-51,102.102
1023,-50.8,102.201
1024,-50.6,102.303
1025,-50.6,102.401
1026,-50.4,102.521
1027,-50.4,102.6
1028,-50.2,102.705
1029,-50,102.802
1030,-50,102.901
1031,-50,103.005
1032,-49.8,103.104
1033,-49.8,103.208
1034,-49.6,103.308
1035,-49.6,103.407
1036,-49.4,103.505
1037,-49.4,103.605
1038,-49.4,103.7
1039,-49.2,103.8
1040,-49.2,103.9
1041,-49,104
1042,-49,104.102
1043,-49,104.2
1044,-49,104.303
1045,-48.8,104.399
1046,-48.8,104.501
1047,-48.8,104.6
1048,-48.8,104.699
1049,-48.6,104.8
1050,-48.6,104.899
1051,-48.6,105.001
1052,-48.4,105.1
1053,-48.4,105.206
1054,-48.4,105.301
1055,-48.4,105.403
1056,-48.4,105.503
1057,-48.2,105.6
1058,-48.2,105.702
1059,-48.2,105.8
1060,-48.2,105.9
1061,-48,106.001
1062,-48,106.101
1063,-48,106.2
1064,-48,106.3
1065,-48,106.404
1066,-48,106.502
1067,-47.8,106.599
1068,-47.8,106.7
1069,-47.8,106.8
1070,-47.8,106.9
1071,-47.6,107
1072,-47.6,107.101
1073,-47.6,107.202
1074,-47.6,107.302
1075,-47.6,107.404
1076,-47.6,107.502
1077,-47.4,107.6
1078,-47.4,107.7
1079,-47.4,107.8
1080,-47.4,107.906
1081,-47.4,108.001
1082,-47.4,108.1
1083,-47.4,108.199
1084,-47.4,108.3
1085,-47.2,108.399
1086,-47.2,108.5
1087,-47.2,108.604
1088,-47.2,108.701
1089,-47.2,108.8
1090,-47.2,108.901
1091,-47,109
1092,-47,109.101
1093,-47,109.2
1094,-47,109.304
1095,-47,109.401
1096,-47,109.499
1097,-47,109.602
1098,-47,109.699
1099,-47,109.8
1100,-47,109.9
1101,-47,110.001
1102,-46.8,110.1
1103,-46.8,110.2
1104,-46.8,110.3
1105,-46.8,110.4
1106,-46.8,110.499
1107,-46.8,110.601
1108,-46.6,110.699
1109,-46.6,110.8
1110,-46.6,110.899
1111,-46.6,111.001
1112,-46.6,111.1
1113,-46.6,111.2
1114,-46.6,111.301
1115,-46.6,111.401
1116,-46.6,111.501
1117,-46.4,111.6
1118,-46.4,111.699
1119,-46.4,111.8
1120,-46.4,111.9
1121,-46.4,111.999
1122,-46.4,112.1
1123,-46.4,112.199
1124,-46.4,112.3
1125,-46.4,112.4
1126,-46.4,112.5
1127,-46.4,112.601
1128,-46.2,112.703
1129,-46.2,112.801
1130,-46.2,112.9
1131,-46.2,113.01
1132,-46.2,113.1
1133,-46.2,113.2
1134,-46.2,113.3
1135,-46.2,113.399
1136,-46.2,113.499
1137,-46.2,113.6
1138,-46.2,113.699
1139,-46.2,113.799
1140,-46,113.899
1141,-46,113.999
1142,-46,114.101
1143,-46,114.204
1144,-46,114.301
1145,-46,114.4
1146,-46,114.514
1147,-46,114.601
1148,-46,114.699
1149,-46,114.8
1150,-46,114.9
1151,-46,114.999
1152,-45.8,115.1
1153,-45.8,115.201
1154,-45.8,115.301
1155,-45.8,115.399
1156,-45.8,115.5
1157,-45.8,115.601
1158,-45.8,115.699
1159,-45.8,115.799
1160,-45.8,115.901
1161,-45.8,115.999
1162,-45.8,116.101
1163,-45.8,116.202
1164,-45.8,116.3
1165,-45.8,116.399
1166,-45.8,116.5
1167,-45.6,116.6
1168,-45.6,116.7
1169,-45.6,116.799
1170,-45.6,116.9
1171,-45.6,117
1172,-45.6,117.103
1173,-45.6,117.201
1174,-45.6,117.302
1175,-45.6,117.402
1176,-45.6,117.501
1177,-45.6,117.619
1178,-45.6,117.715
1179,-45.6,117.802
1180,-45.6,117.901
1181,-45.6,118
1182,-45.6,118.105
1183,-45.4,118.2
1184,-45.4,118.3
1185,-45.4,118.4
1186,-45.4,118.502
1187,-45.4,118.6
1188,-45.4,118.699
1189,-45.4,118.803
1190,-45.4,118.902
1191,-45.4,118.999
1192,-45.4,119.104
1193,-45.4,119.201
1194,-45.4,119.301
1195,-45.4,119.402
1196,-45.4,119.5
1197,-45.4,119.608
1198,-45.4,119.701
1199,-45.2,119.8
1200,-45.2,119.9
1201,-45.2,119.999
1202,-45.2,120.102
1203,-45.2,120.2
1204,-45.2,120.3
1205,-45.2,120.4
1206,-45.2,120.5
1207,-45.2,120.601
1208,-45.2,120.701
1209,-45.2,120.811
1210,-45.2,120.901
1211,-45.2,121
1212,-45.2,121.101
1213,-45.2,121.2
1214,-45.2,121.3
1215,-45.2,121.404
1216,-45.2,121.501
1217,-45.2,121.6
1218,-45.2,121.701
1219,-45.2,121.801
1220,-45,121.901
1221,-45,122
1222,-45,122.1
1223,-45,122.201
1224,-45,122.3
1225,-45,122.4
1226,-45,122.499
1227,-45,122.601
1228,-45,122.7
1229,-45,122.8
1230,-45,122.9
1231,-45,123
1232,-45,123.101
1233,-45,123.2
1234,-45,123.3
1235,-45,123.4
1236,-45,123.499
1237,-45,123.601
1238,-45,123.702
1239,-44.8,123.8
1240,-44.8,123.899
1241,-44.8,124
1242,-44.8,124.1
1243,-44.8,124.199
1244,-44.8,124.3
1245,-44.8,124.399
1246,-44.8,124.499
1247,-44.8,124.6
1248,-44.8,124.699
1249,-44.8,124.799
1250,-44.8,124.899
1251,-44.8,125
1252,-44.8,125.101
1253,-44.8,125.2
1254,-44.8,125.3
1255,-44.8,125.4
1256,-44.8,125.5
1257,-44.8,125.601
1258,-44.8,125.699
1259,-44.8,125.799
1260,-44.8,125.899
1261,-44.8,126
1262,-44.6,126.1
1263,-44.6,126.2
1264,-44.6,126.3
1265,-44.6,126.4
1266,-44.6,126.508
1267,-44.6,126.6
1268,-44.6,126.7
1269,-44.6,126.8
1270,-44.6,126.899
1271,-44.6,127
1272,-44.6,127.1
1273,-44.6,127.201
1274,-44.6,127.3
1275,-44.6,127.4
1276,-44.6,127.5
1277,-44.6,127.602
1278,-44.6,127.699
1279,-44.6,127.799
1280,-44.6,127.9
1281,-44.6,128.003
1282,-44.6,128.101
1283,-44.6,128.2
1284,-44.6,128.301
1285,-44.6,128.404
1286,-44.6,128.5
1287,-44.4,128.601
1288,-44.4,128.699
1289,-44.4,128.8
1290,-44.4,128.901
1291,-44.4,128.999
1292,-44.4,129.101
1293,-44.4,129.199
1294,-44.4,129.299
1295,-44.4,129.399
1296,-44.4,129.5
1297,-44.4,129.602
1298,-44.4,129.7
1299,-44.4,129.801
1300,-44.4,129.9
1301,-44.4,130.002
1302,-44.4,130.099
1303,-44.4,130.2
1304,-44.4,130.3
1305,-44.4,130.4
1306,-44.4,130.499
1307,-44.4,130.6
1308,-44.4,130.701
1309,-44.4,130.8
1310,-44.4,130.9
1311,-44.4,130.999
1312,-44.4,131.101
1313,-44.4,131.2
1314,-44.4,131.3
1315,-44.4,131.4
1316,-44.2,131.501
1317,-44.4,131.602
1318,-44.4,131.7
1319,-44.2,131.8
1320,-44.2,131.9
1321,-44.2,132
1322,-44.2,132.101
1323,-44.2,132.2
1324,-44.2,132.299
1325,-44.2,132.4
1326,-44.2,132.504
1327,-44.2,132.601
1328,-44.2,132.699
1329,-44.2,132.8
1330,-44.2,132.902
1331,-44.2,132.999
1332,-44.2,133.105
1333,-44.2,133.204
1334,-44.2,133.302
1335,-44.2,133.401
1336,-44.2,133.5
1337,-44.2,133.602
1338,-44.2,133.7
1339,-44.2,133.799
1340,-44.2,133.9
1341,-44.2,134
1342,-44.2,134.1
1343,-44.2,134.199
1344,-44.2,134.299
1345,-44.2,134.399
1346,-44,134.499
1347,-44,134.602
1348,-44,134.7
1349,-44,134.8
1350,-44,134.9
1351,-44,135
1352,-44,135.101
1353,-44,135.2
1354,-44,135.302
1355,-44,135.405
1356,-44,135.502
1357,-44,135.602
1358,-44,135.707
1359,-44,135.801
1360,-44,135.9
1361,-44,135.999
1362,-44,136.101
1363,-44,136.2
1364,-44,136.301
1365,-44,136.4
1366,-44,136.505
1367,-44,136.6
1368,-44,136.702
1369,-44,136.802
1370,-44,136.905
1371,-44,137.002
1372,-44,137.102
1373,-44,137.2
1374,-44,137.3
1375,-44,137.401
1376,-44,137.5
1377,-44,137.606
1378,-44,137.701
1379,-43.8,137.8
1380,-44,137.899
1381,-43.8,138.001
1382,-43.8,138.1
1383,-43.8,138.2
1384,-43.8,138.3
1385,-43.8,138.4
1386,-43.8,138.5
1387,-43.8,138.601
1388,-43.8,138.7
1389,-43.8,138.8
1390,-43.8,138.9
1391,-43.8,139.001
1392,-43.8,139.104
1393,-43.8,139.201
1394,-43.8,139.301
1395,-43.8,139.401
1396,-43.8,139.503
1397,-43.8,139.601
1398,-43.8,139.7
1399,-43.8,139.8
1400,-43.8,139.9
1401,-43.8,140
1402,-43.8,140.101
1403,-43.8,140.2
1404,-43.8,140.3
1405,-43.8,140.401
1406,-43.8,140.499
1407,-43.8,140.601
1408,-43.8,140.701
1409,-43.8,140.8
1410,-43.8,140.9
1411,-43.8,141
1412,-43.8,141.103
1413,-43.8,141.2
1414,-43.8,141.301
1415,-43.8,141.4
1416,-43.8,141.5
1417,-43.6,141.601
1418,-43.6,141.699
1419,-43.6,141.801
1420,-43.6,141.9
1421,-43.6,142.001
1422,-43.6,142.1
1423,-43.6,142.2
1424,-43.6,142.299
1425,-43.6,142.4
1426,-43.6,142.501
1427,-43.6,142.599
1428,-43.6,142.701
1429,-43.6,142.801
1430,-43.6,142.9
1431,-43.6,143
1432,-43.6,143.101
1433,-43.6,143.2
1434,-43.6,143.3
1435,-43.6,143.399
1436,-43.6,143.5
1437,-43.6,143.6
1438,-43.6,143.7
1439,-43.6,143.802
1440,-43.6,143.9
1441,-43.6,144
1442,-43.6,144.1
1443,-43.6,144.2
1444,-43.6,144.3
1445,-43.6,144.399
1446,-43.6,144.5
1447,-43.6,144.601
1448,-43.6,144.701
1449,-43.6,144.8
1450,-43.6,144.899
1451,-43.6,145
1452,-43.6,145.101
1453,-43.8,145.2
1454,-47.2,145.299
1455,-52.8,145.4
1456,-59.2,145.499
1457,-65.6,145.601
1458,-65.6,145.7
1459,-70.6,145.8
1460,-75.2,145.899
1461,-76.2,145.999
1462,-76.2,146.101
1463,-77.2,146.199
1464,-77.2,146.299
1465,-76.8,146.4
1466,-76,146.5
1467,-75.2,146.601
1468,-74.6,146.7
1469,-73.8,146.8
1470,-73.8,146.9
1471,-73.4,147.001
1472,-73,147.1
1473,-72.6,147.201
1474,-72.2,147.3
1475,-72,147.399
1476,-72,147.501
1477,-71.6,147.601
1478,-71.4,147.7
1479,-71.2,147.801
1480,-70.8,147.9
1481,-70.6,148
1482,-70.6,148.102
1483,-70.6,148.2
1484,-70.4,148.302
1485,-70.2,148.399
1486,-70,148.501
1487,-69.8,148.6
1488,-69.8,148.7
1489,-69.6,148.799
1490,-69.6,148.916
1491,-69.4,149.002
1492,-69.4,149.101
1493,-69.2,149.201
1494,-69.2,149.3
1495,-69,149.4
1496,-69,149.5
1497,-68.8,149.601
1498,-68.8,149.7
1499,-68.8,149.8
1500,-68.6,149.9
1501,-68.6,149.999
1502,-68.4,150.102
1503,-68.4,150.208
1504,-68.2,150.302
1505,-68.2,150.4
1506,-68.2,150.499
1507,-68.2,150.6
1508,-68,150.703
1509,-68,150.801
1510,-67.8,150.9
1511,-67.8,151
1512,-67.8,151.101
1513,-67.6,151.201
1514,-67.6,151.305
1515,-67.6,151.402
1516,-67.4,151.501
1517,-67.4,151.6
1518,-67.4,151.707
1519,-67.4,151.801
1520,-67.2,151.9
1521,-67.2,152
1522,-67.2,152.102
1523,-67.2,152.199
1524,-67.2,152.3
1525,-67,152.4
1526,-67,152.5
1527,-67,152.605
1528,-66.8,152.701
1529,-66.8,152.8
1530,-66.8,152.901
1531,-66.8,153
1532,-66.6,153.101
1533,-66.6,153.2
1534,-66.6,153.302
1535,-66.6,153.4
1536,-66.6,153.5
1537,-66.6,153.601
1538,-66.4,153.704
1539,-66.4,153.801
1540,-66.4,153.9
1541,-66.4,154
1542,-66.4,154.103
1543,-66.2,154.2
1544,-66.2,154.3
1545,-66.2,154.4
1546,-66.2,154.499
1547,-66.2,154.601
1548,-66.2,154.702
1549,-66,154.799
1550,-66,154.9
1551,-66,154.999
1552,-66,155.1
1553,-66,155.2
1554,-65.8,155.3
1555,-65.8,155.401
1556,-65.8,155.5
1557,-65.8,155.601
1558,-65.8,155.699
1559,-65.8,155.8
1560,-65.6,155.913
1561,-65.6,156.002
1562,-65.6,156.101
1563,-65.6,156.2
1564,-65.6,156.3
1565,-65.6,156.4
1566,-65.6,156.508
1567,-65.4,156.6
1568,-65.4,156.699
1569,-65.4,156.8
1570,-65.4,156.9
1571,-65.4,157.001
1572,-65.4,157.101
1573,-65.4,157.2
1574,-65.4,157.3
1575,-65.2,157.4
1576,-65.2,157.5
1577,-65.2,157.601
1578,-65.2,157.7
1579,-65.2,157.8
1580,-65.2,157.9
1581,-65.2,158
1582,-65.2,158.101
1583,-65,158.2
1584,-65,158.299
1585,-65,158.399
1586,-65,158.499
1587,-65,158.6
1588,-65,158.699
1589,-65,158.8
1590,-64.8,158.899
1591,-64.8,159
1592,-64.8,159.1
1593,-64.8,159.199
1594,-64.8,159.3
1595,-64.8,159.401
1596,-64.8,159.499
1597,-64.8,159.6
1598,-64.8,159.7
1599,-64.8,159.8
1600,-64.6,159.899
1601,-64.6,160.001
1602,-64.6,160.1
1603,-64.6,160.199
1604,-64.6,160.299
1605,-64.6,160.399
1606,-64.6,160.5
1607,-64.6,160.601
1608,-64.6,160.699
1609,-64.4,160.799
1610,-64.4,160.899
1611,-64.4,161
1612,-64.4,161.103
1613,-64.4,161.2
1614,-64.4,161.299
1615,-64.4,161.4
1616,-64.4,161.5
1617,-64.4,161.601
1618,-64.4,161.7
1619,-64.4,161.799
1620,-64.2,161.902
1621,-64.2,162
1622,-64.2,162.101
1623,-64.2,162.2
1624,-64.2,162.299
1625,-64.2,162.4
1626,-64.2,162.5
1627,-64.2,162.601
1628,-64.2,162.701
1629,-64.2,162.799
1630,-64.2,162.899
1631,-64.2,163
1632,-64,163.1
1633,-64,163.2
1634,-64,163.3
1635,-64,163.4
1636,-64,163.499
1637,-64,163.6
1638,-64,163.7
1639,-64,163.8
1640,-64,163.899
1641,-64,164
1642,-64,164.101
1643,-63.8,164.2
1644,-63.8,164.299
1645,-63.8,164.402
1646,-63.8,164.501
1647,-63.8,164.601
1648,-63.8,164.699
1649,-63.8,164.799
1650,-63.8,164.9
1651,-63.8,164.999
1652,-63.8,165.102
1653,-63.8,165.199
1654,-63.8,165.299
1655,-63.8,165.4
1656,-63.6,165.499
1657,-63.6,165.602
1658,-63.6,165.7
1659,-63.6,165.799
1660,-63.6,165.901
1661,-63.6,165.999
1662,-63.6,166.102
1663,-63.6,166.202
1664,-63.6,166.3
1665,-63.6,166.4
1666,-63.6,166.5
1667,-63.6,166.602
1668,-63.6,166.701
1669,-63.4,166.802
1670,-63.4,166.9
1671,-63.4,167
1672,-63.4,167.102
1673,-63.4,167.201
1674,-63.4,167.301
1675,-63.4,167.4
1676,-63.4,167.5
1677,-63.4,167.601
1678,-63.4,167.7
1679,-63.4,167.8
1680,-63.4,167.9
1681,-63.4,168
1682,-63.4,168.101
1683,-63.4,168.201
1684,-63.4,168.3
1685,-63.4,168.4
1686,-63.2,168.507
1687,-63.2,168.601
1688,-63.2,168.7
1689,-63.2,168.801
1690,-63.2,168.901
1691,-63.2,168.999
1692,-63.2,169.101
1693,-63.2,169.2
1694,-63.2,169.309
1695,-63.2,169.401
1696,-63.2,169.499
1697,-63.2,169.6
1698,-63.2,169.716
1699,-63.2,169.8
1700,-63.2,169.899
1701,-63.2,170.001
1702,-63,170.103
1703,-63,170.2
1704,-63,170.299
1705,-63,170.4
1706,-63,170.501
1707,-63,170.603
1708,-63,170.7
1709,-63,170.801
1710,-63,170.903
1711,-63,171
1712,-63,171.101
1713,-63,171.2
1714,-63,171.3
1715,-62.8,171.399
1716,-62.8,171.5
1717,-62.8,171.602
1718,-62.8,171.7
1719,-62.8,171.8
1720,-62.8,171.9
1721,-62.8,171.999
1722,-62.8,172.101
1723,-62.8,172.2
1724,-62.8,172.3
1725,-62.8,172.403
1726,-62.8,172.5
1727,-62.8,172.601
1728,-62.8,172.7
1729,-62.8,172.8
1730,-62.8,172.9
1731,-62.8,173
1732,-62.8,173.101
1733,-62.8,173.2
1734,-62.6,173.299
1735,-62.6,173.399
1736,-62.6,173.5
1737,-62.6,173.601
1738,-62.6,173.7
1739,-62.6,173.8
1740,-62.6,173.899
1741,-62.6,174
1742,-62.6,174.104
1743,-62.6,174.2
1744,-62.6,174.3
1745,-62.6,174.4
1746,-62.6,174.5
1747,-62.6,174.601
1748,-62.6,174.699
1749,-62.6,174.799
1750,-62.6,174.902
1751,-62.6,175
1752,-62.6,175.1
1753,-62.6,175.199
1754,-62.6,175.299
1755,-62.4,175.4
1756,-62.4,175.501
1757,-62.4,175.6
1758,-62.4,175.699
1759,-62.4,175.801
1760,-62.4,175.899
1761,-62.4,176
1762,-62.4,176.1
1763,-62.4,176.2
1764,-62.4,176.302
1765,-62.4,176.4
1766,-62.4,176.5
1767,-62.4,176.601
1768,-62.4,176.7
1769,-62.4,176.8
1770,-62.4,176.9
1771,-62.4,176.999
1772,-62.4,177.101
1773,-62.4,177.199
1774,-62.4,177.3
1775,-62.4,177.4
1776,-62.4,177.5
1777,-62.4,177.601
1778,-62.4,177.699
1779,-62.4,177.8
1780,-62.2,177.9
1781,-62.2,178
1782,-62.2,178.102
1783,-62.2,178.2
1784,-62.2,178.301
1785,-62.2,178.4
1786,-62.2,178.499
1787,-62.2,178.6
1788,-62.2,178.701
1789,-62.2,178.8
1790,-62.2,178.9
1791,-62.2,179
1792,-62.2,179.101
1793,-62.2,179.2
1794,-62.2,179.3
1795,-62.2,179.4
1796,-62.2,179.501
1797,-62.2,179.6
1798,-62.2,179.7
1799,-62.2,179.802
1800,-62.2,179.899
1801,-62.2,179.999
1802,-62.2,180.101
1803,-62.2,180.203
1804,-62,180.3
1805,-62,180.4
1806,-62,180.499
1807,-62,180.601
1808,-62,180.699
1809,-62,180.801
1810,-62,180.901
1811,-62,181
1812,-62,181.101
1813,-62,181.2
1814,-62,181.301
1815,-62,181.403
1816,-62,181.5
1817,-62,181.6
1818,-62,181.7
1819,-62,181.8
1820,-62,181.9
1821,-62,182
1822,-62,182.101
1823,-62,182.199
1824,-62,182.3
1825,-61.8,182.4
1826,-61.8,182.499
1827,-61.8,182.601
1828,-61.8,182.7
1829,-61.8,182.8
1830,-61.8,182.9
1831,-61.8,183
1832,-61.8,183.1
1833,-61.8,183.2
1834,-61.8,183.3
1835,-61.8,183.4
1836,-61.8,183.499
1837,-61.8,183.6
1838,-61.8,183.7
1839,-61.8,183.8
1840,-61.8,183.9
1841,-61.8,184
1842,-61.8,184.1
1843,-61.8,184.2
1844,-61.8,184.3
1845,-61.8,184.4
1846,-61.8,184.5
1847,-61.8,184.604
1848,-61.8,184.701
1849,-61.8,184.8
1850,-61.8,184.9
1851,-61.6,184.999
1852,-61.6,185.1
1853,-61.6,185.2
1854,-61.6,185.302
1855,-61.6,185.399
1856,-61.6,185.501
1857,-61.6,185.599
1858,-61.6,185.7
1859,-61.6,185.799
1860,-61.6,185.904
1861,-61.6,186.004
1862,-61.6,186.105
1863,-61.6,186.202
1864,-61.6,186.3
1865,-61.6,186.4
1866,-61.6,186.5
1867,-61.6,186.6
1868,-61.6,186.7
1869,-61.6,186.8
1870,-61.6,186.9
1871,-61.6,187.002
1872,-61.6,187.101
1873,-61.6,187.2
1874,-61.6,187.299
1875,-61.6,187.401
1876,-61.6,187.5
1877,-61.6,187.601
1878,-61.6,187.7
1879,-61.6,187.8
1880,-61.6,187.901
1881,-61.4,188
1882,-61.4,188.101
1883,-61.4,188.2
1884,-61.4,188.3
1885,-61.4,188.4
1886,-61.4,188.501
1887,-61.4,188.6
1888,-61.4,188.699
1889,-61.4,188.8
1890,-61.4,188.9
1891,-61.4,188.999
1892,-61.4,189.102
1893,-61.4,189.2
1894,-61.4,189.3
1895,-61.4,189.401
1896,-61.4,189.504
1897,-61.4,189.601
1898,-61.4,189.7
1899,-61.4,189.802
1900,-61.4,189.899
1901,-61.4,190
1902,-61.4,190.103
1903,-61.4,190.2
1904,-61.4,190.3
1905,-61.4,190.401
1906,-63.6,190.5
1907,-70.4,190.6
1908,-79.4,190.701
1909,-86.6,190.8
1910,-89.8,190.9
1911,-89.8,191
1912,-93.2,191.101
1913,-96.2,191.2
1914,-96.4,191.3
1915,-95.4,191.402
1916,-95.4,191.5
1917,-94.4,191.602
1918,-93.4,191.7
1919,-92.4,191.801
1920,-91.8,191.9
1921,-91.2,192.002
1922,-91.2,192.1
1923,-90.6,192.2
1924,-90.2,192.3
1925,-89.8,192.4
1926,-89.4,192.5
1927,-89.2,192.601
1928,-89.2,192.7
1929,-88.8,192.801
1930,-88.6,192.9
1931,-88.2,193.002
1932,-88,193.1
1933,-87.8,193.199
1934,-87.8,193.3
1935,-87.6,193.401
1936,-87.4,193.499
1937,-87.2,193.601
1938,-87,193.7
1939,-86.8,193.802
1940,-86.8,193.9
1941,-86.6,194
1942,-86.4,194.101
1943,-86.2,194.2
1944,-86.2,194.299
1945,-86.2,194.4
1946,-86,194.5
1947,-85.8,194.601
1948,-85.6,194.7
1949,-85.6,194.8
1950,-85.4,194.9
1951,-85.4,195
1952,-85.4,195.101
1953,-85.2,195.2
1954,-85,195.3
1955,-85,195.401
1956,-84.8,195.5
1957,-84.8,195.601
1958,-84.8,195.7
1959,-84.6,195.799
1960,-84.6,195.9
1961,-84.4,196
1962,-84.4,196.1
1963,-84.4,196.2
1964,-84.2,196.299
1965,-84.2,196.404
1966,-84,196.5
1967,-84,196.601
1968,-83.8,196.699
1969,-83.8,196.799
1970,-83.8,196.9
1971,-83.8,196.999
1972,-83.6,197.1
1973,-83.6,197.199
1974,-83.4,197.3
1975,-83.4,197.4
1976,-83.4,197.5
1977,-83.4,197.603
1978,-83.2,197.704
1979,-83.2,197.803
1980,-83.2,197.904
1981,-83.2,198.005
1982,-83,198.1
1983,-83,198.202
1984,-82.8,198.303
1985,-82.8,198.4
1986,-82.8,198.502
1987,-82.8,198.606
1988,-82.8,198.707
1989,-82.6,198.803
1990,-82.6,198.908
1991,-82.6,199.004
1992,-82.6,199.103
1993,-82.4,199.201
1994,-82.4,199.302
1995,-82.4,199.403
1996,-82.2,199.506
1997,-82.2,199.601
1998,-82.2,199.699
1999,-82.2,199.799
2000,-82,199.9
2001,-82,200.003
2002,-82,200.103
2003,-82,200.2
2004,-82,200.299
2005,-82,200.403
2006,-81.8,200.502
2007,-81.8,200.603
2008,-81.8,200.701
2009,-81.8,200.802
2010,-81.8,200.903
2011,-81.6,201.001
2012,-81.6,201.103
2013,-81.6,201.203
2014,-81.6,201.308
2015,-81.4,201.402
2016,-81.4,201.502
2017,-81.4,201.602
2018,-81.4,201.7
2019,-81.4,201.8
2020,-81.2,201.9
2021,-81.2,202
2022,-81.2,202.103
2023,-81.2,202.2
2024,-81.2,202.302
2025,-81,202.4
2026,-81,202.499
2027,-81,202.602
2028,-81,202.699
2029,-81,202.802
2030,-81,202.899
2031,-80.8,203.001
2032,-80.8,203.099
2033,-80.8,203.2
2034,-80.8,203.299
2035,-80.8,203.4
2036,-80.8,203.5
2037,-80.6,203.6
2038,-80.6,203.699
2039,-80.6,203.799
2040,-80.6,203.901
2041,-80.6,203.999
2042,-80.6,204.101
2043,-80.4,204.2
2044,-80.4,204.3
2045,-80.4,204.399
2046,-80.4,204.5
2047,-80.4,204.601
2048,-80.4,204.7
2049,-80.4,204.799
2050,-80.2,204.9
2051,-80.2,205
2052,-80.2,205.1
2053,-80.2,205.2
2054,-80.2,205.299
2055,-80.2,205.399
2056,-80.2,205.499
2057,-80.2,205.601
2058,-80,205.699
2059,-80,205.799
2060,-80,205.899
2061,-80,206
2062,-80,206.1
2063,-80,206.2
2064,-79.8,206.3
2065,-79.8,206.4
2066,-79.8,206.5
2067,-79.8,206.6
2068,-79.8,206.699
2069,-79.8,206.8
2070,-79.8,206.9
2071,-79.8,207.001
2072,-79.8,207.102
2073,-79.6,207.199
2074,-79.6,207.3
2075,-79.6,207.4
2076,-79.6,207.5
2077,-79.6,207.601
2078,-79.6,207.7
2079,-79.6,207.8
2080,-79.6,207.899
2081,-79.6,207.999
2082,-79.4,208.101
2083,-79.4,208.225
2084,-79.4,208.3
2085,-79.4,208.399
2086,-79.4,208.509
2087,-79.4,208.601
2088,-79.4,208.717
2089,-79.2,208.802
2090,-79.2,208.904
2091,-79.2,209.001
2092,-79.2,209.1
2093,-79.2,209.201
2094,-79.2,209.299
2095,-79.2,209.399
2096,-79.2,209.5
2097,-79.2,209.602
2098,-79.2,209.702
2099,-79,209.799
2100,-79,209.9
2101,-79,210
2102,-79,210.102
2103,-79,210.208
2104,-79,210.346
2105,-79,210.401
2106,-79,210.5
2107,-78.8,210.6
2108,-78.8,210.7
2109,-78.8,210.8
2110,-78.8,210.9
2111,-78.8,211
2112,-78.8,211.101
2113,-78.8,211.2
2114,-78.8,211.3
2115,-78.8,211.404
2116,-78.8,211.505
2117,-78.8,211.6
2118,-78.6,211.7
2119,-78.6,211.799
2120,-78.6,211.904
2121,-78.6,212.001
2122,-78.6,212.1
2123,-78.6,212.2
2124,-78.6,212.299
2125,-78.6,212.4
2126,-78.6,212.5
2127,-78.6,212.601
2128,-78.4,212.7
2129,-78.4,212.8
2130,-78.4,212.899
2131,-78.4,213
2132,-78.4,213.101
2133,-78.4,213.2
2134,-78.4,213.3
2135,-78.4,213.4
2136,-78.4,213.5
2137,-78.4,213.601
2138,-78.4,213.7
2139,-78.2,213.8
2140,-78.2,213.899
2141,-78.2,214
2142,-78.2,214.101
2143,-78.2,214.2
2144,-78.2,214.3
2145,-78.2,214.401
2146,-78.2,214.5
2147,-78.2,214.601
2148,-78.2,214.7
2149,-78.2,214.802
2150,-78.2,214.901
2151,-78,215
2152,-78,215.104
2153,-78,215.2
2154,-78,215.302
2155,-78,215.399
2156,-78,215.501
2157,-78,215.603
2158,-78,215.701
2159,-78,215.8
2160,-78,215.9
2161,-77.8,216.004
2162,-77.8,216.102
2163,-77.8,216.2
2164,-77.8,216.299
2165,-77.8,216.41
2166,-77.8,216.507
2167,-77.8,216.601
2168,-77.8,216.701
2169,-77.8,216.8
2170,-77.8,216.899
2171,-77.8,217
2172,-77.8,217.102
2173,-77.8,217.201
2174,-77.8,217.299
2175,-77.8,217.401
2176,-77.8,217.501
2177,-77.6,217.6
2178,-77.6,217.7
2179,-77.6,217.8
2180,-77.6,217.901
2181,-77.6,217.999
2182,-77.6,218.101
2183,-77.6,218.202
2184,-77.6,218.3
2185,-77.6,218.4
2186,-77.6,218.502
2187,-77.6,218.599
2188,-77.6,218.7
2189,-77.6,218.802
2190,-77.6,218.9
2191,-77.6,219.003
2192,-77.6,219.105
2193,-77.4,219.2
2194,-77.4,219.299
2195,-77.4,219.4
2196,-77.4,219.499
2197,-77.4,219.602
2198,-77.4,219.7
2199,-77.4,219.8
2200,-77.4,219.9
2201,-77.4,219.999
2202,-77.4,220.101
2203,-77.4,220.199
2204,-77.4,220.299
2205,-77.4,220.399
2206,-77.4,220.499
2207,-77.4,220.601
2208,-77.2,220.7
2209,-77.2,220.799
2210,-77.2,220.902
2211,-77.2,221.004
2212,-77.2,221.103
2213,-77.2,221.209
2214,-77.2,221.3
2215,-77.2,221.4
2216,-77.2,221.499
2217,-77.2,221.601
2218,-77.2,221.699
2219,-77.2,221.8
2220,-77.2,221.91
2221,-77.2,222.002
2222,-77,222.1
2223,-77,222.2
2224,-77,222.3
2225,-77,222.4
2226,-77,222.502
2227,-77,222.601
2228,-77,222.7
2229,-77,222.801
2230,-77,222.9
2231,-77,223
2232,-77,223.1
2233,-77,223.201
2234,-77,223.301
2235,-77,223.4
2236,-76.8,223.5
2237,-76.8,223.602
2238,-76.8,223.7
2239,-76.8,223.801
2240,-76.8,223.9
2241,-76.8,224
2242,-76.8,224.1
2243,-76.8,224.2
2244,-76.8,224.302
2245,-76.8,224.401
2246,-76.8,224.501
2247,-76.8,224.6
2248,-76.8,224.7
2249,-76.8,224.8
2250,-76.8,224.901
2251,-76.6,225
2252,-76.6,225.101
2253,-76.6,225.199
2254,-76.6,225.301
2255,-76.6,225.4
2256,-76.6,225.501
2257,-76.6,225.601
2258,-76.6,225.701
2259,-76.6,225.8
2260,-76.6,225.901
2261,-76.6,225.999
2262,-76.6,226.101
2263,-76.6,226.201
2264,-76.6,226.301
2265,-76.6,226.4
2266,-76.6,226.5
2267,-76.6,226.6
2268,-76.4,226.704
2269,-76.4,226.8
2270,-76.4,226.9
2271,-76.4,227
2272,-76.4,227.102
2273,-76.4,227.199
2274,-76.4,227.3
2275,-76.4,227.4
2276,-76.4,227.499
2277,-76.4,227.604
2278,-76.4,227.701
2279,-76.4,227.8
2280,-76.4,227.901
2281,-76.4,228.001
2282,-76.4,228.1
2283,-76.4,228.201
2284,-76.4,228.3
2285,-76.2,228.399
2286,-76.2,228.501
2287,-76.2,228.599
2288,-76.2,228.7
2289,-76.2,228.799
2290,-76.2,228.902
2291,-76.2,229.001
2292,-76.2,229.1
2293,-76.2,229.201
2294,-76.2,229.299
2295,-76.2,229.4
2296,-76.2,229.499
2297,-76.2,229.601
2298,-76.2,229.701
2299,-76.2,229.801
2300,-76.2,229.901
2301,-76,230.001
2302,-76,230.102
2303,-76,230.2
2304,-76,230.3
2305,-76,230.401
2306,-76,230.499
2307,-76,230.6
2308,-76,230.7
2309,-76,230.801
2310,-76,230.9
2311,-76,231
2312,-76,231.101
2313,-76,231.199
2314,-76,231.301
2315,-76,231.399
2316,-76,231.5
2317,-76,231.601
2318,-75.8,231.701
2319,-75.8,231.801
2320,-75.8,231.9
2321,-75.8,231.999
2322,-75.8,232.101
2323,-75.8,232.2
2324,-75.8,232.3
2325,-75.8,232.402
2326,-75.8,232.507
2327,-75.8,232.603
2328,-75.8,232.703
2329,-75.8,232.801
2330,-75.8,232.91
2331,-75.8,233.001
2332,-75.8,233.101
2333,-75.8,233.201
2334,-75.8,233.3
2335,-75.8,233.4
2336,-75.8,233.499
2337,-75.6,233.602
2338,-75.6,233.7
2339,-75.6,233.8
2340,-75.6,233.9
2341,-75.6,234
2342,-75.6,234.1
2343,-75.6,234.2
2344,-75.6,234.3
2345,-75.6,234.399
2346,-75.6,234.5
2347,-75.6,234.601
2348,-75.6,234.7
2349,-75.6,234.8
2350,-75.6,234.9
2351,-75.6,235
2352,-74.4,235.101
2353,-69.6,235.199
2354,-63.4,235.299
2355,-56.4,235.4
2356,-50.6,235.502
2357,-50.6,235.602
2358,-47.4,235.702
2359,-46.6,235.8
2360,-46.6,235.901
2361,-47,235.999
2362,-47.2,236.101
2363,-47.2,236.2
2364,-47.4,236.3
2365,-47.6,236.4
2366,-48,236.5
2367,-48,236.601
2368,-48,236.699
2369,-48.2,236.799
2370,-48.4,236.899
2371,-48.6,237
2372,-48.6,237.101
2373,-48.8,237.199
2374,-48.8,237.3
2375,-48.8,237.4
2376,-49,237.5
2377,-49,237.637
2378,-49.2,237.7
2379,-49.2,237.8
2380,-49.2,237.9
2381,-49.2,238.001
2382,-49.4,238.1
2383,-49.4,238.206
2384,-49.4,238.3
2385,-49.6,238.399
2386,-49.6,238.5
2387,-49.6,238.601
2388,-49.6,238.7
2389,-49.6,238.8
2390,-49.8,238.9
2391,-49.8,239
2392,-49.8,239.1
2393,-49.8,239.199
2394,-49.8,239.299
2395,-50,239.4
2396,-50,239.5
2397,-50,239.601
2398,-50,239.7
2399,-50,239.8
2400,-50,239.903
2401,-50,240
2402,-50.2,240.101
2403,-50.2,240.199
2404,-50.2,240.299
2405,-50.2,240.4
2406,-50.2,240.5
2407,-50.2,240.601
2408,-50.2,240.7
2409,-50.2,240.802
2410,-50.2,240.902
2411,-50.4,241
2412,-50.4,241.101
2413,-50.4,241.204
2414,-50.4,241.305
2415,-50.4,241.401
2416,-50.4,241.506
2417,-50.4,241.601
2418,-50.4,241.706
2419,-50.6,241.812
2420,-50.6,241.914
2421,-50.6,242.005
2422,-50.6,242.108
2423,-50.6,242.202
2424,-50.6,242.301
2425,-50.6,242.415
2426,-50.6,242.501
2427,-50.6,242.605
2428,-50.6,242.704
2429,-50.6,242.802
2430,-50.6,242.899
2431,-50.8,243.011
2432,-50.8,243.114
2433,-50.8,243.201
2434,-50.8,243.3
2435,-50.8,243.4
2436,-50.8,243.5
2437,-50.8,243.602
2438,-50.8,243.7
2439,-50.8,243.799
2440,-50.8,243.9
2441,-50.8,244
2442,-50.8,244.101
2443,-51,244.2
2444,-51,244.3
2445,-51,244.4
2446,-51,244.501
2447,-51,244.6
2448,-51,244.7
2449,-51,244.801
2450,-51,244.901
2451,-51,245.001
2452,-51,245.1
2453,-51,245.2
2454,-51,245.3
2455,-51,245.4
2456,-51,245.5
2457,-51,245.601
2458,-51,245.7
2459,-51,245.8
2460,-51,245.9
2461,-51,246
2462,-51,246.101
2463,-51,246.2
2464,-51.2,246.3
2465,-51.2,246.4
2466,-51.2,246.5
2467,-51.2,246.601
2468,-51.2,246.7
2469,-51.2,246.801
2470,-51.2,246.9
2471,-51.2,247
2472,-51.2,247.101
2473,-51.2,247.2
2474,-51.2,247.3
2475,-51.2,247.4
2476,-51.2,247.5
2477,-51.2,247.601
2478,-51.2,247.702
2479,-51.2,247.8
2480,-51.2,247.9
2481,-51.2,248.004
2482,-51.2,248.102
2483,-51.2,248.2
2484,-51.2,248.302
2485,-51.2,248.4
2486,-51.2,248.5
2487,-51.2,248.601
2488,-51.2,248.701
2489,-51.2,248.8
2490,-51.2,248.9
2491,-51.2,249
2492,-51.4,249.102
2493,-51.4,249.201
2494,-51.4,249.301
2495,-51.4,249.4
2496,-51.4,249.501
2497,-51.4,249.601
2498,-51.4,249.7
2499,-51.4,249.8
2500,-51.4,249.9
2501,-51.4,250.001
2502,-51.4,250.1
2503,-51.4,250.2
2504,-51.4,250.3
2505,-51.4,250.402
2506,-51.4,250.501
2507,-51.4,250.6
2508,-51.4,250.701
2509,-51.4,250.8
2510,-51.4,250.901
2511,-51.4,251.002
2512,-51.4,251.101
2513,-51.4,251.201
2514,-51.4,251.301
2515,-51.4,251.401
2516,-51.4,251.5
2517,-51.4,251.602
2518,-51.4,251.7
2519,-51.4,251.8
2520,-51.4,251.901
2521,-51.4,252
2522,-51.4,252.101
2523,-51.4,252.201
2524,-51.4,252.3
2525,-51.4,252.4
2526,-51.6,252.5
2527,-51.6,252.601
2528,-51.6,252.701
2529,-51.6,252.8
2530,-51.6,252.901
2531,-51.6,253.001
2532,-51.6,253.1
2533,-51.6,253.2
2534,-51.6,253.301
2535,-51.6,253.401
2536,-51.6,253.502
2537,-51.6,253.6
2538,-51.6,253.7
2539,-51.6,253.8
2540,-51.6,253.902
2541,-51.6,254.002
2542,-51.6,254.102
2543,-51.6,254.2
2544,-51.6,254.3
2545,-51.6,254.4
2546,-51.6,254.5
2547,-51.6,254.602
2548,-51.6,254.702
2549,-51.6,254.8
2550,-51.6,254.9
2551,-51.6,255
2552,-51.6,255.101
2553,-51.6,255.201
2554,-51.6,255.3
2555,-51.6,255.4
2556,-51.6,255.5
2557,-51.6,255.602
2558,-51.6,255.702
2559,-51.6,255.8
2560,-51.6,255.899
2561,-51.6,256
2562,-51.6,256.101
2563,-51.6,256.2
2564,-51.6,256.306
2565,-51.6,256.401
2566,-51.6,256.5
2567,-51.6,256.602
2568,-51.6,256.7
2569,-51.6,256.801
2570,-51.6,256.899
2571,-51.6,257
2572,-51.6,257.101
2573,-51.6,257.2
2574,-51.6,257.299
2575,-51.6,257.4
2576,-51.8,257.5
2577,-51.8,257.601
2578,-51.8,257.7
2579,-51.8,257.8
2580,-51.8,257.9
2581,-51.8,258
2582,-51.8,258.101
2583,-51.8,258.2
2584,-51.8,258.3
2585,-51.8,258.4
2586,-51.8,258.5
2587,-51.8,258.601
2588,-51.8,258.701
2589,-51.8,258.8
2590,-51.8,258.901
2591,-51.8,259.001
2592,-51.8,259.101
2593,-51.8,259.201
2594,-51.8,259.3
2595,-51.8,259.4
2596,-51.8,259.501
2597,-51.8,259.6
2598,-51.8,259.7
2599,-51.8,259.8
2600,-51.8,259.901
2601,-51.8,260
2602,-51.8,260.102
2603,-51.8,260.2
2604,-51.8,260.3
2605,-51.8,260.399
2606,-51.8,260.5
2607,-51.8,260.601
2608,-51.8,260.7
2609,-51.8,260.8
2610,-51.8,260.899
2611,-51.8,261
2612,-51.8,261.101
2613,-51.8,261.201
2614,-51.8,261.299
2615,-51.8,261.4
2616,-51.8,261.5
2617,-51.8,261.601
2618,-51.8,261.7
2619,-51.8,261.799
2620,-51.8,261.9
2621,-51.8,262
2622,-51.8,262.101
2623,-51.8,262.2
2624,-51.8,262.3
2625,-51.8,262.403
2626,-51.8,262.502
2627,-51.8,262.601
2628,-51.8,262.7
2629,-51.8,262.8
2630,-51.8,262.9
2631,-51.8,263
2632,-51.8,263.101
2633,-51.8,263.2
2634,-51.8,263.3
2635,-51.8,263.4
2636,-51.8,263.5
2637,-51.8,263.601
2638,-51.8,263.7
2639,-51.8,263.801
2640,-51.8,263.901
2641,-51.8,264
2642,-51.8,264.101
2643,-51.8,264.201
2644,-51.8,264.3
2645,-51.8,264.4
2646,-51.8,264.5
2647,-51.8,264.601
2648,-51.8,264.7
2649,-51.8,264.8
2650,-51.8,264.9
2651,-51.8,265
2652,-51.8,265.101
2653,-51.8,265.2
2654,-51.8,265.3
2655,-51.8,265.4
2656,-51.8,265.5
2657,-51.8,265.6
2658,-51.8,265.7
2659,-51.8,265.8
2660,-51.8,265.899
2661,-51.8,266
2662,-51.8,266.101
2663,-51.8,266.2
2664,-51.8,266.3
2665,-51.8,266.402
2666,-51.8,266.501
2667,-51.8,266.601
2668,-51.8,266.701
2669,-51.8,266.801
2670,-51.8,266.9
2671,-51.8,267
2672,-51.8,267.101
2673,-51.8,267.2
2674,-51.8,267.3
2675,-51.8,267.401
2676,-52,267.5
2677,-51.8,267.601
2678,-51.8,267.701
2679,-51.8,267.8
2680,-52,267.9
2681,-52,268.001
2682,-52,268.101
2683,-52,268.201
2684,-52,268.301
2685,-52,268.401
2686,-52,268.5
2687,-52,268.601
2688,-52,268.7
2689,-52,268.801
2690,-52,268.9
2691,-52,269
2692,-52,269.102
2693,-52,269.201
2694,-52,269.3
2695,-52,269.401
2696,-52,269.501
2697,-52,269.601
2698,-52,269.702
2699,-52,269.802
2700,-52,269.901
2701,-52,270
2702,-52,270.101
2703,-52,270.2
2704,-52,270.3
2705,-52,270.401
2706,-52,270.5
2707,-52,270.601
2708,-52,270.701
2709,-52,270.8
2710,-52,270.9
2711,-52,271
2712,-52,271.102
2713,-52,271.201
2714,-52,271.3
2715,-52,271.4
2716,-52,271.5
2717,-52,271.62
2718,-52,271.702
2719,-52,271.801
2720,-52,271.9
2721,-52,272
2722,-52,272.101
2723,-52,272.2
2724,-52,272.3
2725,-52,272.401
2726,-52,272.5
2727,-52,272.601
2728,-52,272.7
2729,-52,272.8
2730,-52,272.9
2731,-52,273
2732,-52,273.101
2733,-52,273.2
2734,-52,273.3
2735,-52,
2767,-52,276.6
2768,-52,276.699
2769,-52,276.8
2770,-52,276.9
2771,-52,277.011
2772,-52,277.101
2773,-52,277.2
2774,-52,277.3
2775,-52,277.4
2776,-52,277.5
2777,-52,277.602
2778,-52,277.7
2779,-52,277.8
2780,-52,277.9
2781,-52,278
2782,-52,278.101
2783,-52,278.2
2784,-52,278.3
2785,-52,278.4
2786,-52,278.5
2787,-52,278.6
2788,-52,278.7
2789,-52,278.8
2790,-52,278.9
2791,-52,279
2792,-51,279.101
2793,-51,279.2
2794,-46.6,279.3
2795,-39.8,279.4
2796,-35.6,279.5
2797,-34,279.601
2798,-33.2,279.7
2799,-33.2,279.8
2800,-32,279.9
2801,-31.6,280
2802,-31.8,280.101
2803,-32,280.2
2804,-32,280.3
2805,-32.2,280.4
2806,-32.4,280.5
2807,-32.6,280.606
2808,-32.8,280.701
2809,-33,280.8
2810,-33,280.9
2811,-33,281
2812,-33.2,281.101
2813,-33.2,281.2
2814,-33.4,281.3
2815,-33.4,281.4
2816,-33.4,281.5
2817,-33.6,281.601
2818,-33.6,281.7
2819,-33.8,281.8
2820,-33.8,281.9
2821,-33.8,282.001
2822,-33.8,282.099
2823,-34,282.2
2824,-34,282.3
2825,-34,282.4
2826,-34,282.528
2827,-34.2,282.607
2828,-34.2,282.702
2829,-34.2,282.802
2830,-34.2,282.901
2831,-34.2,283.001
2832,-34.4,283.101
2833,-34.4,283.205
2834,-34.4,283.302
2835,-34.4,283.401
2836,-34.4,283.501
2837,-34.4,283.602
2838,-34.6,283.701
2839,-34.6,283.801
2840,-34.6,283.901
2841,-34.6,284.001
2842,-34.6,284.103
2843,-34.6,284.202
2844,-34.8,284.301
2845,-34.8,284.4
2846,-34.8,284.501
2847,-34.8,284.603
2848,-34.8,284.7
2849,-34.8,284.801
2850,-34.8,284.9
2851,-34.8,285
2852,-34.8,285.103
2853,-35,285.201
2854,-35,285.301
2855,-35,285.401
2856,-35,285.501
2857,-35,285.6
2858,-35,285.702
2859,-35,285.801
2860,-35,285.906
2861,-35,286.003
2862,-35,286.1
2863,-35,286.2
2864,-35.2,286.3
2865,-35.2,286.4
2866,-35.2,286.502
2867,-35.2,286.6
2868,-35.2,286.699
2869,-35.2,286.8
2870,-35.2,286.902
2871,-35.2,287
2872,-35.2,287.102
2873,-35.2,287.2
2874,-35.2,287.3
2875,-35.4,287.4
2876,-35.4,287.5
2877,-35.4,287.602
2878,-35.4,287.701
2879,-35.4,287.8
2880,-35.4,287.9
2881,-35.4,288
2882,-35.4,288.102
2883,-35.4,288.2
2884,-35.4,288.3
2885,-35.4,288.4
2886,-35.4,288.502
2887,-35.4,288.602
2888,-35.4,288.701
2889,-35.4,288.801
2890,-35.6,288.901
2891,-35.6,289
2892,-35.6,289.101
2893,-35.6,289.2
2894,-35.6,289.304
2895,-35.6,289.41
2896,-35.6,289.509
2897,-35.6,289.608
2898,-35.6,289.709
2899,-35.6,289.812
2900,-35.6,289.907
2901,-35.6,290.009
2902,-35.6,290.101
2903,-35.6,290.2
2904,-35.6,290.301
2905,-35.6,290.4
2906,-35.6,290.5
2907,-35.8,290.602
2908,-35.8,290.7
2909,-35.8,290.8
2910,-35.8,290.9
2911,-35.8,291
2912,-35.8,291.1
2913,-35.8,291.2
2914,-35.8,291.3
2915,-35.8,291.399
2916,-35.8,291.499
2917,-35.8,291.6
2918,-35.8,291.7
2919,-35.8,291.8
2920,-35.8,291.899
2921,-35.8,291.999
2922,-35.8,292.101
2923,-35.8,292.201
2924,-35.8,292.3
2925,-35.8,292.4
2926,-36,292.499
2927,-36,292.6
2928,-36,292.701
2929,-36,292.8
2930,-36,292.9
2931,-36,293
2932,-36,293.101
2933,-36,293.2
2934,-36,293.299
2935,-36,293.4
2936,-36,293.501
2937,-36,293.599
2938,-36,293.701
2939,-36,293.8
2940,-36,293.9
2941,-36,293.999
2942,-36,294.101
2943,-36,294.199
2944,-36,294.299
2945,-36,294.401
2946,-36,294.499
2947,-36,294.601
2948,-36,294.703
2949,-36,294.802
2950,-36,294.9
2951,-36,295.001
2952,-36,295.105
2953,-36,295.202
2954,-36.2,295.309
2955,-36.2,295.409
2956,-36.2,295.501
2957,-36.2,295.604
2958,-36.2,295.701
2959,-36.2,295.799
2960,-36.2,295.899
2961,-36.2,296
2962,-36.2,296.108
2963,-36.2,296.201
2964,-36.2,296.3
2965,-36.2,296.4
2966,-36.2,296.502
2967,-36.2,296.6
2968,-36.2,296.702
2969,-36.2,296.8
2970,-36.2,296.9
2971,-36.2,297.002
2972,-36.2,297.101
2973,-36.2,297.2
2974,-36.2,297.307
2975,-36.2,297.401
2976,-36.2,297.499
2977,-36.2,297.6
2978,-36.2,297.7
2979,-36.2,297.801
2980,-36.4,297.899
2981,-36.2,298
2982,-36.2,298.1
2983,-36.2,298.2
2984,-36.4,298.3
2985,-36.4,298.399
2986,-36.4,298.501
2987,-36.4,298.6
2988,-36.4,298.7
2989,-36.4,298.799
2990,-36.4,298.904
2991,-36.4,299.001
2992,-36.4,299.1
2993,-36.4,299.199
2994,-36.4,299.302
2995,-36.4,299.4
2996,-36.4,299.506
2997,-36.4,299.601
2998,-36.4,299.7
2999,-36.4,299.829
3000,-36.4,299.902
3001,-36.4,299.999
3002,-36.4,300.101
3003,-36.4,300.2
3004,-36.4,300.302
3005,-36.4,300.399
3006,-36.4,300.5
3007,-36.4,300.601
3008,-36.4,300.701
3009,-36.4,300.8
3010,-36.4,300.9
3011,-36.4,301
3012,-36.4,301.1
3013,-36.4,301.2
3014,-36.4,301.301
3015,-36.4,301.399
3016,-36.4,301.5
3017,-36.4,301.601
3018,-36.4,301.702
3019,-36.4,301.799
3020,-36.4,301.901
3021,-36.4,302
3022,-36.6,302.1
3023,-36.6,302.199
3024,-36.6,302.31
3025,-36.6,302.401
3026,-36.6,302.5
3027,-36.6,302.603
3028,-36.6,302.7
3029,-36.6,302.799
3030,-36.6,302.9
3031,-36.6,302.999
3032,-36.6,303.101
3033,-36.6,303.199
3034,-36.6,303.3
3035,-36.6,303.399
3036,-36.6,303.499
3037,-36.6,303.601
3038,-36.6,303.7
3039,-36.6,303.799
3040,-36.6,303.901
3041,-36.6,303.999
3042,-36.6,304.101
3043,-36.6,304.201
3044,-36.6,304.301
3045,-36.6,304.399
3046,-36.6,304.5
3047,-36.6,304.6
3048,-36.6,304.699
3049,-36.6,304.8
3050,-36.6,304.904
3051,-36.6,305.001
3052,-36.6,305.1
3053,-36.6,305.2
3054,-36.6,305.3
3055,-36.6,305.399
3056,-36.6,305.502
3057,-36.6,305.599
3058,-36.6,305.699
3059,-36.6,305.801
3060,-36.6,305.899
3061,-36.6,305.999
3062,-36.6,306.104
3063,-36.6,306.2
3064,-36.6,306.299
3065,-36.6,306.4
3066,-36.6,306.5
3067,-36.6,306.601
3068,-36.6,306.7
3069,-36.6,306.801
3070,-36.6,306.9
3071,-36.6,307.001
3072,-36.6,307.1
3073,-36.8,307.2
3074,-36.8,307.3
3075,-36.8,307.401
3076,-36.8,307.5
3077,-36.8,307.602
3078,-36.8,307.7
3079,-36.8,307.801
3080,-36.8,307.903
3081,-36.8,308
3082,-36.8,308.102
3083,-36.8,308.201
3084,-36.8,308.299
3085,-36.8,308.4
3086,-36.8,308.5
3087,-36.8,308.6
3088,-36.8,308.7
3089,-36.8,308.803
3090,-36.8,308.907
3091,-36.8,309.004
3092,-36.8,309.103
3093,-36.8,309.201
3094,-36.8,309.3
3095,-36.8,309.427
3096,-36.8,309.509
3097,-36.8,309.602
3098,-36.8,309.701
3099,-36.8,309.801
3100,-36.8,309.9
3101,-36.8,310
3102,-36.8,310.101
3103,-36.8,310.2
3104,-36.8,310.3
3105,-36.8,310.4
3106,-36.8,310.5
3107,-36.8,310.6
3108,-36.8,310.7
3109,-36.8,310.8
3110,-36.8,310.9
3111,-36.8,311
3112,-36.8,311.1
3113,-36.8,311.199
3114,-36.8,311.3
3115,-36.8,311.4
3116,-36.8,311.5
3117,-36.8,311.601
3118,-36.8,311.699
3119,-36.8,311.8
3120,-36.8,311.9
3121,-36.8,312
3122,-36.8,312.101
3123,-36.8,312.202
3124,-36.8,312.301
3125,-36.8,312.4
3126,-36.8,312.499
3127,-36.8,312.601
3128,-36.8,312.699
3129,-36.8,312.799
3130,-36.8,312.9
3131,-36.8,313
3132,-36.8,313.1
3133,-36.8,313.2
3134,-37,313.299
3135,-37,313.4
3136,-36.8,313.499
3137,-37,313.601
3138,-37,313.7
3139,-36.8,313.8
3140,-37,313.9
3141,-37,314.002
3142,-37,314.101
3143,-37,314.201
3144,-37,314.3
3145,-37,314.401
3146,-37,314.5
3147,-37,314.601
3148,-37,314.7
3149,-37,314.8
3150,-37,314.9
3151,-37,315
3152,-37,315.102
3153,-37,315.201
3154,-37,315.3
3155,-37,315.401
3156,-37,315.5
3157,-37,315.602
3158,-37,315.701
3159,-37,315.8
3160,-37,315.9
3161,-37,316
3162,-37,316.102
3163,-37,316.202
3164,-37,316.3
3165,-37,316.405
3166,-37,316.501
3167,-37,316.599
3168,-37,316.703
3169,-37,316.801
3170,-37,316.901
3171,-37,317
3172,-37,317.103
3173,-37,317.204
3174,-37,317.302
3175,-37,317.4
3176,-37,317.502
3177,-37,317.601
3178,-37,317.7
3179,-37,317.8
3180,-37,317.901
3181,-37,318
3182,-37,318.101
3183,-37,318.2
3184,-37,318.3
3185,-37,318.402
3186,-37,318.5
3187,-37,318.602
3188,-37,318.701
3189,-37,318.799
3190,-37,318.901
3191,-37,319
3192,-37,319.101
3193,-37,319.2
3194,-37,319.3
3195,-37,319.399
3196,-37,319.5
3197,-37,319.602
3198,-37,319.701
3199,-37,319.8
3200,-37,319.901
3201,-37,320
3202,-37,320.101
3203,-37,320.2
3204,-37,320.299
3205,-37,320.4
3206,-37,320.5
3207,-37,320.602
3208,-37,320.7
3209,-37,320.8
3210,-37,320.899
3211,-37,320.999
3212,-37,321.105
3213,-37,321.201
3214,-37,321.3
3215,-37,321.401
3216,-37,321.499
3217,-37,321.601
3218,-37,321.7
3219,-37,321.8
3220,-37,321.9
3221,-37,322
3222,-37,322.1
3223,-37,322.2
3224,-37,322.302
3225,-37.2,322.401
3226,-37.2,322.501
3227,-37.2,322.601
3228,-37.2,322.7
3229,-37.2,322.8
3230,-37.2,322.902
3231,-37.2,323.001
3232,-37.2,323.1
3233,-37.2,323.2
3234,-37.2,323.302
3235,-37.2,323.401
3236,-37.2,323.5
3237,-37.2,323.602
3238,-37.2,323.701
3239,-37.2,323.8
3240,-37.2,323.901
3241,-37.2,324
3242,-37.2,324.102
3243,-37.2,324.201
3244,-37.2,324.299
3245,-37.2,324.402
3246,-37.2,324.501
3247,-37.2,324.604
3248,-37.2,324.704
3249,-37.2,324.802
3250,-37.2,324.934
3251,-37.2,325.001
3252,-37.2,325.1
3253,-37.2,325.2
3254,-37.2,325.3
3255,-37.2,325.401
3256,-37.2,325.5
3257,-37.2,325.6
3258,-37.2,325.7
3259,-37.2,325.8
3260,-37.2,325.9
3261,-37.2,326
3262,-37.2,326.1
3263,-37.2,326.2
3264,-37.2,326.3
3265,-36,326.4
3266,-31.4,326.5
3267,-25,326.601
3268,-20.2,326.699
3269,-20.2,326.8
3270,-18,326.9
3271,-17.2,327.001
3272,-17,327.1
3273,-17.2,327.205
3274,-17.4,327.3
3275,-17.4,327.4
3276,-17.6,327.5
3277,-17.8,327.601
3278,-18,327.7
3279,-18.2,327.799
3280,-18.2,327.9
3281,-18.4,328
3282,-18.6,328.101
3283,-18.8,328.2
3284,-18.8,328.3
3285,-19,328.4
3286,-19,328.499
3287,-19,328.601
3288,-19.2,328.7
3289,-19.2,328.8
3290,-19.2,328.9
3291,-19.4,328.999
3292,-19.4,329.101
3293,-19.4,329.2
3294,-19.6,329.299
3295,-19.6,329.4
3296,-19.6,329.501
3297,-19.6,329.6
3298,-19.8,329.702
3299,-19.8,329.804
3300,-19.8,329.901
3301,-19.8,330
3302,-20,330.1
3303,-20,330.2
3304,-20,330.3
3305,-20,330.4
3306,-20,330.5
3307,-20.2,330.601
3308,-20.2,330.699
3309,-20.2,330.8
3310,-20.2,330.9
3311,-20.2,331
3312,-20.2,331.101
3313,-20.2,331.202
3314,-20.4,331.3
3315,-20.4,331.4
3316,-20.4,331.5
3317,-20.4,331.601
3318,-20.4,331.7
3319,-20.4,331.8
3320,-20.4,331.9
3321,-20.4,332
3322,-20.6,332.102
3323,-20.6,332.203
3324,-20.6,332.302
3325,-20.6,332.399
3326,-20.6,332.501
3327,-20.6,332.6
3328,-20.8,332.701
3329,-20.8,332.8
3330,-20.8,332.9
3331,-20.8,333.001
3332,-20.8,333.101
3333,-20.8,333.201
3334,-20.8,333.3
3335,-20.8,333.401
3336,-20.8,333.499
3337,-20.8,333.601
3338,-20.8,333.7
3339,-21,333.801
3340,-21,333.901
3341,-21,334
3342,-21,334.101
3343,-21,334.199
3344,-21,334.302
3345,-21,334.399
3346,-21,334.499
3347,-21,334.601
3348,-21,334.7
3349,-21,334.799
3350,-21.2,334.899
3351,-21.2,334.999
3352,-21.2,335.101
3353,-21.2,335.202
3354,-21.2,335.299
3355,-21.2,335.4
3356,-21.2,335.5
3357,-21.2,335.601
3358,-21.2,335.7
3359,-21.2,335.799
3360,-21.2,335.9
3361,-21.2,335.999
3362,-21.2,336.101
3363,-21.2,336.2
3364,-21.2,336.3
3365,-21.4,336.399
3366,-21.4,336.5
3367,-21.4,336.601
3368,-21.4,336.7
3369,-21.4,336.801
3370,-21.4,336.9
3371,-21.4,337
3372,-21.4,337.101
3373,-21.4,337.2
3374,-21.4,337.3
3375,-21.4,337.399
3376,-21.4,337.499
3377,-21.4,337.601
3378,-21.4,337.7
3379,-21.4,337.8
3380,-21.4,337.9
3381,-21.6,338
3382,-21.6,338.1
3383,-21.6,338.2
3384,-21.6,338.3
3385,-21.6,338.399
3386,-21.6,338.499
3387,-21.6,338.601
3388,-21.6,338.7
3389,-21.6,338.8
3390,-21.6,338.9
3391,-21.6,339
3392,-21.6,339.102
3393,-21.6,339.2
3394,-21.6,339.3
3395,-21.6,339.399
3396,-21.6,339.499
3397,-21.8,339.602
3398,-21.8,339.703
3399,-21.8,339.816
3400,-21.8,339.904
3401,-21.8,340.001
3402,-21.8,340.1
3403,-21.8,340.201
3404,-21.8,340.302
3405,-21.8,340.402
3406,-21.8,340.506
3407,-21.8,340.601
3408,-21.8,340.703
3409,-21.8,340.802
3410,-21.8,340.9
3411,-21.8,341.003
3412,-21.8,341.1
3413,-21.8,341.2
3414,-21.8,341.3
3415,-21.8,341.4
3416,-21.8,341.5
3417,-21.8,341.602
3418,-21.8,341.699
3419,-21.8,341.802
3420,-21.8,341.9
3421,-22,342.002
3422,-22,342.1
3423,-22,342.2
3424,-22,342.3
3425,-22,342.399
3426,-22,342.51
3427,-22,342.603
3428,-22,342.703
3429,-22,342.8
3430,-22,342.902
3431,-22,343.015
3432,-22,343.111
3433,-22,343.202
3434,-22,343.301
3435,-22,343.399
3436,-22,343.499
3437,-22,343.601
3438,-22,343.699
3439,-22,343.8
3440,-22,343.9
3441,-22,344
3442,-22,344.101
3443,-22,344.2
3444,-22,344.3
3445,-22,344.4
3446,-22,344.499
3447,-22.2,344.601
3448,-22.2,344.7
3449,-22.2,344.8
3450,-22.2,344.899
3451,-22.2,345
3452,-22.2,345.101
3453,-22.2,345.199
3454,-22.2,345.3
3455,-22.2,345.4
3456,-22.2,345.499
3457,-22.2,345.6
3458,-22.2,345.7
3459,-22.2,345.8
3460,-22.2,345.9
3461,-22.2,346
3462,-22.2,346.1
3463,-22.2,346.202
3464,-22.2,346.302
3465,-22.2,346.4
3466,-22.2,346.499
3467,-22.2,346.603
3468,-22.2,346.701
3469,-22.2,346.8
3470,-22.2,346.901
3471,-22.2,347.001
3472,-22.2,347.1
3473,-22.2,347.2
3474,-22.2,347.3
3475,-22.2,347.4
3476,-22.2,347.5
3477,-22.2,347.602
3478,-22.2,347.7
3479,-22.2,347.799
3480,-22.2,347.9
3481,-22.2,347.999
3482,-22.2,348.1
3483,-22.2,348.2
3484,-22.2,348.3
3485,-22.2,348.399
3486,-22.2,348.499
3487,-22.4,348.601
3488,-22.2,348.699
3489,-22.2,348.8
3490,-22.4,348.9
3491,-22.4,349
3492,-22.4,349.101
3493,-22.4,349.202
3494,-22.4,349.3
3495,-22.4,349.401
3496,-22.4,349.5
3497,-22.4,349.601
3498,-22.4,349.701
3499,-22.4,349.8
3500,-22.4,349.9
3501,-22.4,350.001
3502,-22.4,350.101
3503,-22.4,350.201
3504,-22.4,350.302
3505,-22.4,350.399
3506,-22.4,350.499
3507,-22.4,350.601
3508,-22.4,350.7
3509,-22.4,350.801
3510,-22.4,350.9
3511,-22.4,350.999
3512,-22.4,351.102
3513,-22.4,351.2
3514,-22.4,351.301
3515,-22.4,351.401
3516,-22.4,351.5
3517,-22.4,351.6
3518,-22.4,351.699
3519,-22.4,351.8
3520,-22.4,351.9
3521,-22.4,352
3522,-22.4,352.101
3523,-22.4,352.2
3524,-22.4,352.3
3525,-22.6,352.4
3526,-22.6,352.5
3527,-22.4,352.601
3528,-22.6,352.7
3529,-22.6,352.8
3530,-22.6,352.901
3531,-22.6,353
3532,-22.6,353.101
3533,-22.6,353.201
3534,-22.6,353.299
3535,-22.6,353.4
3536,-22.6,353.5
3537,-22.6,353.601
3538,-22.6,353.7
3539,-22.6,353.8
3540,-22.6,353.899
3541,-22.6,354.001
3542,-22.6,354.1
3543,-22.6,354.2
3544,-22.6,354.3
3545,-22.6,354.4
3546,-22.6,354.5
3547,-22.6,354.601
3548,-22.6,354.7
3549,-22.6,354.8
3550,-22.6,354.9
3551,-22.6,355
3552,-22.6,355.101
3553,-22.6,355.2
3554,-22.6,355.3
3555,-22.6,355.4
3556,-22.6,355.499
3557,-22.6,355.601
3558,-22.6,355.7
3559,-22.6,355.8
3560,-22.6,355.9
3561,-22.6,356
3562,-22.6,356.101
3563,-22.6,356.2
3564,-22.6,356.3
3565,-22.6,356.4
3566,-22.6,356.499
3567,-22.6,356.601
3568,-22.8,356.7
3569,-22.8,356.8
3570,-22.8,356.9
3571,-22.8,357.001
3572,-22.8,357.1
3573,-22.8,357.2
3574,-22.8,357.3
3575,-22.8,357.4
3576,-22.8,357.499
3577,-22.8,357.601
3578,-22.8,357.7
3579,-22.8,357.8
3580,-22.8,357.9
3581,-22.8,357.999
3582,-22.8,358.102
3583,-22.8,358.2
3584,-22.8,358.301
3585,-22.8,358.4
3586,-22.8,358.5
3587,-22.8,358.6
3588,-22.8,358.7
3589,-22.8,358.801
3590,-22.8,358.9
3591,-22.8,359.001
3592,-22.8,359.1
3593,-22.8,359.2
3594,-22.8,359.3
3595,-22.8,359.4
3596,-22.8,359.5
3597,-22.8,359.601
3598,-22.8,359.701
3599,-22.8,359.8
3600,-22.8,359.9
3601,-22.8,360.001
3602,-22.8,360.1
3603,-22.8,360.2
3604,-22.8,360.3
3605,-22.8,360.4
3606,-22.8,360.5
3607,-22.8,360.601
3608,-22.8,360.702
3609,-22.8,360.799
3610,-22.8,360.901
3611,-22.8,361
3612,-22.8,361.101
3613,-22.8,361.2
3614,-22.8,361.301
3615,-22.8,361.4
3616,-22.8,361.499
3617,-22.8,361.601
3618,-22.8,361.7
3619,-22.8,361.8
3620,-23,361.9
3621,-22.8,361.999
3622,-22.8,362.101
3623,-23,362.2
3624,-22.8,362.3
3625,-23,362.4
3626,-23,362.5
3627,-23,362.601
3628,-23,362.702
3629,-23,362.8
3630,-23,362.9
3631,-23,363
3632,-23,363.1
3633,-23,363.2
3634,-23,363.3
3635,-23,363.4
3636,-23,363.499
3637,-23,363.601
3638,-23,363.7
3639,-23,363.8
3640,-23,363.9
3641,-23,364
3642,-23,364.102
3643,-23,364.2
3644,-23,364.3
3645,-23,364.402
3646,-23,364.499
3647,-23,364.602
3648,-23,364.7
3649,-23,364.802
3650,-23,364.901
3651,-23,365.002
3652,-23,365.101
3653,-23,365.201
3654,-23,365.301
3655,-23,365.4
3656,-23,365.5
3657,-23,365.601
3658,-23,365.7
3659,-23,365.8
3660,-23,365.901
3661,-23,366
3662,-23,366.1
3663,-23,366.2
3664,-23,366.3
3665,-23,366.401
3666,-23,366.499
3667,-23,366.601
3668,-23,366.7
3669,-23,366.801
3670,-23,366.902
3671,-23,367.001
3672,-23,367.1
3673,-23,367.199
3674,-23,367.302
3675,-23,367.4
3676,-23,367.5
3677,-23,367.601
3678,-23,367.702
3679,-23,367.8
3680,-23,367.9
3681,-23,368
3682,-23,368.101
3683,-21.8,368.2
3684,-19.2,368.3
3685,-14.2,368.401
3686,-14.2,368.5
3687,-9.8,368.605
3688,-7.2,368.701
3689,-5.6,368.8
3690,-4.6,368.9
3691,-3.2,369.001
3692,-3.2,369.1
3693,-1.6,369.201
3694,-0.8,369.3
3695,-0.4,369.401
3696,-0.2,369.5
3697,-0.2,369.601
3698,-0.2,369.7
3699,-0.2,369.801
3700,-0.4,369.901
3701,-0.4,370.001
3702,-0.6,370.101
3703,-0.6,370.201
3704,-0.8,370.3
3705,-0.8,370.4
3706,-1,370.5
3707,-1,370.601
3708,-1.2,370.7
3709,-1.2,370.8
3710,-1.2,370.9
3711,-1.4,371.001
3712,-1.4,371.1
3713,-1.6,371.2
3714,-1.6,371.302
3715,-1.6,371.402
3716,-1.6,371.502
3717,-1.8,371.602
3718,-1.8,371.701
3719,-1.8,371.801
3720,-1.8,371.9
3721,-1.8,372
3722,-2,372.103
3723,-2,372.2
3724,-2,372.299
3725,-2,372.4
3726,-2.2,372.5
3727,-2.2,372.601
3728,-2.2,372.699
3729,-2.2,372.799
3730,-2.2,372.902
3731,-2.4,373
3732,-2.4,373.102
3733,-2.4,373.201
3734,-2.4,373.3
3735,-2.4,373.4
3736,-2.4,373.499
3737,-2.4,373.602
3738,-2.6,373.7
3739,-2.6,373.802
3740,-2.6,373.902
3741,-2.6,374
3742,-2.6,374.101
3743,-2.6,374.2
3744,-2.6,374.3
3745,-2.6,374.4
3746,-2.8,374.5
3747,-2.8,374.601
3748,-2.8,374.7
3749,-2.8,374.8
3750,-2.8,374.9
3751,-2.8,375
3752,-2.8,375.101
3753,-2.8,375.2
3754,-2.8,375.301
3755,-3,375.4
3756,-3,375.504
3757,-3,375.604
3758,-3,375.704
3759,-3,375.803
3760,-3,375.903
3761,-3,376.001
3762,-3,376.1
3763,-3,376.201
3764,-3,376.3
3765,-3,376.4
3766,-3.2,376.5
3767,-3.2,376.602
3768,-3.2,376.703
3769,-3.2,376.8
3770,-3.2,376.901
3771,-3.2,377.001
3772,-3.2,377.1
3773,-3.2,377.199
3774,-3.2,377.301
3775,-3.2,377.4
3776,-3.2,377.499
3777,-3.2,377.601
3778,-3.4,377.7
3779,-3.4,377.8
3780,-3.4,377.9
3781,-3.4,378
3782,-3.4,378.103
3783,-3.4,378.2
3784,-3.4,378.304
3785,-3.4,378.401
3786,-3.4,378.502
3787,-3.4,378.601
3788,-3.4,378.701
3789,-3.4,378.8
3790,-3.4,378.9
3791,-3.4,379
3792,-3.4,379.101
3793,-3.4,379.204
3794,-3.6,379.303
3795,-3.6,379.404
3796,-3.6,379.503
3797,-3.6,379.601
3798,-3.6,379.701
3799,-3.6,379.8
3800,-3.6,379.9
3801,-3.6,380
3802,-3.6,380.1
3803,-3.6,380.203
3804,-3.6,380.3
3805,-3.6,380.402
3806,-3.6,380.504
3807,-3.6,380.602
3808,-3.6,380.7
3809,-3.6,380.801
3810,-3.6,380.9
3811,-3.6,381
3812,-3.8,381.101
3813,-3.8,381.2
3814,-3.8,381.3
3815,-3.8,381.401
3816,-3.8,381.5
3817,-3.8,381.601
3818,-3.8,381.703
3819,-3.8,381.8
3820,-3.8,381.9
3821,-3.8,382
3822,-3.8,382.101
3823,-3.8,382.199
3824,-3.8,382.3
3825,-3.8,382.399
3826,-3.8,382.5
3827,-3.8,382.601
3828,-3.8,382.703
3829,-3.8,382.8
3830,-3.8,382.9
3831,-3.8,383
3832,-3.8,383.1
3833,-4,383.2
3834,-4,383.302
3835,-4,383.4
3836,-4,383.501
3837,-4,383.6
3838,-4,383.7
3839,-4,383.8
3840,-4,383.9
3841,-4,384
3842,-4,384.102
3843,-4,384.2
3844,-4,384.3
3845,-4,384.399
3846,-4,384.501
3847,-4,384.6
3848,-4,384.701
3849,-4,384.8
3850,-4,384.9
3851,-4,385
3852,-4,385.101
3853,-4,385.2
3854,-4,385.301
3855,-4,385.399
3856,-4,385.5
3857,-4,385.601
3858,-4.2,385.699
3859,-4.2,385.799
3860,-4.2,385.9
3861,-4.2,386.001
3862,-4.2,386.1
3863,-4.2,386.201
3864,-4.2,386.3
3865,-4.2,386.4
3866,-4.2,386.5
3867,-4.2,386.601
3868,-4.2,386.7
3869,-4.2,386.8
3870,-4.2,386.9
3871,-4.2,387
3872,-4.2,387.102
3873,-4.2,387.202
3874,-4.2,387.3
3875,-4.2,387.4
3876,-4.2,387.5
3877,-4.2,387.602
3878,-4.2,387.7
3879,-4.2,387.8
3880,-4.2,387.901
3881,-4.2,388
3882,-4.2,388.101
3883,-4.2,388.2
3884,-4.2,388.3
3885,-4.4,388.401
3886,-4.2,388.5
3887,-4.4,388.603
3888,-4.4,388.7
3889,-4.4,388.8
3890,-4.4,388.901
3891,-4.4,389
3892,-4.4,389.101
3893,-4.4,389.201
3894,-4.4,389.302
3895,-4.4,389.401
3896,-4.4,389.5
3897,-4.4,389.601
3898,-4.4,389.701
3899,-4.4,389.802
3900,-4.4,389.901
3901,-4.4,390.001
3902,-4.4,390.101
3903,-4.4,390.201
3904,-4.4,390.3
3905,-4.4,390.4
3906,-4.4,390.5
3907,-4.4,390.6
3908,-4.4,390.704
3909,-4.4,390.801
3910,-4.4,390.901
3911,-4.4,391
3912,-4.4,391.101
3913,-4.4,391.199
3914,-4.4,391.3
3915,-4.4,391.401
3916,-4.4,391.5
3917,-4.4,391.601
3918,-4.4,391.702
3919,-4.4,391.8
3920,-4.6,391.9
3921,-4.4,392
3922,-4.6,392.101
3923,-4.6,392.2
3924,-4.6,392.3
3925,-4.6,392.4
3926,-4.6,392.5
3927,-4.6,392.601
3928,-4.6,392.7
3929,-4.6,392.8
3930,-4.6,392.9
3931,-4.6,393
3932,-4.6,393.101
3933,-4.6,393.2
3934,-4.6,393.3
3935,-4.6,393.401
3936,-4.6,393.502
3937,-4.6,393.6
3938,-4.6,393.701
3939,-4.6,393.8
3940,-4.6,393.9
3941,-4.6,394
3942,-4.6,394.101
3943,-4.6,394.201
3944,-4.6,394.3
3945,-4.6,394.4
3946,-4.6,394.5
3947,-4.6,394.601
3948,-4.6,394.7
3949,-4.6,394.8
3950,-4.6,394.9
3951,-4.6,395
3952,-4.6,395.1
3953,-4.6,395.2
3954,-4.6,395.299
3955,-4.6,395.4
3956,-4.6,395.501
3957,-4.6,395.599
3958,-4.6,395.7
3959,-4.6,395.8
3960,-4.8,395.901
3961,-4.8,396
3962,-4.8,396.1
3963,-4.6,396.2
3964,-4.6,396.3
3965,-4.6,396.399
3966,-4.8,396.5
3967,-4.8,396.601
3968,-4.8,396.7
3969,-4.8,396.8
3970,-4.8,396.899
3971,-4.8,397
3972,-4.8,397.101
3973,-4.8,397.2
3974,-4.8,397.3
3975,-4.8,397.401
3976,-4.8,397.5
3977,-4.8,397.6
3978,-4.8,397.7
3979,-4.8,397.799
3980,-4.8,397.9
3981,-4.8,398
3982,-4.8,398.1
3983,-4.8,398.199
3984,-4.8,398.299
3985,-4.8,398.4
3986,-4.8,398.501
3987,-4.8,398.6
3988,-4.8,398.7
3989,-4.8,398.799
3990,-4.8,398.9
3991,-4.8,399
3992,-4.8,399.101
3993,-4.8,399.2
3994,-4.8,399.3
3995,-4.8,399.4
3996,-4.8,399.499
3997,-4.8,399.601
3998,-4.8,399.7
3999,-4.8,399.802
4000,-4.8,399.901
4001,-4.8,400.001
4002,-4.8,400.1
4003,-4.8,400.2
4004,-4.8,400.3
4005,-4.8,400.401
4006,-4.8,400.501
4007,-4.8,400.6
4008,-4.8,400.7
4009,-4.8,400.801
4010,-4.8,400.9
4011,-4.8,401
4012,-4.8,401.101
4013,-5,401.2
4014,-5,401.301
4015,-5,401.4
4016,-5,401.501
4017,-5,401.601
4018,-5,401.7
4019,-5,401.8
4020,-5,401.9
4021,-5,402
4022,-5,402.101
4023,-5,402.201
4024,-5,402.3
4025,-5,402.4
4026,-5,402.5
4027,-5,402.601
4028,-5,402.7
4029,-5,402.8
4030,-5,402.9
4031,-5,403
4032,-5,403.101
4033,-5,403.2
4034,-5,403.3
4035,-5,403.4
4036,-5,403.501
4037,-5,403.6
4038,-5,403.7
4039,-5,403.801
4040,-5,403.901
4041,-5,404
4042,-5,404.101
4043,-5,404.201
4044,-5,404.301
4045,-5,404.401
4046,-5,404.502
4047,-5,404.601
4048,-5,404.7
4049,-5,404.8
4050,-5,404.9
4051,-5,405
4052,-5,405.101
4053,-5,405.2
4054,-5,405.3
4055,-5,405.401
4056,-5,405.502
4057,-5,405.6
4058,-5,405.701
4059,-5,405.8
4060,-5,405.901
4061,-5,406
4062,-5,406.101
4063,-5,406.199
4064,-5,406.3
4065,-5,406.4
4066,-5,406.5
4067,-5,406.603
4068,-5,406.702
4069,-5,406.801
4070,-5,406.9
4071,-5,407
4072,-5,407.102
4073,-5,407.202
4074,-5,407.3
4075,-5,407.4
4076,-5,407.501
4077,-5.2,407.601
4078,-5,407.7
4079,-5.2,407.8
4080,-5.2,407.9
4081,-5.2,408.002
4082,-5.2,408.101
4083,-5.2,408.201
4084,-5.2,408.301
4085,-5.2,408.4
4086,-5.2,408.505
4087,-5.2,408.602
4088,-5.2,408.7
4089,-5.2,408.8
4090,-5.2,408.9
4091,-5.2,409
4092,-5.2,409.101
4093,-5.2,409.2
4094,-5.2,409.3
4095,-5.2,409.4
4096,-5.2,409.501
4097,-5.2,409.601
4098,-5.2,409.699
4099,-5.2,409.801
4100,-5.2,409.902
4101,-5.2,410.001
4102,-5.2,410.101
4103,-5.2,410.201
4104,-5.2,410.3
4105,-5.2,410.4
4106,-5.2,410.502
4107,-5.2,410.6
4108,-5.2,410.701
4109,-5.2,410.8
4110,-5.2,410.901
4111,-5.2,411.002
4112,-5.2,411.1
4113,-5.2,411.203
4114,-5.2,411.3
4115,-5.2,411.401
4116,-5.2,411.501
4117,-5.2,411.6
4118,-5.2,411.7
4119,-5.2,411.801
4120,-5.2,411.9
4121,-5.2,412.001
4122,-5.2,412.1
4123,-5.2,412.2
4124,-5.2,412.3
4125,-5.2,412.4
4126,-5.2,412.501
4127,-5.2,412.599
4128,-5.2,412.699
4129,-5.2,412.8
4130,-5.2,412.9
4131,-5.2,412.999
4132,-5.2,413.103
4133,-5.2,413.201
4134,-5.2,413.3
4135,-5.2,413.4
4136,-5.2,413.5
4137,-5.2,413.602
4138,-5.2,413.701
4139,-5.2,413.806
4140,-5.2,413.9
4141,-5.2,414
4142,-5.2,414.101
4143,-5.2,414.201
4144,-5.2,414.3
4145,-5.2,414.399
4146,-5.2,414.5
4147,-5.2,414.602
4148,-5.2,414.7
4149,-5.2,414.8
4150,-5.2,414.9
4151,-5.2,415
4152,-5.2,415.101
4153,-5.4,415.2
4154,-5.2,415.3
4155,-5.4,415.4
4156,-5.4,415.499
4157,-5.4,415.601
4158,-5.4,415.701
4159,-5.4,415.8
4160,-5.4,415.9
4161,-5.4,415.999
4162,-5.4,416.101
4163,-5.4,416.2
4164,-5.4,416.3
4165,-5.4,416.422
4166,-5.4,416.5
4167,-5.4,416.601
4168,-5.4,416.699
4169,-5.4,416.8
4170,-5.4,416.9
4171,-5.4,416.999
4172,-5.4,417.104
4173,-5.4,417.206
4174,-5.4,417.301
4175,-5.4,417.403
4176,-5.4,417.5
4177,-5.4,417.602
4178,-5.4,417.701
4179,-5.4,417.8
4180,-5.4,417.9
4181,-5.4,418
4182,-5.4,418.107
4183,-5.4,418.205
4184,-5.4,418.302
4185,-5.4,418.4
4186,-5.4,418.5
4187,-5.4,418.604
4188,-5.4,418.703
4189,-5.4,418.8
4190,-5.4,418.905
4191,-5.4,419.003
4192,-5.4,419.101
4193,-5.4,419.212
4194,-5.4,419.301
4195,-5.4,419.403
4196,-5.4,419.503
4197,-5.4,419.609
4198,-5.4,419.702
4199,-5.4,419.801
4200,-5.4,419.9